path,view,kind,permission_classes,authentication_classes,throttle_classes,pagination_class,filter_backends,queryset_opt,serializer,http_methods,loc
ops-dashboard-7f3b9c2e/r/<path:content_type_id>/<path:object_id>/,django.contrib.contenttypes.views.shortcut,Django,,,,,,,,,/Users/loki/WorkBuddy/招聘助手/ATS-NEW/apps/django/.venv/lib/python3.14/site-packages/django/contrib/admin/sites.py:9
ops-dashboard-7f3b9c2e/auth/group/<path:object_id>/,django.views.generic.base.RedirectView,Django,,,,,,,,,/Users/loki/WorkBuddy/招聘助手/ATS-NEW/apps/django/.venv/lib/python3.14/site-packages/django/views/generic/base.py:55
ops-dashboard-7f3b9c2e/django_celery_beat/periodictask/,django_celery_beat.admin.changelist_view,Django,,,,,,,,,/Users/loki/WorkBuddy/招聘助手/ATS-NEW/apps/django/.venv/lib/python3.14/site-packages/django/contrib/admin/options.py:162
ops-dashboard-7f3b9c2e/django_celery_beat/periodictask/<path:object_id>/,django.views.generic.base.RedirectView,Django,,,,,,,,,/Users/loki/WorkBuddy/招聘助手/ATS-NEW/apps/django/.venv/lib/python3.14/site-packages/django/views/generic/base.py:55
ops-dashboard-7f3b9c2e/django_celery_beat/clockedschedule/<path:object_id>/,django.views.generic.base.RedirectView,Django,,,,,,,,,/Users/loki/WorkBuddy/招聘助手/ATS-NEW/apps/django/.venv/lib/python3.14/site-packages/django/views/generic/base.py:55
ops-dashboard-7f3b9c2e/django_celery_beat/crontabschedule/<path:object_id>/,django.views.generic.base.RedirectView,Django,,,,,,,,,/Users/loki/WorkBuddy/招聘助手/ATS-NEW/apps/django/.venv/lib/python3.14/site-packages/django/views/generic/base.py:55
ops-dashboard-7f3b9c2e/django_celery_beat/solarschedule/<path:object_id>/,django.views.generic.base.RedirectView,Django,,,,,,,,,/Users/loki/WorkBuddy/招聘助手/ATS-NEW/apps/django/.venv/lib/python3.14/site-packages/django/views/generic/base.py:55
ops-dashboard-7f3b9c2e/django_celery_beat/intervalschedule/<path:object_id>/,django.views.generic.base.RedirectView,Django,,,,,,,,,/Users/loki/WorkBuddy/招聘助手/ATS-NEW/apps/django/.venv/lib/python3.14/site-packages/django/views/generic/base.py:55
ops-dashboard-7f3b9c2e/django_celery_results/taskresult/<path:object_id>/,django.views.generic.base.RedirectView,Django,,,,,,,,,/Users/loki/WorkBuddy/招聘助手/ATS-NEW/apps/django/.venv/lib/python3.14/site-packages/django/views/generic/base.py:55
ops-dashboard-7f3b9c2e/django_celery_results/groupresult/<path:object_id>/,django.views.generic.base.RedirectView,Django,,,,,,,,,/Users/loki/WorkBuddy/招聘助手/ATS-NEW/apps/django/.venv/lib/python3.14/site-packages/django/views/generic/base.py:55
ops-dashboard-7f3b9c2e/token_blacklist/outstandingtoken/<path:object_id>/,django.views.generic.base.RedirectView,Django,,,,,,,,,/Users/loki/WorkBuddy/招聘助手/ATS-NEW/apps/django/.venv/lib/python3.14/site-packages/django/views/generic/base.py:55
ops-dashboard-7f3b9c2e/token_blacklist/blacklistedtoken/<path:object_id>/,django.views.generic.base.RedirectView,Django,,,,,,,,,/Users/loki/WorkBuddy/招聘助手/ATS-NEW/apps/django/.venv/lib/python3.14/site-packages/django/views/generic/base.py:55
ops-dashboard-7f3b9c2e/rule_engine/rule/<path:object_id>/,django.views.generic.base.RedirectView,Django,,,,,,,,,/Users/loki/WorkBuddy/招聘助手/ATS-NEW/apps/django/.venv/lib/python3.14/site-packages/django/views/generic/base.py:55
ops-dashboard-7f3b9c2e/rule_engine/condition/<path:object_id>/,django.views.generic.base.RedirectView,Django,,,,,,,,,/Users/loki/WorkBuddy/招聘助手/ATS-NEW/apps/django/.venv/lib/python3.14/site-packages/django/views/generic/base.py:55
ops-dashboard-7f3b9c2e/rule_engine/action/<path:object_id>/,django.views.generic.base.RedirectView,Django,,,,,,,,,/Users/loki/WorkBuddy/招聘助手/ATS-NEW/apps/django/.venv/lib/python3.14/site-packages/django/views/generic/base.py:55
ops-dashboard-7f3b9c2e/rule_engine/ruleexecutionlog/<path:object_id>/,django.views.generic.base.RedirectView,Django,,,,,,,,,/Users/loki/WorkBuddy/招聘助手/ATS-NEW/apps/django/.venv/lib/python3.14/site-packages/django/views/generic/base.py:55
ops-dashboard-7f3b9c2e/announcement/announcement/<path:object_id>/,django.views.generic.base.RedirectView,Django,,,,,,,,,/Users/loki/WorkBuddy/招聘助手/ATS-NEW/apps/django/.venv/lib/python3.14/site-packages/django/views/generic/base.py:55
ops-dashboard-7f3b9c2e/announcement/announcementconfig/<path:object_id>/,django.views.generic.base.RedirectView,Django,,,,,,,,,/Users/loki/WorkBuddy/招聘助手/ATS-NEW/apps/django/.venv/lib/python3.14/site-packages/django/views/generic/base.py:55
api/v1/search/,apps.search.views.SearchAPIView,DRF,IsAuthenticated,JWTAuthentication,,,,,,"get,options",/Users/loki/WorkBuddy/招聘助手/ATS-NEW/apps/django/.venv/lib/python3.14/site-packages/django/views/generic/base.py:55
api/v1/auth/login/,apps.core.views_auth.login_view,DRF,AllowAny,JWTAuthentication,LoginRateThrottle,,,,,"options,post",/Users/loki/WorkBuddy/招聘助手/ATS-NEW/apps/django/.venv/lib/python3.14/site-packages/django/views/generic/base.py:55
api/v1/auth/logout/,apps.core.views_auth.logout_view,DRF,IsAuthenticated,JWTAuthentication,,,,,,"options,post",/Users/loki/WorkBuddy/招聘助手/ATS-NEW/apps/django/.venv/lib/python3.14/site-packages/django/views/generic/base.py:55
api/v1/auth/refresh/,rest_framework_simplejwt.views.TokenRefreshView,DRF,AllowAny,,,StandardResultsSetPagination,"DjangoFilterBackend,SearchFilter,OrderingFilter",,,"options,post",/Users/loki/WorkBuddy/招聘助手/ATS-NEW/apps/django/.venv/lib/python3.14/site-packages/django/views/generic/base.py:55
api/v1/auth/verify/,rest_framework_simplejwt.views.TokenVerifyView,DRF,AllowAny,,,StandardResultsSetPagination,"DjangoFilterBackend,SearchFilter,OrderingFilter",,,"options,post",/Users/loki/WorkBuddy/招聘助手/ATS-NEW/apps/django/.venv/lib/python3.14/site-packages/django/views/generic/base.py:55
api/v1/auth/me/,apps.core.views_auth.me_view,DRF,IsAuthenticated,JWTAuthentication,,,,,,"get,options,patch",/Users/loki/WorkBuddy/招聘助手/ATS-NEW/apps/django/.venv/lib/python3.14/site-packages/django/views/generic/base.py:55
api/v1/auth/change-password/,apps.core.views_auth.change_password_view,DRF,IsAuthenticated,JWTAuthentication,ChangePasswordRateThrottle,,,,,"options,post",/Users/loki/WorkBuddy/招聘助手/ATS-NEW/apps/django/.venv/lib/python3.14/site-packages/django/views/generic/base.py:55
api/v1/auth/register,apps.referral.urls_stubs.auth_register,DRF,AllowAny,JWTAuthentication,RegisterRateThrottle,,,,,"options,post",/Users/loki/WorkBuddy/招聘助手/ATS-NEW/apps/django/.venv/lib/python3.14/site-packages/django/views/generic/base.py:55
api/v1/auth/register/,apps.referral.urls_stubs.auth_register,DRF,AllowAny,JWTAuthentication,RegisterRateThrottle,,,,,"options,post",/Users/loki/WorkBuddy/招聘助手/ATS-NEW/apps/django/.venv/lib/python3.14/site-packages/django/views/generic/base.py:55
api/v1/auth/change-password,apps.referral.urls_stubs.auth_change_password,DRF,IsAuthenticated,JWTAuthentication,ChangePasswordRateThrottle,,,,,"options,post",/Users/loki/WorkBuddy/招聘助手/ATS-NEW/apps/django/.venv/lib/python3.14/site-packages/django/views/generic/base.py:55
api/v1/auth/change-password/,apps.referral.urls_stubs.auth_change_password,DRF,IsAuthenticated,JWTAuthentication,ChangePasswordRateThrottle,,,,,"options,post",/Users/loki/WorkBuddy/招聘助手/ATS-NEW/apps/django/.venv/lib/python3.14/site-packages/django/views/generic/base.py:55
api/v1/login,apps.referral.urls_stubs.login_alias,DRF,AllowAny,JWTAuthentication,LoginRateThrottle,,,,,"options,post",/Users/loki/WorkBuddy/招聘助手/ATS-NEW/apps/django/.venv/lib/python3.14/site-packages/django/views/generic/base.py:55
api/v1/login/,apps.referral.urls_stubs.login_alias,DRF,AllowAny,JWTAuthentication,LoginRateThrottle,,,,,"options,post",/Users/loki/WorkBuddy/招聘助手/ATS-NEW/apps/django/.venv/lib/python3.14/site-packages/django/views/generic/base.py:55
api/v1/candidates/batch/recommend,apps.referral.urls_stubs.candidate_batch_recommend,DRF,ResourceScoped,JWTAuthentication,,,,,,"options,post",/Users/loki/WorkBuddy/招聘助手/ATS-NEW/apps/django/.venv/lib/python3.14/site-packages/django/views/generic/base.py:55
api/v1/candidates/batch/recommend/,apps.referral.urls_stubs.candidate_batch_recommend,DRF,ResourceScoped,JWTAuthentication,,,,,,"options,post",/Users/loki/WorkBuddy/招聘助手/ATS-NEW/apps/django/.venv/lib/python3.14/site-packages/django/views/generic/base.py:55
api/v1/candidates/batch/archive,apps.referral.urls_stubs.candidate_batch_archive,DRF,ResourceScoped,JWTAuthentication,,,,,,"options,post",/Users/loki/WorkBuddy/招聘助手/ATS-NEW/apps/django/.venv/lib/python3.14/site-packages/django/views/generic/base.py:55
api/v1/candidates/batch/archive/,apps.referral.urls_stubs.candidate_batch_archive,DRF,ResourceScoped,JWTAuthentication,,,,,,"options,post",/Users/loki/WorkBuddy/招聘助手/ATS-NEW/apps/django/.venv/lib/python3.14/site-packages/django/views/generic/base.py:55
api/v1/candidates/batch/assign,apps.referral.urls_stubs.candidate_batch_assign,DRF,ResourceScoped,JWTAuthentication,,,,,,"options,post",/Users/loki/WorkBuddy/招聘助手/ATS-NEW/apps/django/.venv/lib/python3.14/site-packages/django/views/generic/base.py:55
api/v1/candidates/batch/assign/,apps.referral.urls_stubs.candidate_batch_assign,DRF,ResourceScoped,JWTAuthentication,,,,,,"options,post",/Users/loki/WorkBuddy/招聘助手/ATS-NEW/apps/django/.venv/lib/python3.14/site-packages/django/views/generic/base.py:55
api/v1/candidates/batch/export,apps.referral.urls_stubs.candidate_batch_export,DRF,ResourceScoped,JWTAuthentication,,,,,,"options,post",/Users/loki/WorkBuddy/招聘助手/ATS-NEW/apps/django/.venv/lib/python3.14/site-packages/django/views/generic/base.py:55
api/v1/candidates/batch/export/,apps.referral.urls_stubs.candidate_batch_export,DRF,ResourceScoped,JWTAuthentication,,,,,,"options,post",/Users/loki/WorkBuddy/招聘助手/ATS-NEW/apps/django/.venv/lib/python3.14/site-packages/django/views/generic/base.py:55
api/v1/candidates/batch/screen,apps.referral.urls_stubs.candidate_batch_screen,DRF,ResourceScoped,JWTAuthentication,,,,,,"options,post",/Users/loki/WorkBuddy/招聘助手/ATS-NEW/apps/django/.venv/lib/python3.14/site-packages/django/views/generic/base.py:55
api/v1/candidates/batch/screen/,apps.referral.urls_stubs.candidate_batch_screen,DRF,ResourceScoped,JWTAuthentication,,,,,,"options,post",/Users/loki/WorkBuddy/招聘助手/ATS-NEW/apps/django/.venv/lib/python3.14/site-packages/django/views/generic/base.py:55
api/v1/recruitment-rules/stage-rules,apps.referral.urls_stubs.stage_rules,DRF,ResourceScoped,JWTAuthentication,,,,,,"get,options,post",/Users/loki/WorkBuddy/招聘助手/ATS-NEW/apps/django/.venv/lib/python3.14/site-packages/django/views/generic/base.py:55
api/v1/recruitment-rules/stage-rules/,apps.referral.urls_stubs.stage_rules,DRF,ResourceScoped,JWTAuthentication,,,,,,"get,options,post",/Users/loki/WorkBuddy/招聘助手/ATS-NEW/apps/django/.venv/lib/python3.14/site-packages/django/views/generic/base.py:55
api/v1/recruitment-rules/auto-archive-rules,apps.referral.urls_stubs.auto_archive_rules,DRF,ResourceScoped,JWTAuthentication,,,,,,"get,options,post",/Users/loki/WorkBuddy/招聘助手/ATS-NEW/apps/django/.venv/lib/python3.14/site-packages/django/views/generic/base.py:55
api/v1/recruitment-rules/auto-archive-rules/,apps.referral.urls_stubs.auto_archive_rules,DRF,ResourceScoped,JWTAuthentication,,,,,,"get,options,post",/Users/loki/WorkBuddy/招聘助手/ATS-NEW/apps/django/.venv/lib/python3.14/site-packages/django/views/generic/base.py:55
api/v1/recruitment-rules/candidates/<str:candidate_id>/evaluate,apps.referral.urls_stubs.evaluate_candidate,DRF,ResourceScoped,JWTAuthentication,,,,,,"get,options",/Users/loki/WorkBuddy/招聘助手/ATS-NEW/apps/django/.venv/lib/python3.14/site-packages/django/views/generic/base.py:55
api/v1/recruitment-rules/candidates/<str:candidate_id>/evaluate/,apps.referral.urls_stubs.evaluate_candidate,DRF,ResourceScoped,JWTAuthentication,,,,,,"get,options",/Users/loki/WorkBuddy/招聘助手/ATS-NEW/apps/django/.venv/lib/python3.14/site-packages/django/views/generic/base.py:55
api/v1/recruitment-rules/applications/<str:application_id>/check-stage-transition,apps.referral.urls_stubs.check_stage_transition,DRF,ResourceScoped,JWTAuthentication,,,,,,"get,options",/Users/loki/WorkBuddy/招聘助手/ATS-NEW/apps/django/.venv/lib/python3.14/site-packages/django/views/generic/base.py:55
api/v1/recruitment-rules/applications/<str:application_id>/check-stage-transition/,apps.referral.urls_stubs.check_stage_transition,DRF,ResourceScoped,JWTAuthentication,,,,,,"get,options",/Users/loki/WorkBuddy/招聘助手/ATS-NEW/apps/django/.venv/lib/python3.14/site-packages/django/views/generic/base.py:55
api/v1/recruitment-rules/applications/,apps.referral.urls_stubs._empty_list_view,DRF,IsAuthenticatedReadOnly,JWTAuthentication,,,,,,"get,options",/Users/loki/WorkBuddy/招聘助手/ATS-NEW/apps/django/.venv/lib/python3.14/site-packages/django/views/generic/base.py:55
api/v1/recruitment-rules/applications,apps.referral.urls_stubs._empty_list_view,DRF,IsAuthenticatedReadOnly,JWTAuthentication,,,,,,"get,options",/Users/loki/WorkBuddy/招聘助手/ATS-NEW/apps/django/.venv/lib/python3.14/site-packages/django/views/generic/base.py:55
api/v1/recruitment-rules/candidates/,apps.referral.urls_stubs._empty_list_view,DRF,IsAuthenticatedReadOnly,JWTAuthentication,,,,,,"get,options",/Users/loki/WorkBuddy/招聘助手/ATS-NEW/apps/django/.venv/lib/python3.14/site-packages/django/views/generic/base.py:55
api/v1/recruitment-rules/candidates,apps.referral.urls_stubs._empty_list_view,DRF,IsAuthenticatedReadOnly,JWTAuthentication,,,,,,"get,options",/Users/loki/WorkBuddy/招聘助手/ATS-NEW/apps/django/.venv/lib/python3.14/site-packages/django/views/generic/base.py:55
api/v1/recruitment-rules/check-stage-transition,apps.referral.urls_stubs.check_stage_transition_no_id,DRF,ResourceScoped,JWTAuthentication,,,,,,"get,options",/Users/loki/WorkBuddy/招聘助手/ATS-NEW/apps/django/.venv/lib/python3.14/site-packages/django/views/generic/base.py:55
api/v1/recruitment-rules/check-stage-transition/,apps.referral.urls_stubs.check_stage_transition_no_id,DRF,ResourceScoped,JWTAuthentication,,,,,,"get,options",/Users/loki/WorkBuddy/招聘助手/ATS-NEW/apps/django/.venv/lib/python3.14/site-packages/django/views/generic/base.py:55
api/v1/check-stage-transition,apps.referral.urls_stubs.check_stage_transition_top,DRF,ResourceScoped,JWTAuthentication,,,,,,"get,options",/Users/loki/WorkBuddy/招聘助手/ATS-NEW/apps/django/.venv/lib/python3.14/site-packages/django/views/generic/base.py:55
api/v1/check-stage-transition/,apps.referral.urls_stubs.check_stage_transition_top,DRF,ResourceScoped,JWTAuthentication,,,,,,"get,options",/Users/loki/WorkBuddy/招聘助手/ATS-NEW/apps/django/.venv/lib/python3.14/site-packages/django/views/generic/base.py:55
api/v1/recruitment-rounds,apps.referral.urls_stubs.recruitment_rounds,DRF,ResourceScoped,JWTAuthentication,,,,,,"get,options,post,put",/Users/loki/WorkBuddy/招聘助手/ATS-NEW/apps/django/.venv/lib/python3.14/site-packages/django/views/generic/base.py:55
api/v1/recruitment-rounds/,apps.referral.urls_stubs.recruitment_rounds,DRF,ResourceScoped,JWTAuthentication,,,,,,"get,options,post,put",/Users/loki/WorkBuddy/招聘助手/ATS-NEW/apps/django/.venv/lib/python3.14/site-packages/django/views/generic/base.py:55
api/v1/recruitment-rounds/<str:id>,apps.referral.urls_stubs.recruitment_rounds,DRF,ResourceScoped,JWTAuthentication,,,,,,"get,options,post,put",/Users/loki/WorkBuddy/招聘助手/ATS-NEW/apps/django/.venv/lib/python3.14/site-packages/django/views/generic/base.py:55
api/v1/recruitment-rounds/<str:id>/,apps.referral.urls_stubs.recruitment_rounds,DRF,ResourceScoped,JWTAuthentication,,,,,,"get,options,post,put",/Users/loki/WorkBuddy/招聘助手/ATS-NEW/apps/django/.venv/lib/python3.14/site-packages/django/views/generic/base.py:55
api/v1/recruitment-rounds/<str:id>/status,apps.referral.urls_stubs.recruitment_rounds_status,DRF,ResourceScoped,JWTAuthentication,,,,,,"options,put",/Users/loki/WorkBuddy/招聘助手/ATS-NEW/apps/django/.venv/lib/python3.14/site-packages/django/views/generic/base.py:55
api/v1/recruitment-rounds/<str:id>/status/,apps.referral.urls_stubs.recruitment_rounds_status,DRF,ResourceScoped,JWTAuthentication,,,,,,"options,put",/Users/loki/WorkBuddy/招聘助手/ATS-NEW/apps/django/.venv/lib/python3.14/site-packages/django/views/generic/base.py:55
api/v1/bulk-create/,apps.referral.urls_stubs.bulk_create,DRF,ResourceScoped,JWTAuthentication,,,,,,"options,post",/Users/loki/WorkBuddy/招聘助手/ATS-NEW/apps/django/.venv/lib/python3.14/site-packages/django/views/generic/base.py:55
api/v1/bulk-create,apps.referral.urls_stubs.bulk_create,DRF,ResourceScoped,JWTAuthentication,,,,,,"options,post",/Users/loki/WorkBuddy/招聘助手/ATS-NEW/apps/django/.venv/lib/python3.14/site-packages/django/views/generic/base.py:55
api/v1/upload-and-parse/,apps.referral.urls_stubs.upload_and_parse,DRF,ResourceScoped,JWTAuthentication,,,,,,"options,post",/Users/loki/WorkBuddy/招聘助手/ATS-NEW/apps/django/.venv/lib/python3.14/site-packages/django/views/generic/base.py:55
api/v1/upload-and-parse,apps.referral.urls_stubs.upload_and_parse,DRF,ResourceScoped,JWTAuthentication,,,,,,"options,post",/Users/loki/WorkBuddy/招聘助手/ATS-NEW/apps/django/.venv/lib/python3.14/site-packages/django/views/generic/base.py:55
api/v1/scoring/start/,apps.referral.urls_stubs.scoring_start,DRF,ResourceScoped,JWTAuthentication,,,,,,"options,post",/Users/loki/WorkBuddy/招聘助手/ATS-NEW/apps/django/.venv/lib/python3.14/site-packages/django/views/generic/base.py:55
api/v1/scoring/start,apps.referral.urls_stubs.scoring_start,DRF,ResourceScoped,JWTAuthentication,,,,,,"options,post",/Users/loki/WorkBuddy/招聘助手/ATS-NEW/apps/django/.venv/lib/python3.14/site-packages/django/views/generic/base.py:55
api/v1/offer-templates,apps.referral.urls_stubs.offer_templates,DRF,ResourceScoped,JWTAuthentication,,,,,,"get,options,post",/Users/loki/WorkBuddy/招聘助手/ATS-NEW/apps/django/.venv/lib/python3.14/site-packages/django/views/generic/base.py:55
api/v1/offer-templates/,apps.referral.urls_stubs.offer_templates,DRF,ResourceScoped,JWTAuthentication,,,,,,"get,options,post",/Users/loki/WorkBuddy/招聘助手/ATS-NEW/apps/django/.venv/lib/python3.14/site-packages/django/views/generic/base.py:55
api/v1/offer-templates/render-from-offer,apps.referral.urls_stubs.offer_template_render,DRF,ResourceScoped,JWTAuthentication,,,,,,"options,post",/Users/loki/WorkBuddy/招聘助手/ATS-NEW/apps/django/.venv/lib/python3.14/site-packages/django/views/generic/base.py:55
api/v1/offer-templates/render-from-offer/,apps.referral.urls_stubs.offer_template_render,DRF,ResourceScoped,JWTAuthentication,,,,,,"options,post",/Users/loki/WorkBuddy/招聘助手/ATS-NEW/apps/django/.venv/lib/python3.14/site-packages/django/views/generic/base.py:55
api/v1/search,apps.referral.urls_stubs.global_search,DRF,IsAuthenticatedReadOnly,JWTAuthentication,,,,,,"get,options",/Users/loki/WorkBuddy/招聘助手/ATS-NEW/apps/django/.venv/lib/python3.14/site-packages/django/views/generic/base.py:55
api/v1/search/,apps.referral.urls_stubs.global_search,DRF,IsAuthenticatedReadOnly,JWTAuthentication,,,,,,"get,options",/Users/loki/WorkBuddy/招聘助手/ATS-NEW/apps/django/.venv/lib/python3.14/site-packages/django/views/generic/base.py:55
api/v1/evaluate,apps.referral.urls_stubs.evaluate,DRF,ResourceScoped,JWTAuthentication,,,,,,"options,post",/Users/loki/WorkBuddy/招聘助手/ATS-NEW/apps/django/.venv/lib/python3.14/site-packages/django/views/generic/base.py:55
api/v1/evaluate/,apps.referral.urls_stubs.evaluate,DRF,ResourceScoped,JWTAuthentication,,,,,,"options,post",/Users/loki/WorkBuddy/招聘助手/ATS-NEW/apps/django/.venv/lib/python3.14/site-packages/django/views/generic/base.py:55
api/v1/permissions/roles,apps.referral.urls_stubs.permissions_roles_list,DRF,ResourceScoped,JWTAuthentication,,,,,,"get,options",/Users/loki/WorkBuddy/招聘助手/ATS-NEW/apps/django/.venv/lib/python3.14/site-packages/django/views/generic/base.py:55
api/v1/permissions/roles/,apps.referral.urls_stubs.permissions_roles_list,DRF,ResourceScoped,JWTAuthentication,,,,,,"get,options",/Users/loki/WorkBuddy/招聘助手/ATS-NEW/apps/django/.venv/lib/python3.14/site-packages/django/views/generic/base.py:55
api/v1/permissions/users/<str:user_id>/roles,apps.referral.urls_stubs.permissions_user_roles,DRF,ResourceScoped,JWTAuthentication,,,,,,"get,options",/Users/loki/WorkBuddy/招聘助手/ATS-NEW/apps/django/.venv/lib/python3.14/site-packages/django/views/generic/base.py:55
api/v1/permissions/users/<str:user_id>/roles/,apps.referral.urls_stubs.permissions_user_roles,DRF,ResourceScoped,JWTAuthentication,,,,,,"get,options",/Users/loki/WorkBuddy/招聘助手/ATS-NEW/apps/django/.venv/lib/python3.14/site-packages/django/views/generic/base.py:55
api/v1/permissions/user-info,apps.referral.urls_stubs.permissions_user_info,DRF,ResourceScoped,JWTAuthentication,,,,,,"get,options",/Users/loki/WorkBuddy/招聘助手/ATS-NEW/apps/django/.venv/lib/python3.14/site-packages/django/views/generic/base.py:55
api/v1/permissions/user-info/,apps.referral.urls_stubs.permissions_user_info,DRF,ResourceScoped,JWTAuthentication,,,,,,"get,options",/Users/loki/WorkBuddy/招聘助手/ATS-NEW/apps/django/.venv/lib/python3.14/site-packages/django/views/generic/base.py:55
api/v1/permissions/permissions/list,apps.referral.urls_stubs.permissions_list_by_type,DRF,ResourceScoped,JWTAuthentication,,,,,,"get,options",/Users/loki/WorkBuddy/招聘助手/ATS-NEW/apps/django/.venv/lib/python3.14/site-packages/django/views/generic/base.py:55
api/v1/permissions/permissions/list/,apps.referral.urls_stubs.permissions_list_by_type,DRF,ResourceScoped,JWTAuthentication,,,,,,"get,options",/Users/loki/WorkBuddy/招聘助手/ATS-NEW/apps/django/.venv/lib/python3.14/site-packages/django/views/generic/base.py:55
api/v1/permissions/functions,apps.referral.urls_stubs.permissions_functions,DRF,ResourceScoped,JWTAuthentication,,,,,,"get,options",/Users/loki/WorkBuddy/招聘助手/ATS-NEW/apps/django/.venv/lib/python3.14/site-packages/django/views/generic/base.py:55
api/v1/permissions/functions/,apps.referral.urls_stubs.permissions_functions,DRF,ResourceScoped,JWTAuthentication,,,,,,"get,options",/Users/loki/WorkBuddy/招聘助手/ATS-NEW/apps/django/.venv/lib/python3.14/site-packages/django/views/generic/base.py:55
api/v1/permissions/menus,apps.referral.urls_stubs.permissions_menus,DRF,ResourceScoped,JWTAuthentication,,,,,,"get,options",/Users/loki/WorkBuddy/招聘助手/ATS-NEW/apps/django/.venv/lib/python3.14/site-packages/django/views/generic/base.py:55
api/v1/permissions/menus/,apps.referral.urls_stubs.permissions_menus,DRF,ResourceScoped,JWTAuthentication,,,,,,"get,options",/Users/loki/WorkBuddy/招聘助手/ATS-NEW/apps/django/.venv/lib/python3.14/site-packages/django/views/generic/base.py:55
api/v1/permissions/mous,apps.referral.urls_stubs.permissions_mous_list,DRF,ResourceScoped,JWTAuthentication,,,,,,"get,options",/Users/loki/WorkBuddy/招聘助手/ATS-NEW/apps/django/.venv/lib/python3.14/site-packages/django/views/generic/base.py:55
api/v1/permissions/mous/,apps.referral.urls_stubs.permissions_mous_list,DRF,ResourceScoped,JWTAuthentication,,,,,,"get,options",/Users/loki/WorkBuddy/招聘助手/ATS-NEW/apps/django/.venv/lib/python3.14/site-packages/django/views/generic/base.py:55
api/v1/permissions/user-mous/<str:user_id>,apps.referral.urls_stubs.permissions_user_mous,DRF,ResourceScoped,JWTAuthentication,,,,,,"get,options,post",/Users/loki/WorkBuddy/招聘助手/ATS-NEW/apps/django/.venv/lib/python3.14/site-packages/django/views/generic/base.py:55
api/v1/permissions/user-mous/<str:user_id>/,apps.referral.urls_stubs.permissions_user_mous,DRF,ResourceScoped,JWTAuthentication,,,,,,"get,options,post",/Users/loki/WorkBuddy/招聘助手/ATS-NEW/apps/django/.venv/lib/python3.14/site-packages/django/views/generic/base.py:55
api/v1/api/talent-pool/types,apps.referral.urls_stubs.talent_pool_types,DRF,IsAuthenticatedReadOnly,JWTAuthentication,,,,,,"get,options",/Users/loki/WorkBuddy/招聘助手/ATS-NEW/apps/django/.venv/lib/python3.14/site-packages/django/views/generic/base.py:55
api/v1/api/talent-pool/types/,apps.referral.urls_stubs.talent_pool_types,DRF,IsAuthenticatedReadOnly,JWTAuthentication,,,,,,"get,options",/Users/loki/WorkBuddy/招聘助手/ATS-NEW/apps/django/.venv/lib/python3.14/site-packages/django/views/generic/base.py:55
api/v1/resumes,apps.referral.urls_stubs.resumes_alias,DRF,IsAuthenticatedReadOnly,JWTAuthentication,,,,,,"get,options",/Users/loki/WorkBuddy/招聘助手/ATS-NEW/apps/django/.venv/lib/python3.14/site-packages/django/views/generic/base.py:55
api/v1/resumes/,apps.referral.urls_stubs.resumes_alias,DRF,IsAuthenticatedReadOnly,JWTAuthentication,,,,,,"get,options",/Users/loki/WorkBuddy/招聘助手/ATS-NEW/apps/django/.venv/lib/python3.14/site-packages/django/views/generic/base.py:55
api/v1/duplicate-check/,apps.referral.urls_stubs.duplicate_check_list,DRF,IsAuthenticatedReadOnly,JWTAuthentication,,,,,,"get,options",/Users/loki/WorkBuddy/招聘助手/ATS-NEW/apps/django/.venv/lib/python3.14/site-packages/django/views/generic/base.py:55
api/v1/duplicate-check,apps.referral.urls_stubs.duplicate_check_list,DRF,IsAuthenticatedReadOnly,JWTAuthentication,,,,,,"get,options",/Users/loki/WorkBuddy/招聘助手/ATS-NEW/apps/django/.venv/lib/python3.14/site-packages/django/views/generic/base.py:55
api/v1/roles/clone-from-template/,apps.core.views_permission_v2.RoleViewSet,DRF,V2Permission,JWTAuthentication,,,"DjangoFilterBackend,SearchFilter,OrderingFilter",,,options,/Users/loki/WorkBuddy/招聘助手/ATS-NEW/apps/django/.venv/lib/python3.14/site-packages/django/views/generic/base.py:55
api/v1/user-roles/suggest-scope/,apps.core.views_permission_v2.UserRoleViewSet,DRF,V2Permission,JWTAuthentication,,,"DjangoFilterBackend,SearchFilter,OrderingFilter",,,options,/Users/loki/WorkBuddy/招聘助手/ATS-NEW/apps/django/.venv/lib/python3.14/site-packages/django/views/generic/base.py:55
api/v1/permission/check/,apps.core.permission_check_view.permission_check_view,DRF,IsAuthenticated,JWTAuthentication,,,,,,"options,post",/Users/loki/WorkBuddy/招聘助手/ATS-NEW/apps/django/.venv/lib/python3.14/site-packages/django/views/generic/base.py:55
api/v1/^permissions/resources/$,apps.core.views_permission_v2.PermissionResourceViewSet,DRF,V2Permission,JWTAuthentication,,,"DjangoFilterBackend,SearchFilter,OrderingFilter",,,options,/Users/loki/WorkBuddy/招聘助手/ATS-NEW/apps/django/.venv/lib/python3.14/site-packages/django/views/generic/base.py:55
api/v1/^permissions/resources\.(?P<format>[a-z0-9]+)/?$,apps.core.views_permission_v2.PermissionResourceViewSet,DRF,V2Permission,JWTAuthentication,,,"DjangoFilterBackend,SearchFilter,OrderingFilter",,,options,/Users/loki/WorkBuddy/招聘助手/ATS-NEW/apps/django/.venv/lib/python3.14/site-packages/django/views/generic/base.py:55
api/v1/^permissions/resources/(?P<pk>[^/.]+)/$,apps.core.views_permission_v2.PermissionResourceViewSet,DRF,V2Permission,JWTAuthentication,,,"DjangoFilterBackend,SearchFilter,OrderingFilter",,,options,/Users/loki/WorkBuddy/招聘助手/ATS-NEW/apps/django/.venv/lib/python3.14/site-packages/django/views/generic/base.py:55
api/v1/^permissions/resources/(?P<pk>[^/.]+)\.(?P<format>[a-z0-9]+)/?$,apps.core.views_permission_v2.PermissionResourceViewSet,DRF,V2Permission,JWTAuthentication,,,"DjangoFilterBackend,SearchFilter,OrderingFilter",,,options,/Users/loki/WorkBuddy/招聘助手/ATS-NEW/apps/django/.venv/lib/python3.14/site-packages/django/views/generic/base.py:55
api/v1/^permissions/templates/$,apps.core.views_permission_v2.PermissionTemplateViewSet,DRF,V2Permission,JWTAuthentication,,,"DjangoFilterBackend,SearchFilter,OrderingFilter",,,options,/Users/loki/WorkBuddy/招聘助手/ATS-NEW/apps/django/.venv/lib/python3.14/site-packages/django/views/generic/base.py:55
api/v1/^permissions/templates\.(?P<format>[a-z0-9]+)/?$,apps.core.views_permission_v2.PermissionTemplateViewSet,DRF,V2Permission,JWTAuthentication,,,"DjangoFilterBackend,SearchFilter,OrderingFilter",,,options,/Users/loki/WorkBuddy/招聘助手/ATS-NEW/apps/django/.venv/lib/python3.14/site-packages/django/views/generic/base.py:55
api/v1/^permissions/templates/(?P<pk>[^/.]+)/$,apps.core.views_permission_v2.PermissionTemplateViewSet,DRF,V2Permission,JWTAuthentication,,,"DjangoFilterBackend,SearchFilter,OrderingFilter",,,options,/Users/loki/WorkBuddy/招聘助手/ATS-NEW/apps/django/.venv/lib/python3.14/site-packages/django/views/generic/base.py:55
api/v1/^permissions/templates/(?P<pk>[^/.]+)\.(?P<format>[a-z0-9]+)/?$,apps.core.views_permission_v2.PermissionTemplateViewSet,DRF,V2Permission,JWTAuthentication,,,"DjangoFilterBackend,SearchFilter,OrderingFilter",,,options,/Users/loki/WorkBuddy/招聘助手/ATS-NEW/apps/django/.venv/lib/python3.14/site-packages/django/views/generic/base.py:55
api/v1/^roles/$,apps.core.views_permission_v2.RoleViewSet,DRF,V2Permission,JWTAuthentication,,,"DjangoFilterBackend,SearchFilter,OrderingFilter",,,options,/Users/loki/WorkBuddy/招聘助手/ATS-NEW/apps/django/.venv/lib/python3.14/site-packages/django/views/generic/base.py:55
api/v1/^roles\.(?P<format>[a-z0-9]+)/?$,apps.core.views_permission_v2.RoleViewSet,DRF,V2Permission,JWTAuthentication,,,"DjangoFilterBackend,SearchFilter,OrderingFilter",,,options,/Users/loki/WorkBuddy/招聘助手/ATS-NEW/apps/django/.venv/lib/python3.14/site-packages/django/views/generic/base.py:55
api/v1/^roles/clone_from_template/$,apps.core.views_permission_v2.RoleViewSet,DRF,V2Permission,JWTAuthentication,,,"DjangoFilterBackend,SearchFilter,OrderingFilter",,,options,/Users/loki/WorkBuddy/招聘助手/ATS-NEW/apps/django/.venv/lib/python3.14/site-packages/django/views/generic/base.py:55
api/v1/^roles/clone_from_template\.(?P<format>[a-z0-9]+)/?$,apps.core.views_permission_v2.RoleViewSet,DRF,V2Permission,JWTAuthentication,,,"DjangoFilterBackend,SearchFilter,OrderingFilter",,,options,/Users/loki/WorkBuddy/招聘助手/ATS-NEW/apps/django/.venv/lib/python3.14/site-packages/django/views/generic/base.py:55
api/v1/^roles/(?P<pk>[^/.]+)/$,apps.core.views_permission_v2.RoleViewSet,DRF,V2Permission,JWTAuthentication,,,"DjangoFilterBackend,SearchFilter,OrderingFilter",,,options,/Users/loki/WorkBuddy/招聘助手/ATS-NEW/apps/django/.venv/lib/python3.14/site-packages/django/views/generic/base.py:55
api/v1/^roles/(?P<pk>[^/.]+)\.(?P<format>[a-z0-9]+)/?$,apps.core.views_permission_v2.RoleViewSet,DRF,V2Permission,JWTAuthentication,,,"DjangoFilterBackend,SearchFilter,OrderingFilter",,,options,/Users/loki/WorkBuddy/招聘助手/ATS-NEW/apps/django/.venv/lib/python3.14/site-packages/django/views/generic/base.py:55
api/v1/^roles/(?P<pk>[^/.]+)/sync-resources/$,apps.core.views_permission_v2.RoleViewSet,DRF,V2Permission,JWTAuthentication,,,"DjangoFilterBackend,SearchFilter,OrderingFilter",,,options,/Users/loki/WorkBuddy/招聘助手/ATS-NEW/apps/django/.venv/lib/python3.14/site-packages/django/views/generic/base.py:55
api/v1/^roles/(?P<pk>[^/.]+)/sync-resources\.(?P<format>[a-z0-9]+)/?$,apps.core.views_permission_v2.RoleViewSet,DRF,V2Permission,JWTAuthentication,,,"DjangoFilterBackend,SearchFilter,OrderingFilter",,,options,/Users/loki/WorkBuddy/招聘助手/ATS-NEW/apps/django/.venv/lib/python3.14/site-packages/django/views/generic/base.py:55
api/v1/^management-units/$,apps.core.views_permission_v2.ManagementUnitViewSet,DRF,V2Permission,JWTAuthentication,,,"DjangoFilterBackend,SearchFilter,OrderingFilter",,,options,/Users/loki/WorkBuddy/招聘助手/ATS-NEW/apps/django/.venv/lib/python3.14/site-packages/django/views/generic/base.py:55
api/v1/^management-units\.(?P<format>[a-z0-9]+)/?$,apps.core.views_permission_v2.ManagementUnitViewSet,DRF,V2Permission,JWTAuthentication,,,"DjangoFilterBackend,SearchFilter,OrderingFilter",,,options,/Users/loki/WorkBuddy/招聘助手/ATS-NEW/apps/django/.venv/lib/python3.14/site-packages/django/views/generic/base.py:55
api/v1/^management-units/(?P<pk>[^/.]+)/$,apps.core.views_permission_v2.ManagementUnitViewSet,DRF,V2Permission,JWTAuthentication,,,"DjangoFilterBackend,SearchFilter,OrderingFilter",,,options,/Users/loki/WorkBuddy/招聘助手/ATS-NEW/apps/django/.venv/lib/python3.14/site-packages/django/views/generic/base.py:55
api/v1/^management-units/(?P<pk>[^/.]+)\.(?P<format>[a-z0-9]+)/?$,apps.core.views_permission_v2.ManagementUnitViewSet,DRF,V2Permission,JWTAuthentication,,,"DjangoFilterBackend,SearchFilter,OrderingFilter",,,options,/Users/loki/WorkBuddy/招聘助手/ATS-NEW/apps/django/.venv/lib/python3.14/site-packages/django/views/generic/base.py:55
api/v1/^user-roles/$,apps.core.views_permission_v2.UserRoleViewSet,DRF,V2Permission,JWTAuthentication,,,"DjangoFilterBackend,SearchFilter,OrderingFilter",,,options,/Users/loki/WorkBuddy/招聘助手/ATS-NEW/apps/django/.venv/lib/python3.14/site-packages/django/views/generic/base.py:55
api/v1/^user-roles\.(?P<format>[a-z0-9]+)/?$,apps.core.views_permission_v2.UserRoleViewSet,DRF,V2Permission,JWTAuthentication,,,"DjangoFilterBackend,SearchFilter,OrderingFilter",,,options,/Users/loki/WorkBuddy/招聘助手/ATS-NEW/apps/django/.venv/lib/python3.14/site-packages/django/views/generic/base.py:55
api/v1/^user-roles/suggest_scope/$,apps.core.views_permission_v2.UserRoleViewSet,DRF,V2Permission,JWTAuthentication,,,"DjangoFilterBackend,SearchFilter,OrderingFilter",,,options,/Users/loki/WorkBuddy/招聘助手/ATS-NEW/apps/django/.venv/lib/python3.14/site-packages/django/views/generic/base.py:55
api/v1/^user-roles/suggest_scope\.(?P<format>[a-z0-9]+)/?$,apps.core.views_permission_v2.UserRoleViewSet,DRF,V2Permission,JWTAuthentication,,,"DjangoFilterBackend,SearchFilter,OrderingFilter",,,options,/Users/loki/WorkBuddy/招聘助手/ATS-NEW/apps/django/.venv/lib/python3.14/site-packages/django/views/generic/base.py:55
api/v1/^user-roles/(?P<pk>[^/.]+)/$,apps.core.views_permission_v2.UserRoleViewSet,DRF,V2Permission,JWTAuthentication,,,"DjangoFilterBackend,SearchFilter,OrderingFilter",,,options,/Users/loki/WorkBuddy/招聘助手/ATS-NEW/apps/django/.venv/lib/python3.14/site-packages/django/views/generic/base.py:55
api/v1/^user-roles/(?P<pk>[^/.]+)\.(?P<format>[a-z0-9]+)/?$,apps.core.views_permission_v2.UserRoleViewSet,DRF,V2Permission,JWTAuthentication,,,"DjangoFilterBackend,SearchFilter,OrderingFilter",,,options,/Users/loki/WorkBuddy/招聘助手/ATS-NEW/apps/django/.venv/lib/python3.14/site-packages/django/views/generic/base.py:55
api/v1/,rest_framework.routers.APIRootView,DRF,AllowAny,JWTAuthentication,,,,,,"get,options",/Users/loki/WorkBuddy/招聘助手/ATS-NEW/apps/django/.venv/lib/python3.14/site-packages/django/views/generic/base.py:55
api/v1/<drf_format_suffix:format>,rest_framework.routers.APIRootView,DRF,AllowAny,JWTAuthentication,,,,,,"get,options",/Users/loki/WorkBuddy/招聘助手/ATS-NEW/apps/django/.venv/lib/python3.14/site-packages/django/views/generic/base.py:55
api/v1/users/departments/,apps.core.views.DepartmentViewSet,DRF,V2Permission,JWTAuthentication,,StandardResultsSetPagination,"DjangoFilterBackend,SearchFilter",,DepartmentSerializer,options,/Users/loki/WorkBuddy/招聘助手/ATS-NEW/apps/django/.venv/lib/python3.14/site-packages/django/views/generic/base.py:55
api/v1/^users/$,apps.core.views.UserViewSet,DRF,UserViewPermission,JWTAuthentication,,StandardResultsSetPagination,"DjangoFilterBackend,SearchFilter,OrderingFilter",,UserSerializer,options,/Users/loki/WorkBuddy/招聘助手/ATS-NEW/apps/django/.venv/lib/python3.14/site-packages/django/views/generic/base.py:55
api/v1/^users\.(?P<format>[a-z0-9]+)/?$,apps.core.views.UserViewSet,DRF,UserViewPermission,JWTAuthentication,,StandardResultsSetPagination,"DjangoFilterBackend,SearchFilter,OrderingFilter",,UserSerializer,options,/Users/loki/WorkBuddy/招聘助手/ATS-NEW/apps/django/.venv/lib/python3.14/site-packages/django/views/generic/base.py:55
api/v1/^users/active/$,apps.core.views.UserViewSet,DRF,UserViewPermission,JWTAuthentication,,StandardResultsSetPagination,"DjangoFilterBackend,SearchFilter,OrderingFilter",,UserSerializer,options,/Users/loki/WorkBuddy/招聘助手/ATS-NEW/apps/django/.venv/lib/python3.14/site-packages/django/views/generic/base.py:55
api/v1/^users/active\.(?P<format>[a-z0-9]+)/?$,apps.core.views.UserViewSet,DRF,UserViewPermission,JWTAuthentication,,StandardResultsSetPagination,"DjangoFilterBackend,SearchFilter,OrderingFilter",,UserSerializer,options,/Users/loki/WorkBuddy/招聘助手/ATS-NEW/apps/django/.venv/lib/python3.14/site-packages/django/views/generic/base.py:55
api/v1/^users/(?P<pk>[^/.]+)/$,apps.core.views.UserViewSet,DRF,UserViewPermission,JWTAuthentication,,StandardResultsSetPagination,"DjangoFilterBackend,SearchFilter,OrderingFilter",,UserSerializer,options,/Users/loki/WorkBuddy/招聘助手/ATS-NEW/apps/django/.venv/lib/python3.14/site-packages/django/views/generic/base.py:55
api/v1/^users/(?P<pk>[^/.]+)\.(?P<format>[a-z0-9]+)/?$,apps.core.views.UserViewSet,DRF,UserViewPermission,JWTAuthentication,,StandardResultsSetPagination,"DjangoFilterBackend,SearchFilter,OrderingFilter",,UserSerializer,options,/Users/loki/WorkBuddy/招聘助手/ATS-NEW/apps/django/.venv/lib/python3.14/site-packages/django/views/generic/base.py:55
api/v1/^users/(?P<pk>[^/.]+)/soft_delete/$,apps.core.views.UserViewSet,DRF,UserViewPermission,JWTAuthentication,,StandardResultsSetPagination,"DjangoFilterBackend,SearchFilter,OrderingFilter",,UserSerializer,options,/Users/loki/WorkBuddy/招聘助手/ATS-NEW/apps/django/.venv/lib/python3.14/site-packages/django/views/generic/base.py:55
api/v1/^users/(?P<pk>[^/.]+)/soft_delete\.(?P<format>[a-z0-9]+)/?$,apps.core.views.UserViewSet,DRF,UserViewPermission,JWTAuthentication,,StandardResultsSetPagination,"DjangoFilterBackend,SearchFilter,OrderingFilter",,UserSerializer,options,/Users/loki/WorkBuddy/招聘助手/ATS-NEW/apps/django/.venv/lib/python3.14/site-packages/django/views/generic/base.py:55
api/v1/^departments/$,apps.core.views.DepartmentViewSet,DRF,V2Permission,JWTAuthentication,,StandardResultsSetPagination,"DjangoFilterBackend,SearchFilter",,DepartmentSerializer,options,/Users/loki/WorkBuddy/招聘助手/ATS-NEW/apps/django/.venv/lib/python3.14/site-packages/django/views/generic/base.py:55
api/v1/^departments\.(?P<format>[a-z0-9]+)/?$,apps.core.views.DepartmentViewSet,DRF,V2Permission,JWTAuthentication,,StandardResultsSetPagination,"DjangoFilterBackend,SearchFilter",,DepartmentSerializer,options,/Users/loki/WorkBuddy/招聘助手/ATS-NEW/apps/django/.venv/lib/python3.14/site-packages/django/views/generic/base.py:55
api/v1/^departments/(?P<pk>[^/.]+)/$,apps.core.views.DepartmentViewSet,DRF,V2Permission,JWTAuthentication,,StandardResultsSetPagination,"DjangoFilterBackend,SearchFilter",,DepartmentSerializer,options,/Users/loki/WorkBuddy/招聘助手/ATS-NEW/apps/django/.venv/lib/python3.14/site-packages/django/views/generic/base.py:55
api/v1/^departments/(?P<pk>[^/.]+)\.(?P<format>[a-z0-9]+)/?$,apps.core.views.DepartmentViewSet,DRF,V2Permission,JWTAuthentication,,StandardResultsSetPagination,"DjangoFilterBackend,SearchFilter",,DepartmentSerializer,options,/Users/loki/WorkBuddy/招聘助手/ATS-NEW/apps/django/.venv/lib/python3.14/site-packages/django/views/generic/base.py:55
api/v1/^departments/(?P<pk>[^/.]+)/members/$,apps.core.views.DepartmentViewSet,DRF,V2Permission,JWTAuthentication,,StandardResultsSetPagination,"DjangoFilterBackend,SearchFilter",,DepartmentSerializer,options,/Users/loki/WorkBuddy/招聘助手/ATS-NEW/apps/django/.venv/lib/python3.14/site-packages/django/views/generic/base.py:55
api/v1/^departments/(?P<pk>[^/.]+)/members\.(?P<format>[a-z0-9]+)/?$,apps.core.views.DepartmentViewSet,DRF,V2Permission,JWTAuthentication,,StandardResultsSetPagination,"DjangoFilterBackend,SearchFilter",,DepartmentSerializer,options,/Users/loki/WorkBuddy/招聘助手/ATS-NEW/apps/django/.venv/lib/python3.14/site-packages/django/views/generic/base.py:55
api/v1/^departments/(?P<pk>[^/.]+)/tree/$,apps.core.views.DepartmentViewSet,DRF,V2Permission,JWTAuthentication,,StandardResultsSetPagination,"DjangoFilterBackend,SearchFilter",,DepartmentSerializer,options,/Users/loki/WorkBuddy/招聘助手/ATS-NEW/apps/django/.venv/lib/python3.14/site-packages/django/views/generic/base.py:55
api/v1/^departments/(?P<pk>[^/.]+)/tree\.(?P<format>[a-z0-9]+)/?$,apps.core.views.DepartmentViewSet,DRF,V2Permission,JWTAuthentication,,StandardResultsSetPagination,"DjangoFilterBackend,SearchFilter",,DepartmentSerializer,options,/Users/loki/WorkBuddy/招聘助手/ATS-NEW/apps/django/.venv/lib/python3.14/site-packages/django/views/generic/base.py:55
api/v1/^roles/$,apps.core.views.RoleViewSet,DRF,IsSuperAdmin,JWTAuthentication,,StandardResultsSetPagination,SearchFilter,,RoleSerializer,options,/Users/loki/WorkBuddy/招聘助手/ATS-NEW/apps/django/.venv/lib/python3.14/site-packages/django/views/generic/base.py:55
api/v1/^roles\.(?P<format>[a-z0-9]+)/?$,apps.core.views.RoleViewSet,DRF,IsSuperAdmin,JWTAuthentication,,StandardResultsSetPagination,SearchFilter,,RoleSerializer,options,/Users/loki/WorkBuddy/招聘助手/ATS-NEW/apps/django/.venv/lib/python3.14/site-packages/django/views/generic/base.py:55
api/v1/^roles/(?P<pk>[^/.]+)/$,apps.core.views.RoleViewSet,DRF,IsSuperAdmin,JWTAuthentication,,StandardResultsSetPagination,SearchFilter,,RoleSerializer,options,/Users/loki/WorkBuddy/招聘助手/ATS-NEW/apps/django/.venv/lib/python3.14/site-packages/django/views/generic/base.py:55
api/v1/^roles/(?P<pk>[^/.]+)\.(?P<format>[a-z0-9]+)/?$,apps.core.views.RoleViewSet,DRF,IsSuperAdmin,JWTAuthentication,,StandardResultsSetPagination,SearchFilter,,RoleSerializer,options,/Users/loki/WorkBuddy/招聘助手/ATS-NEW/apps/django/.venv/lib/python3.14/site-packages/django/views/generic/base.py:55
api/v1/^permissions/$,apps.core.views.PermissionViewSet,DRF,V2Permission,JWTAuthentication,,StandardResultsSetPagination,DjangoFilterBackend,,PermissionResourceSerializer,options,/Users/loki/WorkBuddy/招聘助手/ATS-NEW/apps/django/.venv/lib/python3.14/site-packages/django/views/generic/base.py:55
api/v1/^permissions\.(?P<format>[a-z0-9]+)/?$,apps.core.views.PermissionViewSet,DRF,V2Permission,JWTAuthentication,,StandardResultsSetPagination,DjangoFilterBackend,,PermissionResourceSerializer,options,/Users/loki/WorkBuddy/招聘助手/ATS-NEW/apps/django/.venv/lib/python3.14/site-packages/django/views/generic/base.py:55
api/v1/^permissions/(?P<pk>[^/.]+)/$,apps.core.views.PermissionViewSet,DRF,V2Permission,JWTAuthentication,,StandardResultsSetPagination,DjangoFilterBackend,,PermissionResourceSerializer,options,/Users/loki/WorkBuddy/招聘助手/ATS-NEW/apps/django/.venv/lib/python3.14/site-packages/django/views/generic/base.py:55
api/v1/^permissions/(?P<pk>[^/.]+)\.(?P<format>[a-z0-9]+)/?$,apps.core.views.PermissionViewSet,DRF,V2Permission,JWTAuthentication,,StandardResultsSetPagination,DjangoFilterBackend,,PermissionResourceSerializer,options,/Users/loki/WorkBuddy/招聘助手/ATS-NEW/apps/django/.venv/lib/python3.14/site-packages/django/views/generic/base.py:55
api/v1/,rest_framework.routers.APIRootView,DRF,AllowAny,JWTAuthentication,,,,,,"get,options",/Users/loki/WorkBuddy/招聘助手/ATS-NEW/apps/django/.venv/lib/python3.14/site-packages/django/views/generic/base.py:55
api/v1/<drf_format_suffix:format>,rest_framework.routers.APIRootView,DRF,AllowAny,JWTAuthentication,,,,,,"get,options",/Users/loki/WorkBuddy/招聘助手/ATS-NEW/apps/django/.venv/lib/python3.14/site-packages/django/views/generic/base.py:55
api/v1/stages/^$,apps.process.views.RecruitmentStageViewSet,DRF,HasProcessPermission,JWTAuthentication,,StandardResultsSetPagination,DjangoFilterBackend,,,options,/Users/loki/WorkBuddy/招聘助手/ATS-NEW/apps/django/.venv/lib/python3.14/site-packages/django/views/generic/base.py:55
api/v1/stages/^\.(?P<format>[a-z0-9]+)/?$,apps.process.views.RecruitmentStageViewSet,DRF,HasProcessPermission,JWTAuthentication,,StandardResultsSetPagination,DjangoFilterBackend,,,options,/Users/loki/WorkBuddy/招聘助手/ATS-NEW/apps/django/.venv/lib/python3.14/site-packages/django/views/generic/base.py:55
api/v1/stages/^(?P<pk>[^/.]+)/$,apps.process.views.RecruitmentStageViewSet,DRF,HasProcessPermission,JWTAuthentication,,StandardResultsSetPagination,DjangoFilterBackend,,,options,/Users/loki/WorkBuddy/招聘助手/ATS-NEW/apps/django/.venv/lib/python3.14/site-packages/django/views/generic/base.py:55
api/v1/stages/^(?P<pk>[^/.]+)\.(?P<format>[a-z0-9]+)/?$,apps.process.views.RecruitmentStageViewSet,DRF,HasProcessPermission,JWTAuthentication,,StandardResultsSetPagination,DjangoFilterBackend,,,options,/Users/loki/WorkBuddy/招聘助手/ATS-NEW/apps/django/.venv/lib/python3.14/site-packages/django/views/generic/base.py:55
api/v1/stages/^(?P<pk>[^/.]+)/disable/$,apps.process.views.RecruitmentStageViewSet,DRF,HasProcessPermission,JWTAuthentication,,StandardResultsSetPagination,DjangoFilterBackend,,,options,/Users/loki/WorkBuddy/招聘助手/ATS-NEW/apps/django/.venv/lib/python3.14/site-packages/django/views/generic/base.py:55
api/v1/stages/^(?P<pk>[^/.]+)/disable\.(?P<format>[a-z0-9]+)/?$,apps.process.views.RecruitmentStageViewSet,DRF,HasProcessPermission,JWTAuthentication,,StandardResultsSetPagination,DjangoFilterBackend,,,options,/Users/loki/WorkBuddy/招聘助手/ATS-NEW/apps/django/.venv/lib/python3.14/site-packages/django/views/generic/base.py:55
api/v1/stages/^(?P<pk>[^/.]+)/enable/$,apps.process.views.RecruitmentStageViewSet,DRF,HasProcessPermission,JWTAuthentication,,StandardResultsSetPagination,DjangoFilterBackend,,,options,/Users/loki/WorkBuddy/招聘助手/ATS-NEW/apps/django/.venv/lib/python3.14/site-packages/django/views/generic/base.py:55
api/v1/stages/^(?P<pk>[^/.]+)/enable\.(?P<format>[a-z0-9]+)/?$,apps.process.views.RecruitmentStageViewSet,DRF,HasProcessPermission,JWTAuthentication,,StandardResultsSetPagination,DjangoFilterBackend,,,options,/Users/loki/WorkBuddy/招聘助手/ATS-NEW/apps/django/.venv/lib/python3.14/site-packages/django/views/generic/base.py:55
api/v1/stages/^(?P<pk>[^/.]+)/references/$,apps.process.views.RecruitmentStageViewSet,DRF,HasProcessPermission,JWTAuthentication,,StandardResultsSetPagination,DjangoFilterBackend,,,options,/Users/loki/WorkBuddy/招聘助手/ATS-NEW/apps/django/.venv/lib/python3.14/site-packages/django/views/generic/base.py:55
api/v1/stages/^(?P<pk>[^/.]+)/references\.(?P<format>[a-z0-9]+)/?$,apps.process.views.RecruitmentStageViewSet,DRF,HasProcessPermission,JWTAuthentication,,StandardResultsSetPagination,DjangoFilterBackend,,,options,/Users/loki/WorkBuddy/招聘助手/ATS-NEW/apps/django/.venv/lib/python3.14/site-packages/django/views/generic/base.py:55
api/v1/stages/,rest_framework.routers.APIRootView,DRF,AllowAny,JWTAuthentication,,,,,,"get,options",/Users/loki/WorkBuddy/招聘助手/ATS-NEW/apps/django/.venv/lib/python3.14/site-packages/django/views/generic/base.py:55
api/v1/stages/<drf_format_suffix:format>,rest_framework.routers.APIRootView,DRF,AllowAny,JWTAuthentication,,,,,,"get,options",/Users/loki/WorkBuddy/招聘助手/ATS-NEW/apps/django/.venv/lib/python3.14/site-packages/django/views/generic/base.py:55
api/v1/processes/apply-template,apps.process.views.ProcessApplyTemplateView,DRF,HasProcessPermission,JWTAuthentication,,,,,,"options,post",/Users/loki/WorkBuddy/招聘助手/ATS-NEW/apps/django/.venv/lib/python3.14/site-packages/django/views/generic/base.py:55
api/v1/processes/^$,apps.process.views.RecruitmentProcessViewSet,DRF,HasProcessPermission,JWTAuthentication,,StandardResultsSetPagination,DjangoFilterBackend,,,options,/Users/loki/WorkBuddy/招聘助手/ATS-NEW/apps/django/.venv/lib/python3.14/site-packages/django/views/generic/base.py:55
api/v1/processes/^\.(?P<format>[a-z0-9]+)/?$,apps.process.views.RecruitmentProcessViewSet,DRF,HasProcessPermission,JWTAuthentication,,StandardResultsSetPagination,DjangoFilterBackend,,,options,/Users/loki/WorkBuddy/招聘助手/ATS-NEW/apps/django/.venv/lib/python3.14/site-packages/django/views/generic/base.py:55
api/v1/processes/^(?P<pk>[^/.]+)/$,apps.process.views.RecruitmentProcessViewSet,DRF,HasProcessPermission,JWTAuthentication,,StandardResultsSetPagination,DjangoFilterBackend,,,options,/Users/loki/WorkBuddy/招聘助手/ATS-NEW/apps/django/.venv/lib/python3.14/site-packages/django/views/generic/base.py:55
api/v1/processes/^(?P<pk>[^/.]+)\.(?P<format>[a-z0-9]+)/?$,apps.process.views.RecruitmentProcessViewSet,DRF,HasProcessPermission,JWTAuthentication,,StandardResultsSetPagination,DjangoFilterBackend,,,options,/Users/loki/WorkBuddy/招聘助手/ATS-NEW/apps/django/.venv/lib/python3.14/site-packages/django/views/generic/base.py:55
api/v1/processes/^(?P<pk>[^/.]+)/archive/$,apps.process.views.RecruitmentProcessViewSet,DRF,HasProcessPermission,JWTAuthentication,,StandardResultsSetPagination,DjangoFilterBackend,,,options,/Users/loki/WorkBuddy/招聘助手/ATS-NEW/apps/django/.venv/lib/python3.14/site-packages/django/views/generic/base.py:55
api/v1/processes/^(?P<pk>[^/.]+)/archive\.(?P<format>[a-z0-9]+)/?$,apps.process.views.RecruitmentProcessViewSet,DRF,HasProcessPermission,JWTAuthentication,,StandardResultsSetPagination,DjangoFilterBackend,,,options,/Users/loki/WorkBuddy/招聘助手/ATS-NEW/apps/django/.venv/lib/python3.14/site-packages/django/views/generic/base.py:55
api/v1/processes/^(?P<pk>[^/.]+)/batch-recommend/$,apps.process.views.RecruitmentProcessViewSet,DRF,HasProcessPermission,JWTAuthentication,,StandardResultsSetPagination,DjangoFilterBackend,,,options,/Users/loki/WorkBuddy/招聘助手/ATS-NEW/apps/django/.venv/lib/python3.14/site-packages/django/views/generic/base.py:55
api/v1/processes/^(?P<pk>[^/.]+)/batch-recommend\.(?P<format>[a-z0-9]+)/?$,apps.process.views.RecruitmentProcessViewSet,DRF,HasProcessPermission,JWTAuthentication,,StandardResultsSetPagination,DjangoFilterBackend,,,options,/Users/loki/WorkBuddy/招聘助手/ATS-NEW/apps/django/.venv/lib/python3.14/site-packages/django/views/generic/base.py:55
api/v1/processes/^(?P<pk>[^/.]+)/batch-screen/$,apps.process.views.RecruitmentProcessViewSet,DRF,HasProcessPermission,JWTAuthentication,,StandardResultsSetPagination,DjangoFilterBackend,,,options,/Users/loki/WorkBuddy/招聘助手/ATS-NEW/apps/django/.venv/lib/python3.14/site-packages/django/views/generic/base.py:55
api/v1/processes/^(?P<pk>[^/.]+)/batch-screen\.(?P<format>[a-z0-9]+)/?$,apps.process.views.RecruitmentProcessViewSet,DRF,HasProcessPermission,JWTAuthentication,,StandardResultsSetPagination,DjangoFilterBackend,,,options,/Users/loki/WorkBuddy/招聘助手/ATS-NEW/apps/django/.venv/lib/python3.14/site-packages/django/views/generic/base.py:55
api/v1/processes/^(?P<pk>[^/.]+)/clone-version/$,apps.process.views.RecruitmentProcessViewSet,DRF,HasProcessPermission,JWTAuthentication,,StandardResultsSetPagination,DjangoFilterBackend,,,options,/Users/loki/WorkBuddy/招聘助手/ATS-NEW/apps/django/.venv/lib/python3.14/site-packages/django/views/generic/base.py:55
api/v1/processes/^(?P<pk>[^/.]+)/clone-version\.(?P<format>[a-z0-9]+)/?$,apps.process.views.RecruitmentProcessViewSet,DRF,HasProcessPermission,JWTAuthentication,,StandardResultsSetPagination,DjangoFilterBackend,,,options,/Users/loki/WorkBuddy/招聘助手/ATS-NEW/apps/django/.venv/lib/python3.14/site-packages/django/views/generic/base.py:55
api/v1/processes/^(?P<pk>[^/.]+)/versions/$,apps.process.views.RecruitmentProcessViewSet,DRF,HasProcessPermission,JWTAuthentication,,StandardResultsSetPagination,DjangoFilterBackend,,,options,/Users/loki/WorkBuddy/招聘助手/ATS-NEW/apps/django/.venv/lib/python3.14/site-packages/django/views/generic/base.py:55
api/v1/processes/^(?P<pk>[^/.]+)/versions\.(?P<format>[a-z0-9]+)/?$,apps.process.views.RecruitmentProcessViewSet,DRF,HasProcessPermission,JWTAuthentication,,StandardResultsSetPagination,DjangoFilterBackend,,,options,/Users/loki/WorkBuddy/招聘助手/ATS-NEW/apps/django/.venv/lib/python3.14/site-packages/django/views/generic/base.py:55
api/v1/processes/,rest_framework.routers.APIRootView,DRF,AllowAny,JWTAuthentication,,,,,,"get,options",/Users/loki/WorkBuddy/招聘助手/ATS-NEW/apps/django/.venv/lib/python3.14/site-packages/django/views/generic/base.py:55
api/v1/processes/<drf_format_suffix:format>,rest_framework.routers.APIRootView,DRF,AllowAny,JWTAuthentication,,,,,,"get,options",/Users/loki/WorkBuddy/招聘助手/ATS-NEW/apps/django/.venv/lib/python3.14/site-packages/django/views/generic/base.py:55
api/v1/recruitment-processes/apply-template,apps.process.views.ProcessApplyTemplateView,DRF,HasProcessPermission,JWTAuthentication,,,,,,"options,post",/Users/loki/WorkBuddy/招聘助手/ATS-NEW/apps/django/.venv/lib/python3.14/site-packages/django/views/generic/base.py:55
api/v1/recruitment-processes/^$,apps.process.views.RecruitmentProcessViewSet,DRF,HasProcessPermission,JWTAuthentication,,StandardResultsSetPagination,DjangoFilterBackend,,,options,/Users/loki/WorkBuddy/招聘助手/ATS-NEW/apps/django/.venv/lib/python3.14/site-packages/django/views/generic/base.py:55
api/v1/recruitment-processes/^\.(?P<format>[a-z0-9]+)/?$,apps.process.views.RecruitmentProcessViewSet,DRF,HasProcessPermission,JWTAuthentication,,StandardResultsSetPagination,DjangoFilterBackend,,,options,/Users/loki/WorkBuddy/招聘助手/ATS-NEW/apps/django/.venv/lib/python3.14/site-packages/django/views/generic/base.py:55
api/v1/recruitment-processes/^(?P<pk>[^/.]+)/$,apps.process.views.RecruitmentProcessViewSet,DRF,HasProcessPermission,JWTAuthentication,,StandardResultsSetPagination,DjangoFilterBackend,,,options,/Users/loki/WorkBuddy/招聘助手/ATS-NEW/apps/django/.venv/lib/python3.14/site-packages/django/views/generic/base.py:55
api/v1/recruitment-processes/^(?P<pk>[^/.]+)\.(?P<format>[a-z0-9]+)/?$,apps.process.views.RecruitmentProcessViewSet,DRF,HasProcessPermission,JWTAuthentication,,StandardResultsSetPagination,DjangoFilterBackend,,,options,/Users/loki/WorkBuddy/招聘助手/ATS-NEW/apps/django/.venv/lib/python3.14/site-packages/django/views/generic/base.py:55
api/v1/recruitment-processes/^(?P<pk>[^/.]+)/archive/$,apps.process.views.RecruitmentProcessViewSet,DRF,HasProcessPermission,JWTAuthentication,,StandardResultsSetPagination,DjangoFilterBackend,,,options,/Users/loki/WorkBuddy/招聘助手/ATS-NEW/apps/django/.venv/lib/python3.14/site-packages/django/views/generic/base.py:55
api/v1/recruitment-processes/^(?P<pk>[^/.]+)/archive\.(?P<format>[a-z0-9]+)/?$,apps.process.views.RecruitmentProcessViewSet,DRF,HasProcessPermission,JWTAuthentication,,StandardResultsSetPagination,DjangoFilterBackend,,,options,/Users/loki/WorkBuddy/招聘助手/ATS-NEW/apps/django/.venv/lib/python3.14/site-packages/django/views/generic/base.py:55
api/v1/recruitment-processes/^(?P<pk>[^/.]+)/batch-recommend/$,apps.process.views.RecruitmentProcessViewSet,DRF,HasProcessPermission,JWTAuthentication,,StandardResultsSetPagination,DjangoFilterBackend,,,options,/Users/loki/WorkBuddy/招聘助手/ATS-NEW/apps/django/.venv/lib/python3.14/site-packages/django/views/generic/base.py:55
api/v1/recruitment-processes/^(?P<pk>[^/.]+)/batch-recommend\.(?P<format>[a-z0-9]+)/?$,apps.process.views.RecruitmentProcessViewSet,DRF,HasProcessPermission,JWTAuthentication,,StandardResultsSetPagination,DjangoFilterBackend,,,options,/Users/loki/WorkBuddy/招聘助手/ATS-NEW/apps/django/.venv/lib/python3.14/site-packages/django/views/generic/base.py:55
api/v1/recruitment-processes/^(?P<pk>[^/.]+)/batch-screen/$,apps.process.views.RecruitmentProcessViewSet,DRF,HasProcessPermission,JWTAuthentication,,StandardResultsSetPagination,DjangoFilterBackend,,,options,/Users/loki/WorkBuddy/招聘助手/ATS-NEW/apps/django/.venv/lib/python3.14/site-packages/django/views/generic/base.py:55
api/v1/recruitment-processes/^(?P<pk>[^/.]+)/batch-screen\.(?P<format>[a-z0-9]+)/?$,apps.process.views.RecruitmentProcessViewSet,DRF,HasProcessPermission,JWTAuthentication,,StandardResultsSetPagination,DjangoFilterBackend,,,options,/Users/loki/WorkBuddy/招聘助手/ATS-NEW/apps/django/.venv/lib/python3.14/site-packages/django/views/generic/base.py:55
api/v1/recruitment-processes/^(?P<pk>[^/.]+)/clone-version/$,apps.process.views.RecruitmentProcessViewSet,DRF,HasProcessPermission,JWTAuthentication,,StandardResultsSetPagination,DjangoFilterBackend,,,options,/Users/loki/WorkBuddy/招聘助手/ATS-NEW/apps/django/.venv/lib/python3.14/site-packages/django/views/generic/base.py:55
api/v1/recruitment-processes/^(?P<pk>[^/.]+)/clone-version\.(?P<format>[a-z0-9]+)/?$,apps.process.views.RecruitmentProcessViewSet,DRF,HasProcessPermission,JWTAuthentication,,StandardResultsSetPagination,DjangoFilterBackend,,,options,/Users/loki/WorkBuddy/招聘助手/ATS-NEW/apps/django/.venv/lib/python3.14/site-packages/django/views/generic/base.py:55
api/v1/recruitment-processes/^(?P<pk>[^/.]+)/versions/$,apps.process.views.RecruitmentProcessViewSet,DRF,HasProcessPermission,JWTAuthentication,,StandardResultsSetPagination,DjangoFilterBackend,,,options,/Users/loki/WorkBuddy/招聘助手/ATS-NEW/apps/django/.venv/lib/python3.14/site-packages/django/views/generic/base.py:55
api/v1/recruitment-processes/^(?P<pk>[^/.]+)/versions\.(?P<format>[a-z0-9]+)/?$,apps.process.views.RecruitmentProcessViewSet,DRF,HasProcessPermission,JWTAuthentication,,StandardResultsSetPagination,DjangoFilterBackend,,,options,/Users/loki/WorkBuddy/招聘助手/ATS-NEW/apps/django/.venv/lib/python3.14/site-packages/django/views/generic/base.py:55
api/v1/recruitment-processes/,rest_framework.routers.APIRootView,DRF,AllowAny,JWTAuthentication,,,,,,"get,options",/Users/loki/WorkBuddy/招聘助手/ATS-NEW/apps/django/.venv/lib/python3.14/site-packages/django/views/generic/base.py:55
api/v1/recruitment-processes/<drf_format_suffix:format>,rest_framework.routers.APIRootView,DRF,AllowAny,JWTAuthentication,,,,,,"get,options",/Users/loki/WorkBuddy/招聘助手/ATS-NEW/apps/django/.venv/lib/python3.14/site-packages/django/views/generic/base.py:55
api/v1/process-stage-links/^$,apps.process.views.ProcessStageLinkViewSet,DRF,HasProcessPermission,JWTAuthentication,,StandardResultsSetPagination,DjangoFilterBackend,,ProcessStageLinkSerializer,options,/Users/loki/WorkBuddy/招聘助手/ATS-NEW/apps/django/.venv/lib/python3.14/site-packages/django/views/generic/base.py:55
api/v1/process-stage-links/^\.(?P<format>[a-z0-9]+)/?$,apps.process.views.ProcessStageLinkViewSet,DRF,HasProcessPermission,JWTAuthentication,,StandardResultsSetPagination,DjangoFilterBackend,,ProcessStageLinkSerializer,options,/Users/loki/WorkBuddy/招聘助手/ATS-NEW/apps/django/.venv/lib/python3.14/site-packages/django/views/generic/base.py:55
api/v1/process-stage-links/^reorder/$,apps.process.views.ProcessStageLinkViewSet,DRF,HasProcessPermission,JWTAuthentication,,StandardResultsSetPagination,DjangoFilterBackend,,ProcessStageLinkSerializer,options,/Users/loki/WorkBuddy/招聘助手/ATS-NEW/apps/django/.venv/lib/python3.14/site-packages/django/views/generic/base.py:55
api/v1/process-stage-links/^reorder\.(?P<format>[a-z0-9]+)/?$,apps.process.views.ProcessStageLinkViewSet,DRF,HasProcessPermission,JWTAuthentication,,StandardResultsSetPagination,DjangoFilterBackend,,ProcessStageLinkSerializer,options,/Users/loki/WorkBuddy/招聘助手/ATS-NEW/apps/django/.venv/lib/python3.14/site-packages/django/views/generic/base.py:55
api/v1/process-stage-links/^(?P<pk>[^/.]+)/$,apps.process.views.ProcessStageLinkViewSet,DRF,HasProcessPermission,JWTAuthentication,,StandardResultsSetPagination,DjangoFilterBackend,,ProcessStageLinkSerializer,options,/Users/loki/WorkBuddy/招聘助手/ATS-NEW/apps/django/.venv/lib/python3.14/site-packages/django/views/generic/base.py:55
api/v1/process-stage-links/^(?P<pk>[^/.]+)\.(?P<format>[a-z0-9]+)/?$,apps.process.views.ProcessStageLinkViewSet,DRF,HasProcessPermission,JWTAuthentication,,StandardResultsSetPagination,DjangoFilterBackend,,ProcessStageLinkSerializer,options,/Users/loki/WorkBuddy/招聘助手/ATS-NEW/apps/django/.venv/lib/python3.14/site-packages/django/views/generic/base.py:55
api/v1/process-stage-links/,rest_framework.routers.APIRootView,DRF,AllowAny,JWTAuthentication,,,,,,"get,options",/Users/loki/WorkBuddy/招聘助手/ATS-NEW/apps/django/.venv/lib/python3.14/site-packages/django/views/generic/base.py:55
api/v1/process-stage-links/<drf_format_suffix:format>,rest_framework.routers.APIRootView,DRF,AllowAny,JWTAuthentication,,,,,,"get,options",/Users/loki/WorkBuddy/招聘助手/ATS-NEW/apps/django/.venv/lib/python3.14/site-packages/django/views/generic/base.py:55
api/v1/recruitment-process-stage-links/^$,apps.process.views.ProcessStageLinkViewSet,DRF,HasProcessPermission,JWTAuthentication,,StandardResultsSetPagination,DjangoFilterBackend,,ProcessStageLinkSerializer,options,/Users/loki/WorkBuddy/招聘助手/ATS-NEW/apps/django/.venv/lib/python3.14/site-packages/django/views/generic/base.py:55
api/v1/recruitment-process-stage-links/^\.(?P<format>[a-z0-9]+)/?$,apps.process.views.ProcessStageLinkViewSet,DRF,HasProcessPermission,JWTAuthentication,,StandardResultsSetPagination,DjangoFilterBackend,,ProcessStageLinkSerializer,options,/Users/loki/WorkBuddy/招聘助手/ATS-NEW/apps/django/.venv/lib/python3.14/site-packages/django/views/generic/base.py:55
api/v1/recruitment-process-stage-links/^reorder/$,apps.process.views.ProcessStageLinkViewSet,DRF,HasProcessPermission,JWTAuthentication,,StandardResultsSetPagination,DjangoFilterBackend,,ProcessStageLinkSerializer,options,/Users/loki/WorkBuddy/招聘助手/ATS-NEW/apps/django/.venv/lib/python3.14/site-packages/django/views/generic/base.py:55
api/v1/recruitment-process-stage-links/^reorder\.(?P<format>[a-z0-9]+)/?$,apps.process.views.ProcessStageLinkViewSet,DRF,HasProcessPermission,JWTAuthentication,,StandardResultsSetPagination,DjangoFilterBackend,,ProcessStageLinkSerializer,options,/Users/loki/WorkBuddy/招聘助手/ATS-NEW/apps/django/.venv/lib/python3.14/site-packages/django/views/generic/base.py:55
api/v1/recruitment-process-stage-links/^(?P<pk>[^/.]+)/$,apps.process.views.ProcessStageLinkViewSet,DRF,HasProcessPermission,JWTAuthentication,,StandardResultsSetPagination,DjangoFilterBackend,,ProcessStageLinkSerializer,options,/Users/loki/WorkBuddy/招聘助手/ATS-NEW/apps/django/.venv/lib/python3.14/site-packages/django/views/generic/base.py:55
api/v1/recruitment-process-stage-links/^(?P<pk>[^/.]+)\.(?P<format>[a-z0-9]+)/?$,apps.process.views.ProcessStageLinkViewSet,DRF,HasProcessPermission,JWTAuthentication,,StandardResultsSetPagination,DjangoFilterBackend,,ProcessStageLinkSerializer,options,/Users/loki/WorkBuddy/招聘助手/ATS-NEW/apps/django/.venv/lib/python3.14/site-packages/django/views/generic/base.py:55
api/v1/recruitment-process-stage-links/,rest_framework.routers.APIRootView,DRF,AllowAny,JWTAuthentication,,,,,,"get,options",/Users/loki/WorkBuddy/招聘助手/ATS-NEW/apps/django/.venv/lib/python3.14/site-packages/django/views/generic/base.py:55
api/v1/recruitment-process-stage-links/<drf_format_suffix:format>,rest_framework.routers.APIRootView,DRF,AllowAny,JWTAuthentication,,,,,,"get,options",/Users/loki/WorkBuddy/招聘助手/ATS-NEW/apps/django/.venv/lib/python3.14/site-packages/django/views/generic/base.py:55
api/v1/stage-rules/^$,apps.process.views.StageRuleViewSet,DRF,HasProcessPermission,JWTAuthentication,,StandardResultsSetPagination,DjangoFilterBackend,,StageRuleSerializer,options,/Users/loki/WorkBuddy/招聘助手/ATS-NEW/apps/django/.venv/lib/python3.14/site-packages/django/views/generic/base.py:55
api/v1/stage-rules/^\.(?P<format>[a-z0-9]+)/?$,apps.process.views.StageRuleViewSet,DRF,HasProcessPermission,JWTAuthentication,,StandardResultsSetPagination,DjangoFilterBackend,,StageRuleSerializer,options,/Users/loki/WorkBuddy/招聘助手/ATS-NEW/apps/django/.venv/lib/python3.14/site-packages/django/views/generic/base.py:55
api/v1/stage-rules/^(?P<pk>[^/.]+)/$,apps.process.views.StageRuleViewSet,DRF,HasProcessPermission,JWTAuthentication,,StandardResultsSetPagination,DjangoFilterBackend,,StageRuleSerializer,options,/Users/loki/WorkBuddy/招聘助手/ATS-NEW/apps/django/.venv/lib/python3.14/site-packages/django/views/generic/base.py:55
api/v1/stage-rules/^(?P<pk>[^/.]+)\.(?P<format>[a-z0-9]+)/?$,apps.process.views.StageRuleViewSet,DRF,HasProcessPermission,JWTAuthentication,,StandardResultsSetPagination,DjangoFilterBackend,,StageRuleSerializer,options,/Users/loki/WorkBuddy/招聘助手/ATS-NEW/apps/django/.venv/lib/python3.14/site-packages/django/views/generic/base.py:55
api/v1/stage-rules/,rest_framework.routers.APIRootView,DRF,AllowAny,JWTAuthentication,,,,,,"get,options",/Users/loki/WorkBuddy/招聘助手/ATS-NEW/apps/django/.venv/lib/python3.14/site-packages/django/views/generic/base.py:55
api/v1/stage-rules/<drf_format_suffix:format>,rest_framework.routers.APIRootView,DRF,AllowAny,JWTAuthentication,,,,,,"get,options",/Users/loki/WorkBuddy/招聘助手/ATS-NEW/apps/django/.venv/lib/python3.14/site-packages/django/views/generic/base.py:55
api/v1/recruitment-rules/entry-conditions/^$,apps.entry_condition.views.EntryConditionRuleViewSet,DRF,HasProcessPermission,JWTAuthentication,,StandardResultsSetPagination,DjangoFilterBackend,,,options,/Users/loki/WorkBuddy/招聘助手/ATS-NEW/apps/django/.venv/lib/python3.14/site-packages/django/views/generic/base.py:55
api/v1/recruitment-rules/entry-conditions/^\.(?P<format>[a-z0-9]+)/?$,apps.entry_condition.views.EntryConditionRuleViewSet,DRF,HasProcessPermission,JWTAuthentication,,StandardResultsSetPagination,DjangoFilterBackend,,,options,/Users/loki/WorkBuddy/招聘助手/ATS-NEW/apps/django/.venv/lib/python3.14/site-packages/django/views/generic/base.py:55
api/v1/recruitment-rules/entry-conditions/^evaluate/$,apps.entry_condition.views.EntryConditionRuleViewSet,DRF,HasProcessPermission,JWTAuthentication,,StandardResultsSetPagination,DjangoFilterBackend,,,options,/Users/loki/WorkBuddy/招聘助手/ATS-NEW/apps/django/.venv/lib/python3.14/site-packages/django/views/generic/base.py:55
api/v1/recruitment-rules/entry-conditions/^evaluate\.(?P<format>[a-z0-9]+)/?$,apps.entry_condition.views.EntryConditionRuleViewSet,DRF,HasProcessPermission,JWTAuthentication,,StandardResultsSetPagination,DjangoFilterBackend,,,options,/Users/loki/WorkBuddy/招聘助手/ATS-NEW/apps/django/.venv/lib/python3.14/site-packages/django/views/generic/base.py:55
api/v1/recruitment-rules/entry-conditions/^logs/$,apps.entry_condition.views.EntryConditionRuleViewSet,DRF,HasProcessPermission,JWTAuthentication,,StandardResultsSetPagination,DjangoFilterBackend,,,options,/Users/loki/WorkBuddy/招聘助手/ATS-NEW/apps/django/.venv/lib/python3.14/site-packages/django/views/generic/base.py:55
api/v1/recruitment-rules/entry-conditions/^logs\.(?P<format>[a-z0-9]+)/?$,apps.entry_condition.views.EntryConditionRuleViewSet,DRF,HasProcessPermission,JWTAuthentication,,StandardResultsSetPagination,DjangoFilterBackend,,,options,/Users/loki/WorkBuddy/招聘助手/ATS-NEW/apps/django/.venv/lib/python3.14/site-packages/django/views/generic/base.py:55
api/v1/recruitment-rules/entry-conditions/^reorder/$,apps.entry_condition.views.EntryConditionRuleViewSet,DRF,HasProcessPermission,JWTAuthentication,,StandardResultsSetPagination,DjangoFilterBackend,,,options,/Users/loki/WorkBuddy/招聘助手/ATS-NEW/apps/django/.venv/lib/python3.14/site-packages/django/views/generic/base.py:55
api/v1/recruitment-rules/entry-conditions/^reorder\.(?P<format>[a-z0-9]+)/?$,apps.entry_condition.views.EntryConditionRuleViewSet,DRF,HasProcessPermission,JWTAuthentication,,StandardResultsSetPagination,DjangoFilterBackend,,,options,/Users/loki/WorkBuddy/招聘助手/ATS-NEW/apps/django/.venv/lib/python3.14/site-packages/django/views/generic/base.py:55
api/v1/recruitment-rules/entry-conditions/^(?P<pk>[^/.]+)/$,apps.entry_condition.views.EntryConditionRuleViewSet,DRF,HasProcessPermission,JWTAuthentication,,StandardResultsSetPagination,DjangoFilterBackend,,,options,/Users/loki/WorkBuddy/招聘助手/ATS-NEW/apps/django/.venv/lib/python3.14/site-packages/django/views/generic/base.py:55
api/v1/recruitment-rules/entry-conditions/^(?P<pk>[^/.]+)\.(?P<format>[a-z0-9]+)/?$,apps.entry_condition.views.EntryConditionRuleViewSet,DRF,HasProcessPermission,JWTAuthentication,,StandardResultsSetPagination,DjangoFilterBackend,,,options,/Users/loki/WorkBuddy/招聘助手/ATS-NEW/apps/django/.venv/lib/python3.14/site-packages/django/views/generic/base.py:55
api/v1/recruitment-rules/entry-conditions/^(?P<pk>[^/.]+)/toggle/$,apps.entry_condition.views.EntryConditionRuleViewSet,DRF,HasProcessPermission,JWTAuthentication,,StandardResultsSetPagination,DjangoFilterBackend,,,options,/Users/loki/WorkBuddy/招聘助手/ATS-NEW/apps/django/.venv/lib/python3.14/site-packages/django/views/generic/base.py:55
api/v1/recruitment-rules/entry-conditions/^(?P<pk>[^/.]+)/toggle\.(?P<format>[a-z0-9]+)/?$,apps.entry_condition.views.EntryConditionRuleViewSet,DRF,HasProcessPermission,JWTAuthentication,,StandardResultsSetPagination,DjangoFilterBackend,,,options,/Users/loki/WorkBuddy/招聘助手/ATS-NEW/apps/django/.venv/lib/python3.14/site-packages/django/views/generic/base.py:55
api/v1/recruitment-rules/entry-conditions/,rest_framework.routers.APIRootView,DRF,AllowAny,JWTAuthentication,,,,,,"get,options",/Users/loki/WorkBuddy/招聘助手/ATS-NEW/apps/django/.venv/lib/python3.14/site-packages/django/views/generic/base.py:55
api/v1/recruitment-rules/entry-conditions/<drf_format_suffix:format>,rest_framework.routers.APIRootView,DRF,AllowAny,JWTAuthentication,,,,,,"get,options",/Users/loki/WorkBuddy/招聘助手/ATS-NEW/apps/django/.venv/lib/python3.14/site-packages/django/views/generic/base.py:55
api/v1/entry-condition-rules/^$,apps.entry_condition.views.EntryConditionRuleViewSet,DRF,HasProcessPermission,JWTAuthentication,,StandardResultsSetPagination,DjangoFilterBackend,,,options,/Users/loki/WorkBuddy/招聘助手/ATS-NEW/apps/django/.venv/lib/python3.14/site-packages/django/views/generic/base.py:55
api/v1/entry-condition-rules/^\.(?P<format>[a-z0-9]+)/?$,apps.entry_condition.views.EntryConditionRuleViewSet,DRF,HasProcessPermission,JWTAuthentication,,StandardResultsSetPagination,DjangoFilterBackend,,,options,/Users/loki/WorkBuddy/招聘助手/ATS-NEW/apps/django/.venv/lib/python3.14/site-packages/django/views/generic/base.py:55
api/v1/entry-condition-rules/^evaluate/$,apps.entry_condition.views.EntryConditionRuleViewSet,DRF,HasProcessPermission,JWTAuthentication,,StandardResultsSetPagination,DjangoFilterBackend,,,options,/Users/loki/WorkBuddy/招聘助手/ATS-NEW/apps/django/.venv/lib/python3.14/site-packages/django/views/generic/base.py:55
api/v1/entry-condition-rules/^evaluate\.(?P<format>[a-z0-9]+)/?$,apps.entry_condition.views.EntryConditionRuleViewSet,DRF,HasProcessPermission,JWTAuthentication,,StandardResultsSetPagination,DjangoFilterBackend,,,options,/Users/loki/WorkBuddy/招聘助手/ATS-NEW/apps/django/.venv/lib/python3.14/site-packages/django/views/generic/base.py:55
api/v1/entry-condition-rules/^logs/$,apps.entry_condition.views.EntryConditionRuleViewSet,DRF,HasProcessPermission,JWTAuthentication,,StandardResultsSetPagination,DjangoFilterBackend,,,options,/Users/loki/WorkBuddy/招聘助手/ATS-NEW/apps/django/.venv/lib/python3.14/site-packages/django/views/generic/base.py:55
api/v1/entry-condition-rules/^logs\.(?P<format>[a-z0-9]+)/?$,apps.entry_condition.views.EntryConditionRuleViewSet,DRF,HasProcessPermission,JWTAuthentication,,StandardResultsSetPagination,DjangoFilterBackend,,,options,/Users/loki/WorkBuddy/招聘助手/ATS-NEW/apps/django/.venv/lib/python3.14/site-packages/django/views/generic/base.py:55
api/v1/entry-condition-rules/^reorder/$,apps.entry_condition.views.EntryConditionRuleViewSet,DRF,HasProcessPermission,JWTAuthentication,,StandardResultsSetPagination,DjangoFilterBackend,,,options,/Users/loki/WorkBuddy/招聘助手/ATS-NEW/apps/django/.venv/lib/python3.14/site-packages/django/views/generic/base.py:55
api/v1/entry-condition-rules/^reorder\.(?P<format>[a-z0-9]+)/?$,apps.entry_condition.views.EntryConditionRuleViewSet,DRF,HasProcessPermission,JWTAuthentication,,StandardResultsSetPagination,DjangoFilterBackend,,,options,/Users/loki/WorkBuddy/招聘助手/ATS-NEW/apps/django/.venv/lib/python3.14/site-packages/django/views/generic/base.py:55
api/v1/entry-condition-rules/^(?P<pk>[^/.]+)/$,apps.entry_condition.views.EntryConditionRuleViewSet,DRF,HasProcessPermission,JWTAuthentication,,StandardResultsSetPagination,DjangoFilterBackend,,,options,/Users/loki/WorkBuddy/招聘助手/ATS-NEW/apps/django/.venv/lib/python3.14/site-packages/django/views/generic/base.py:55
api/v1/entry-condition-rules/^(?P<pk>[^/.]+)\.(?P<format>[a-z0-9]+)/?$,apps.entry_condition.views.EntryConditionRuleViewSet,DRF,HasProcessPermission,JWTAuthentication,,StandardResultsSetPagination,DjangoFilterBackend,,,options,/Users/loki/WorkBuddy/招聘助手/ATS-NEW/apps/django/.venv/lib/python3.14/site-packages/django/views/generic/base.py:55
api/v1/entry-condition-rules/^(?P<pk>[^/.]+)/toggle/$,apps.entry_condition.views.EntryConditionRuleViewSet,DRF,HasProcessPermission,JWTAuthentication,,StandardResultsSetPagination,DjangoFilterBackend,,,options,/Users/loki/WorkBuddy/招聘助手/ATS-NEW/apps/django/.venv/lib/python3.14/site-packages/django/views/generic/base.py:55
api/v1/entry-condition-rules/^(?P<pk>[^/.]+)/toggle\.(?P<format>[a-z0-9]+)/?$,apps.entry_condition.views.EntryConditionRuleViewSet,DRF,HasProcessPermission,JWTAuthentication,,StandardResultsSetPagination,DjangoFilterBackend,,,options,/Users/loki/WorkBuddy/招聘助手/ATS-NEW/apps/django/.venv/lib/python3.14/site-packages/django/views/generic/base.py:55
api/v1/entry-condition-rules/,rest_framework.routers.APIRootView,DRF,AllowAny,JWTAuthentication,,,,,,"get,options",/Users/loki/WorkBuddy/招聘助手/ATS-NEW/apps/django/.venv/lib/python3.14/site-packages/django/views/generic/base.py:55
api/v1/entry-condition-rules/<drf_format_suffix:format>,rest_framework.routers.APIRootView,DRF,AllowAny,JWTAuthentication,,,,,,"get,options",/Users/loki/WorkBuddy/招聘助手/ATS-NEW/apps/django/.venv/lib/python3.14/site-packages/django/views/generic/base.py:55
api/v1/time-limit-rules/^$,apps.time_limit.views.TimeLimitRuleViewSet,DRF,HasProcessPermission,JWTAuthentication,,StandardResultsSetPagination,DjangoFilterBackend,,TimeLimitRuleSerializer,options,/Users/loki/WorkBuddy/招聘助手/ATS-NEW/apps/django/.venv/lib/python3.14/site-packages/django/views/generic/base.py:55
api/v1/time-limit-rules/^\.(?P<format>[a-z0-9]+)/?$,apps.time_limit.views.TimeLimitRuleViewSet,DRF,HasProcessPermission,JWTAuthentication,,StandardResultsSetPagination,DjangoFilterBackend,,TimeLimitRuleSerializer,options,/Users/loki/WorkBuddy/招聘助手/ATS-NEW/apps/django/.venv/lib/python3.14/site-packages/django/views/generic/base.py:55
api/v1/time-limit-rules/^calculate/$,apps.time_limit.views.TimeLimitRuleViewSet,DRF,HasProcessPermission,JWTAuthentication,,StandardResultsSetPagination,DjangoFilterBackend,,TimeLimitRuleSerializer,options,/Users/loki/WorkBuddy/招聘助手/ATS-NEW/apps/django/.venv/lib/python3.14/site-packages/django/views/generic/base.py:55
api/v1/time-limit-rules/^calculate\.(?P<format>[a-z0-9]+)/?$,apps.time_limit.views.TimeLimitRuleViewSet,DRF,HasProcessPermission,JWTAuthentication,,StandardResultsSetPagination,DjangoFilterBackend,,TimeLimitRuleSerializer,options,/Users/loki/WorkBuddy/招聘助手/ATS-NEW/apps/django/.venv/lib/python3.14/site-packages/django/views/generic/base.py:55
api/v1/time-limit-rules/^(?P<pk>[^/.]+)/$,apps.time_limit.views.TimeLimitRuleViewSet,DRF,HasProcessPermission,JWTAuthentication,,StandardResultsSetPagination,DjangoFilterBackend,,TimeLimitRuleSerializer,options,/Users/loki/WorkBuddy/招聘助手/ATS-NEW/apps/django/.venv/lib/python3.14/site-packages/django/views/generic/base.py:55
api/v1/time-limit-rules/^(?P<pk>[^/.]+)\.(?P<format>[a-z0-9]+)/?$,apps.time_limit.views.TimeLimitRuleViewSet,DRF,HasProcessPermission,JWTAuthentication,,StandardResultsSetPagination,DjangoFilterBackend,,TimeLimitRuleSerializer,options,/Users/loki/WorkBuddy/招聘助手/ATS-NEW/apps/django/.venv/lib/python3.14/site-packages/django/views/generic/base.py:55
api/v1/time-limit-rules/^(?P<pk>[^/.]+)/toggle/$,apps.time_limit.views.TimeLimitRuleViewSet,DRF,HasProcessPermission,JWTAuthentication,,StandardResultsSetPagination,DjangoFilterBackend,,TimeLimitRuleSerializer,options,/Users/loki/WorkBuddy/招聘助手/ATS-NEW/apps/django/.venv/lib/python3.14/site-packages/django/views/generic/base.py:55
api/v1/time-limit-rules/^(?P<pk>[^/.]+)/toggle\.(?P<format>[a-z0-9]+)/?$,apps.time_limit.views.TimeLimitRuleViewSet,DRF,HasProcessPermission,JWTAuthentication,,StandardResultsSetPagination,DjangoFilterBackend,,TimeLimitRuleSerializer,options,/Users/loki/WorkBuddy/招聘助手/ATS-NEW/apps/django/.venv/lib/python3.14/site-packages/django/views/generic/base.py:55
api/v1/time-limit-rules/,rest_framework.routers.APIRootView,DRF,AllowAny,JWTAuthentication,,,,,,"get,options",/Users/loki/WorkBuddy/招聘助手/ATS-NEW/apps/django/.venv/lib/python3.14/site-packages/django/views/generic/base.py:55
api/v1/time-limit-rules/<drf_format_suffix:format>,rest_framework.routers.APIRootView,DRF,AllowAny,JWTAuthentication,,,,,,"get,options",/Users/loki/WorkBuddy/招聘助手/ATS-NEW/apps/django/.venv/lib/python3.14/site-packages/django/views/generic/base.py:55
api/v1/automation-rules/trigger,apps.automation.views.AutomationTriggerView,DRF,HasProcessPermission,JWTAuthentication,,,,,,options,/Users/loki/WorkBuddy/招聘助手/ATS-NEW/apps/django/.venv/lib/python3.14/site-packages/django/views/generic/base.py:55
api/v1/automation-rules/^logs/$,apps.automation.views.AutomationLogViewSet,DRF,V2Permission,JWTAuthentication,,StandardResultsSetPagination,DjangoFilterBackend,,AutomationLogSerializer,options,/Users/loki/WorkBuddy/招聘助手/ATS-NEW/apps/django/.venv/lib/python3.14/site-packages/django/views/generic/base.py:55
api/v1/automation-rules/^logs\.(?P<format>[a-z0-9]+)/?$,apps.automation.views.AutomationLogViewSet,DRF,V2Permission,JWTAuthentication,,StandardResultsSetPagination,DjangoFilterBackend,,AutomationLogSerializer,options,/Users/loki/WorkBuddy/招聘助手/ATS-NEW/apps/django/.venv/lib/python3.14/site-packages/django/views/generic/base.py:55
api/v1/automation-rules/^logs/(?P<pk>[^/.]+)/$,apps.automation.views.AutomationLogViewSet,DRF,V2Permission,JWTAuthentication,,StandardResultsSetPagination,DjangoFilterBackend,,AutomationLogSerializer,options,/Users/loki/WorkBuddy/招聘助手/ATS-NEW/apps/django/.venv/lib/python3.14/site-packages/django/views/generic/base.py:55
api/v1/automation-rules/^logs/(?P<pk>[^/.]+)\.(?P<format>[a-z0-9]+)/?$,apps.automation.views.AutomationLogViewSet,DRF,V2Permission,JWTAuthentication,,StandardResultsSetPagination,DjangoFilterBackend,,AutomationLogSerializer,options,/Users/loki/WorkBuddy/招聘助手/ATS-NEW/apps/django/.venv/lib/python3.14/site-packages/django/views/generic/base.py:55
api/v1/automation-rules/^$,apps.automation.views.AutomationRuleViewSet,DRF,HasProcessPermission,JWTAuthentication,,StandardResultsSetPagination,DjangoFilterBackend,,AutomationRuleSerializer,options,/Users/loki/WorkBuddy/招聘助手/ATS-NEW/apps/django/.venv/lib/python3.14/site-packages/django/views/generic/base.py:55
api/v1/automation-rules/^\.(?P<format>[a-z0-9]+)/?$,apps.automation.views.AutomationRuleViewSet,DRF,HasProcessPermission,JWTAuthentication,,StandardResultsSetPagination,DjangoFilterBackend,,AutomationRuleSerializer,options,/Users/loki/WorkBuddy/招聘助手/ATS-NEW/apps/django/.venv/lib/python3.14/site-packages/django/views/generic/base.py:55
api/v1/automation-rules/^(?P<pk>[^/.]+)/$,apps.automation.views.AutomationRuleViewSet,DRF,HasProcessPermission,JWTAuthentication,,StandardResultsSetPagination,DjangoFilterBackend,,AutomationRuleSerializer,options,/Users/loki/WorkBuddy/招聘助手/ATS-NEW/apps/django/.venv/lib/python3.14/site-packages/django/views/generic/base.py:55
api/v1/automation-rules/^(?P<pk>[^/.]+)\.(?P<format>[a-z0-9]+)/?$,apps.automation.views.AutomationRuleViewSet,DRF,HasProcessPermission,JWTAuthentication,,StandardResultsSetPagination,DjangoFilterBackend,,AutomationRuleSerializer,options,/Users/loki/WorkBuddy/招聘助手/ATS-NEW/apps/django/.venv/lib/python3.14/site-packages/django/views/generic/base.py:55
api/v1/automation-rules/^(?P<pk>[^/.]+)/logs/$,apps.automation.views.AutomationRuleViewSet,DRF,HasProcessPermission,JWTAuthentication,,StandardResultsSetPagination,DjangoFilterBackend,,AutomationRuleSerializer,options,/Users/loki/WorkBuddy/招聘助手/ATS-NEW/apps/django/.venv/lib/python3.14/site-packages/django/views/generic/base.py:55
api/v1/automation-rules/^(?P<pk>[^/.]+)/logs\.(?P<format>[a-z0-9]+)/?$,apps.automation.views.AutomationRuleViewSet,DRF,HasProcessPermission,JWTAuthentication,,StandardResultsSetPagination,DjangoFilterBackend,,AutomationRuleSerializer,options,/Users/loki/WorkBuddy/招聘助手/ATS-NEW/apps/django/.venv/lib/python3.14/site-packages/django/views/generic/base.py:55
api/v1/automation-rules/^(?P<pk>[^/.]+)/stats/$,apps.automation.views.AutomationRuleViewSet,DRF,HasProcessPermission,JWTAuthentication,,StandardResultsSetPagination,DjangoFilterBackend,,AutomationRuleSerializer,options,/Users/loki/WorkBuddy/招聘助手/ATS-NEW/apps/django/.venv/lib/python3.14/site-packages/django/views/generic/base.py:55
api/v1/automation-rules/^(?P<pk>[^/.]+)/stats\.(?P<format>[a-z0-9]+)/?$,apps.automation.views.AutomationRuleViewSet,DRF,HasProcessPermission,JWTAuthentication,,StandardResultsSetPagination,DjangoFilterBackend,,AutomationRuleSerializer,options,/Users/loki/WorkBuddy/招聘助手/ATS-NEW/apps/django/.venv/lib/python3.14/site-packages/django/views/generic/base.py:55
api/v1/automation-rules/^(?P<pk>[^/.]+)/toggle/$,apps.automation.views.AutomationRuleViewSet,DRF,HasProcessPermission,JWTAuthentication,,StandardResultsSetPagination,DjangoFilterBackend,,AutomationRuleSerializer,options,/Users/loki/WorkBuddy/招聘助手/ATS-NEW/apps/django/.venv/lib/python3.14/site-packages/django/views/generic/base.py:55
api/v1/automation-rules/^(?P<pk>[^/.]+)/toggle\.(?P<format>[a-z0-9]+)/?$,apps.automation.views.AutomationRuleViewSet,DRF,HasProcessPermission,JWTAuthentication,,StandardResultsSetPagination,DjangoFilterBackend,,AutomationRuleSerializer,options,/Users/loki/WorkBuddy/招聘助手/ATS-NEW/apps/django/.venv/lib/python3.14/site-packages/django/views/generic/base.py:55
api/v1/automation-rules/,rest_framework.routers.APIRootView,DRF,AllowAny,JWTAuthentication,,,,,,"get,options",/Users/loki/WorkBuddy/招聘助手/ATS-NEW/apps/django/.venv/lib/python3.14/site-packages/django/views/generic/base.py:55
api/v1/automation-rules/<drf_format_suffix:format>,rest_framework.routers.APIRootView,DRF,AllowAny,JWTAuthentication,,,,,,"get,options",/Users/loki/WorkBuddy/招聘助手/ATS-NEW/apps/django/.venv/lib/python3.14/site-packages/django/views/generic/base.py:55
api/v1/expressions/validate,apps.process.views.ExpressionValidationView,DRF,V2Permission,JWTAuthentication,,,,,,"options,post",/Users/loki/WorkBuddy/招聘助手/ATS-NEW/apps/django/.venv/lib/python3.14/site-packages/django/views/generic/base.py:55
api/v1/candidates/tags/,apps.candidate.views.CandidateTagViewSet,DRF,IsHROrAbove,JWTAuthentication,,StandardResultsSetPagination,"DjangoFilterBackend,SearchFilter,OrderingFilter",,CandidateTagSerializer,options,/Users/loki/WorkBuddy/招聘助手/ATS-NEW/apps/django/.venv/lib/python3.14/site-packages/django/views/generic/base.py:55
api/v1/candidates/tags/<str:pk>/,apps.candidate.views.CandidateTagViewSet,DRF,IsHROrAbove,JWTAuthentication,,StandardResultsSetPagination,"DjangoFilterBackend,SearchFilter,OrderingFilter",,CandidateTagSerializer,options,/Users/loki/WorkBuddy/招聘助手/ATS-NEW/apps/django/.venv/lib/python3.14/site-packages/django/views/generic/base.py:55
api/v1/candidates/^$,apps.candidate.views.CandidateViewSet,DRF,V2Permission,JWTAuthentication,,StandardResultsSetPagination,"DjangoFilterBackend,SearchFilter,OrderingFilter",,,options,/Users/loki/WorkBuddy/招聘助手/ATS-NEW/apps/django/.venv/lib/python3.14/site-packages/django/views/generic/base.py:55
api/v1/candidates/^\.(?P<format>[a-z0-9]+)/?$,apps.candidate.views.CandidateViewSet,DRF,V2Permission,JWTAuthentication,,StandardResultsSetPagination,"DjangoFilterBackend,SearchFilter,OrderingFilter",,,options,/Users/loki/WorkBuddy/招聘助手/ATS-NEW/apps/django/.venv/lib/python3.14/site-packages/django/views/generic/base.py:55
api/v1/candidates/^import/$,apps.candidate.views.CandidateViewSet,DRF,V2Permission,JWTAuthentication,,StandardResultsSetPagination,"DjangoFilterBackend,SearchFilter,OrderingFilter",,,options,/Users/loki/WorkBuddy/招聘助手/ATS-NEW/apps/django/.venv/lib/python3.14/site-packages/django/views/generic/base.py:55
api/v1/candidates/^import\.(?P<format>[a-z0-9]+)/?$,apps.candidate.views.CandidateViewSet,DRF,V2Permission,JWTAuthentication,,StandardResultsSetPagination,"DjangoFilterBackend,SearchFilter,OrderingFilter",,,options,/Users/loki/WorkBuddy/招聘助手/ATS-NEW/apps/django/.venv/lib/python3.14/site-packages/django/views/generic/base.py:55
api/v1/candidates/^merge/$,apps.candidate.views.CandidateViewSet,DRF,V2Permission,JWTAuthentication,,StandardResultsSetPagination,"DjangoFilterBackend,SearchFilter,OrderingFilter",,,options,/Users/loki/WorkBuddy/招聘助手/ATS-NEW/apps/django/.venv/lib/python3.14/site-packages/django/views/generic/base.py:55
api/v1/candidates/^merge\.(?P<format>[a-z0-9]+)/?$,apps.candidate.views.CandidateViewSet,DRF,V2Permission,JWTAuthentication,,StandardResultsSetPagination,"DjangoFilterBackend,SearchFilter,OrderingFilter",,,options,/Users/loki/WorkBuddy/招聘助手/ATS-NEW/apps/django/.venv/lib/python3.14/site-packages/django/views/generic/base.py:55
api/v1/candidates/^moka-sync/$,apps.candidate.views.CandidateViewSet,DRF,V2Permission,JWTAuthentication,,StandardResultsSetPagination,"DjangoFilterBackend,SearchFilter,OrderingFilter",,,options,/Users/loki/WorkBuddy/招聘助手/ATS-NEW/apps/django/.venv/lib/python3.14/site-packages/django/views/generic/base.py:55
api/v1/candidates/^moka-sync\.(?P<format>[a-z0-9]+)/?$,apps.candidate.views.CandidateViewSet,DRF,V2Permission,JWTAuthentication,,StandardResultsSetPagination,"DjangoFilterBackend,SearchFilter,OrderingFilter",,,options,/Users/loki/WorkBuddy/招聘助手/ATS-NEW/apps/django/.venv/lib/python3.14/site-packages/django/views/generic/base.py:55
api/v1/candidates/^search/$,apps.candidate.views.CandidateViewSet,DRF,V2Permission,JWTAuthentication,,StandardResultsSetPagination,"DjangoFilterBackend,SearchFilter,OrderingFilter",,,options,/Users/loki/WorkBuddy/招聘助手/ATS-NEW/apps/django/.venv/lib/python3.14/site-packages/django/views/generic/base.py:55
api/v1/candidates/^search\.(?P<format>[a-z0-9]+)/?$,apps.candidate.views.CandidateViewSet,DRF,V2Permission,JWTAuthentication,,StandardResultsSetPagination,"DjangoFilterBackend,SearchFilter,OrderingFilter",,,options,/Users/loki/WorkBuddy/招聘助手/ATS-NEW/apps/django/.venv/lib/python3.14/site-packages/django/views/generic/base.py:55
api/v1/candidates/^status-details/schema/$,apps.candidate.views.CandidateViewSet,DRF,V2Permission,JWTAuthentication,,StandardResultsSetPagination,"DjangoFilterBackend,SearchFilter,OrderingFilter",,,options,/Users/loki/WorkBuddy/招聘助手/ATS-NEW/apps/django/.venv/lib/python3.14/site-packages/django/views/generic/base.py:55
api/v1/candidates/^status-details/schema\.(?P<format>[a-z0-9]+)/?$,apps.candidate.views.CandidateViewSet,DRF,V2Permission,JWTAuthentication,,StandardResultsSetPagination,"DjangoFilterBackend,SearchFilter,OrderingFilter",,,options,/Users/loki/WorkBuddy/招聘助手/ATS-NEW/apps/django/.venv/lib/python3.14/site-packages/django/views/generic/base.py:55
api/v1/candidates/^(?P<id>[^/.]+)/$,apps.candidate.views.CandidateViewSet,DRF,V2Permission,JWTAuthentication,,StandardResultsSetPagination,"DjangoFilterBackend,SearchFilter,OrderingFilter",,,options,/Users/loki/WorkBuddy/招聘助手/ATS-NEW/apps/django/.venv/lib/python3.14/site-packages/django/views/generic/base.py:55
api/v1/candidates/^(?P<id>[^/.]+)\.(?P<format>[a-z0-9]+)/?$,apps.candidate.views.CandidateViewSet,DRF,V2Permission,JWTAuthentication,,StandardResultsSetPagination,"DjangoFilterBackend,SearchFilter,OrderingFilter",,,options,/Users/loki/WorkBuddy/招聘助手/ATS-NEW/apps/django/.venv/lib/python3.14/site-packages/django/views/generic/base.py:55
api/v1/candidates/^(?P<id>[^/.]+)/applications/$,apps.candidate.views.CandidateViewSet,DRF,V2Permission,JWTAuthentication,,StandardResultsSetPagination,"DjangoFilterBackend,SearchFilter,OrderingFilter",,,options,/Users/loki/WorkBuddy/招聘助手/ATS-NEW/apps/django/.venv/lib/python3.14/site-packages/django/views/generic/base.py:55
api/v1/candidates/^(?P<id>[^/.]+)/applications\.(?P<format>[a-z0-9]+)/?$,apps.candidate.views.CandidateViewSet,DRF,V2Permission,JWTAuthentication,,StandardResultsSetPagination,"DjangoFilterBackend,SearchFilter,OrderingFilter",,,options,/Users/loki/WorkBuddy/招聘助手/ATS-NEW/apps/django/.venv/lib/python3.14/site-packages/django/views/generic/base.py:55
api/v1/candidates/^(?P<id>[^/.]+)/blacklist/$,apps.candidate.views.CandidateViewSet,DRF,V2Permission,JWTAuthentication,,StandardResultsSetPagination,"DjangoFilterBackend,SearchFilter,OrderingFilter",,,options,/Users/loki/WorkBuddy/招聘助手/ATS-NEW/apps/django/.venv/lib/python3.14/site-packages/django/views/generic/base.py:55
api/v1/candidates/^(?P<id>[^/.]+)/blacklist\.(?P<format>[a-z0-9]+)/?$,apps.candidate.views.CandidateViewSet,DRF,V2Permission,JWTAuthentication,,StandardResultsSetPagination,"DjangoFilterBackend,SearchFilter,OrderingFilter",,,options,/Users/loki/WorkBuddy/招聘助手/ATS-NEW/apps/django/.venv/lib/python3.14/site-packages/django/views/generic/base.py:55
api/v1/candidates/^(?P<id>[^/.]+)/histories/$,apps.candidate.views.CandidateViewSet,DRF,V2Permission,JWTAuthentication,,StandardResultsSetPagination,"DjangoFilterBackend,SearchFilter,OrderingFilter",,,options,/Users/loki/WorkBuddy/招聘助手/ATS-NEW/apps/django/.venv/lib/python3.14/site-packages/django/views/generic/base.py:55
api/v1/candidates/^(?P<id>[^/.]+)/histories\.(?P<format>[a-z0-9]+)/?$,apps.candidate.views.CandidateViewSet,DRF,V2Permission,JWTAuthentication,,StandardResultsSetPagination,"DjangoFilterBackend,SearchFilter,OrderingFilter",,,options,/Users/loki/WorkBuddy/招聘助手/ATS-NEW/apps/django/.venv/lib/python3.14/site-packages/django/views/generic/base.py:55
api/v1/candidates/^(?P<id>[^/.]+)/soft-reject-list/$,apps.candidate.views.CandidateViewSet,DRF,V2Permission,JWTAuthentication,,StandardResultsSetPagination,"DjangoFilterBackend,SearchFilter,OrderingFilter",,,options,/Users/loki/WorkBuddy/招聘助手/ATS-NEW/apps/django/.venv/lib/python3.14/site-packages/django/views/generic/base.py:55
api/v1/candidates/^(?P<id>[^/.]+)/soft-reject-list\.(?P<format>[a-z0-9]+)/?$,apps.candidate.views.CandidateViewSet,DRF,V2Permission,JWTAuthentication,,StandardResultsSetPagination,"DjangoFilterBackend,SearchFilter,OrderingFilter",,,options,/Users/loki/WorkBuddy/招聘助手/ATS-NEW/apps/django/.venv/lib/python3.14/site-packages/django/views/generic/base.py:55
api/v1/candidates/^(?P<id>[^/.]+)/soft-reject-stats/$,apps.candidate.views.CandidateViewSet,DRF,V2Permission,JWTAuthentication,,StandardResultsSetPagination,"DjangoFilterBackend,SearchFilter,OrderingFilter",,,options,/Users/loki/WorkBuddy/招聘助手/ATS-NEW/apps/django/.venv/lib/python3.14/site-packages/django/views/generic/base.py:55
api/v1/candidates/^(?P<id>[^/.]+)/soft-reject-stats\.(?P<format>[a-z0-9]+)/?$,apps.candidate.views.CandidateViewSet,DRF,V2Permission,JWTAuthentication,,StandardResultsSetPagination,"DjangoFilterBackend,SearchFilter,OrderingFilter",,,options,/Users/loki/WorkBuddy/招聘助手/ATS-NEW/apps/django/.venv/lib/python3.14/site-packages/django/views/generic/base.py:55
api/v1/candidates/^(?P<id>[^/.]+)/status-details/$,apps.candidate.views.CandidateViewSet,DRF,V2Permission,JWTAuthentication,,StandardResultsSetPagination,"DjangoFilterBackend,SearchFilter,OrderingFilter",,,options,/Users/loki/WorkBuddy/招聘助手/ATS-NEW/apps/django/.venv/lib/python3.14/site-packages/django/views/generic/base.py:55
api/v1/candidates/^(?P<id>[^/.]+)/status-details\.(?P<format>[a-z0-9]+)/?$,apps.candidate.views.CandidateViewSet,DRF,V2Permission,JWTAuthentication,,StandardResultsSetPagination,"DjangoFilterBackend,SearchFilter,OrderingFilter",,,options,/Users/loki/WorkBuddy/招聘助手/ATS-NEW/apps/django/.venv/lib/python3.14/site-packages/django/views/generic/base.py:55
api/v1/candidates/^(?P<id>[^/.]+)/transition/$,apps.candidate.views.CandidateViewSet,DRF,V2Permission,JWTAuthentication,,StandardResultsSetPagination,"DjangoFilterBackend,SearchFilter,OrderingFilter",,,options,/Users/loki/WorkBuddy/招聘助手/ATS-NEW/apps/django/.venv/lib/python3.14/site-packages/django/views/generic/base.py:55
api/v1/candidates/^(?P<id>[^/.]+)/transition\.(?P<format>[a-z0-9]+)/?$,apps.candidate.views.CandidateViewSet,DRF,V2Permission,JWTAuthentication,,StandardResultsSetPagination,"DjangoFilterBackend,SearchFilter,OrderingFilter",,,options,/Users/loki/WorkBuddy/招聘助手/ATS-NEW/apps/django/.venv/lib/python3.14/site-packages/django/views/generic/base.py:55
api/v1/candidates/^(?P<id>[^/.]+)/unblacklist/$,apps.candidate.views.CandidateViewSet,DRF,V2Permission,JWTAuthentication,,StandardResultsSetPagination,"DjangoFilterBackend,SearchFilter,OrderingFilter",,,options,/Users/loki/WorkBuddy/招聘助手/ATS-NEW/apps/django/.venv/lib/python3.14/site-packages/django/views/generic/base.py:55
api/v1/candidates/^(?P<id>[^/.]+)/unblacklist\.(?P<format>[a-z0-9]+)/?$,apps.candidate.views.CandidateViewSet,DRF,V2Permission,JWTAuthentication,,StandardResultsSetPagination,"DjangoFilterBackend,SearchFilter,OrderingFilter",,,options,/Users/loki/WorkBuddy/招聘助手/ATS-NEW/apps/django/.venv/lib/python3.14/site-packages/django/views/generic/base.py:55
api/v1/candidates/,rest_framework.routers.APIRootView,DRF,AllowAny,JWTAuthentication,,,,,,"get,options",/Users/loki/WorkBuddy/招聘助手/ATS-NEW/apps/django/.venv/lib/python3.14/site-packages/django/views/generic/base.py:55
api/v1/candidates/<drf_format_suffix:format>,rest_framework.routers.APIRootView,DRF,AllowAny,JWTAuthentication,,,,,,"get,options",/Users/loki/WorkBuddy/招聘助手/ATS-NEW/apps/django/.venv/lib/python3.14/site-packages/django/views/generic/base.py:55
api/v1/candidates/add-candidate/upload-and-parse/,apps.add_candidate.views.UploadAndParseView,DRF,IsHROrAbove,JWTAuthentication,,,,,,"options,post",/Users/loki/WorkBuddy/招聘助手/ATS-NEW/apps/django/.venv/lib/python3.14/site-packages/django/views/generic/base.py:55
api/v1/candidates/add-candidate/parse-status/<str:job_id>/,apps.add_candidate.views.ParseStatusView,DRF,IsHROrAbove,JWTAuthentication,,,,,,"get,options",/Users/loki/WorkBuddy/招聘助手/ATS-NEW/apps/django/.venv/lib/python3.14/site-packages/django/views/generic/base.py:55
api/v1/candidates/add-candidate/duplicate-check/,apps.add_candidate.views.DuplicateCheckView,DRF,IsHROrAbove,JWTAuthentication,,,,,,"options,post",/Users/loki/WorkBuddy/招聘助手/ATS-NEW/apps/django/.venv/lib/python3.14/site-packages/django/views/generic/base.py:55
api/v1/candidates/add-candidate/replace-file/<str:draft_id>/,apps.add_candidate.views.ReplaceFileView,DRF,IsHROrAbove,JWTAuthentication,,,,,,"options,post",/Users/loki/WorkBuddy/招聘助手/ATS-NEW/apps/django/.venv/lib/python3.14/site-packages/django/views/generic/base.py:55
api/v1/candidates/add-candidate/bulk-create/,apps.add_candidate.views.BulkCreateView,DRF,IsHROrAbove,JWTAuthentication,,,,,,"options,post",/Users/loki/WorkBuddy/招聘助手/ATS-NEW/apps/django/.venv/lib/python3.14/site-packages/django/views/generic/base.py:55
api/v1/candidates/add-candidate/scoring/start/,apps.add_candidate.views.ScoringStartView,DRF,IsHROrAbove,JWTAuthentication,,,,,,"options,post",/Users/loki/WorkBuddy/招聘助手/ATS-NEW/apps/django/.venv/lib/python3.14/site-packages/django/views/generic/base.py:55
api/v1/candidates/add-candidate/scoring/stream/<str:task_id>/,apps.add_candidate.sse.ScoringStreamView,DRF,IsHROrAbove,JWTAuthentication,,,,,,"get,options",/Users/loki/WorkBuddy/招聘助手/ATS-NEW/apps/django/.venv/lib/python3.14/site-packages/django/views/generic/base.py:55
api/v1/applications/^$,apps.application.views.ApplicationViewSet,DRF,V2Permission,JWTAuthentication,,StandardResultsSetPagination,"DjangoFilterBackend,SearchFilter,OrderingFilter",,,options,/Users/loki/WorkBuddy/招聘助手/ATS-NEW/apps/django/.venv/lib/python3.14/site-packages/django/views/generic/base.py:55
api/v1/applications/^\.(?P<format>[a-z0-9]+)/?$,apps.application.views.ApplicationViewSet,DRF,V2Permission,JWTAuthentication,,StandardResultsSetPagination,"DjangoFilterBackend,SearchFilter,OrderingFilter",,,options,/Users/loki/WorkBuddy/招聘助手/ATS-NEW/apps/django/.venv/lib/python3.14/site-packages/django/views/generic/base.py:55
api/v1/applications/^reapply-suggest/$,apps.application.views.ApplicationViewSet,DRF,V2Permission,JWTAuthentication,,StandardResultsSetPagination,"DjangoFilterBackend,SearchFilter,OrderingFilter",,,options,/Users/loki/WorkBuddy/招聘助手/ATS-NEW/apps/django/.venv/lib/python3.14/site-packages/django/views/generic/base.py:55
api/v1/applications/^reapply-suggest\.(?P<format>[a-z0-9]+)/?$,apps.application.views.ApplicationViewSet,DRF,V2Permission,JWTAuthentication,,StandardResultsSetPagination,"DjangoFilterBackend,SearchFilter,OrderingFilter",,,options,/Users/loki/WorkBuddy/招聘助手/ATS-NEW/apps/django/.venv/lib/python3.14/site-packages/django/views/generic/base.py:55
api/v1/applications/^(?P<id>[^/.]+)/$,apps.application.views.ApplicationViewSet,DRF,V2Permission,JWTAuthentication,,StandardResultsSetPagination,"DjangoFilterBackend,SearchFilter,OrderingFilter",,,options,/Users/loki/WorkBuddy/招聘助手/ATS-NEW/apps/django/.venv/lib/python3.14/site-packages/django/views/generic/base.py:55
api/v1/applications/^(?P<id>[^/.]+)\.(?P<format>[a-z0-9]+)/?$,apps.application.views.ApplicationViewSet,DRF,V2Permission,JWTAuthentication,,StandardResultsSetPagination,"DjangoFilterBackend,SearchFilter,OrderingFilter",,,options,/Users/loki/WorkBuddy/招聘助手/ATS-NEW/apps/django/.venv/lib/python3.14/site-packages/django/views/generic/base.py:55
api/v1/applications/^(?P<id>[^/.]+)/advance/$,apps.application.views.ApplicationViewSet,DRF,V2Permission,JWTAuthentication,,StandardResultsSetPagination,"DjangoFilterBackend,SearchFilter,OrderingFilter",,,options,/Users/loki/WorkBuddy/招聘助手/ATS-NEW/apps/django/.venv/lib/python3.14/site-packages/django/views/generic/base.py:55
api/v1/applications/^(?P<id>[^/.]+)/advance\.(?P<format>[a-z0-9]+)/?$,apps.application.views.ApplicationViewSet,DRF,V2Permission,JWTAuthentication,,StandardResultsSetPagination,"DjangoFilterBackend,SearchFilter,OrderingFilter",,,options,/Users/loki/WorkBuddy/招聘助手/ATS-NEW/apps/django/.venv/lib/python3.14/site-packages/django/views/generic/base.py:55
api/v1/applications/^(?P<id>[^/.]+)/change-process/$,apps.application.views.ApplicationViewSet,DRF,V2Permission,JWTAuthentication,,StandardResultsSetPagination,"DjangoFilterBackend,SearchFilter,OrderingFilter",,,options,/Users/loki/WorkBuddy/招聘助手/ATS-NEW/apps/django/.venv/lib/python3.14/site-packages/django/views/generic/base.py:55
api/v1/applications/^(?P<id>[^/.]+)/change-process\.(?P<format>[a-z0-9]+)/?$,apps.application.views.ApplicationViewSet,DRF,V2Permission,JWTAuthentication,,StandardResultsSetPagination,"DjangoFilterBackend,SearchFilter,OrderingFilter",,,options,/Users/loki/WorkBuddy/招聘助手/ATS-NEW/apps/django/.venv/lib/python3.14/site-packages/django/views/generic/base.py:55
api/v1/applications/^(?P<id>[^/.]+)/check-stage-transition/$,apps.application.views.ApplicationViewSet,DRF,V2Permission,JWTAuthentication,,StandardResultsSetPagination,"DjangoFilterBackend,SearchFilter,OrderingFilter",,,options,/Users/loki/WorkBuddy/招聘助手/ATS-NEW/apps/django/.venv/lib/python3.14/site-packages/django/views/generic/base.py:55
api/v1/applications/^(?P<id>[^/.]+)/check-stage-transition\.(?P<format>[a-z0-9]+)/?$,apps.application.views.ApplicationViewSet,DRF,V2Permission,JWTAuthentication,,StandardResultsSetPagination,"DjangoFilterBackend,SearchFilter,OrderingFilter",,,options,/Users/loki/WorkBuddy/招聘助手/ATS-NEW/apps/django/.venv/lib/python3.14/site-packages/django/views/generic/base.py:55
api/v1/applications/^(?P<id>[^/.]+)/grab/$,apps.application.views.ApplicationViewSet,DRF,V2Permission,JWTAuthentication,,StandardResultsSetPagination,"DjangoFilterBackend,SearchFilter,OrderingFilter",,,options,/Users/loki/WorkBuddy/招聘助手/ATS-NEW/apps/django/.venv/lib/python3.14/site-packages/django/views/generic/base.py:55
api/v1/applications/^(?P<id>[^/.]+)/grab\.(?P<format>[a-z0-9]+)/?$,apps.application.views.ApplicationViewSet,DRF,V2Permission,JWTAuthentication,,StandardResultsSetPagination,"DjangoFilterBackend,SearchFilter,OrderingFilter",,,options,/Users/loki/WorkBuddy/招聘助手/ATS-NEW/apps/django/.venv/lib/python3.14/site-packages/django/views/generic/base.py:55
api/v1/applications/^(?P<id>[^/.]+)/histories/$,apps.application.views.ApplicationViewSet,DRF,V2Permission,JWTAuthentication,,StandardResultsSetPagination,"DjangoFilterBackend,SearchFilter,OrderingFilter",,,options,/Users/loki/WorkBuddy/招聘助手/ATS-NEW/apps/django/.venv/lib/python3.14/site-packages/django/views/generic/base.py:55
api/v1/applications/^(?P<id>[^/.]+)/histories\.(?P<format>[a-z0-9]+)/?$,apps.application.views.ApplicationViewSet,DRF,V2Permission,JWTAuthentication,,StandardResultsSetPagination,"DjangoFilterBackend,SearchFilter,OrderingFilter",,,options,/Users/loki/WorkBuddy/招聘助手/ATS-NEW/apps/django/.venv/lib/python3.14/site-packages/django/views/generic/base.py:55
api/v1/applications/^(?P<id>[^/.]+)/jump/$,apps.application.views.ApplicationViewSet,DRF,V2Permission,JWTAuthentication,,StandardResultsSetPagination,"DjangoFilterBackend,SearchFilter,OrderingFilter",,,options,/Users/loki/WorkBuddy/招聘助手/ATS-NEW/apps/django/.venv/lib/python3.14/site-packages/django/views/generic/base.py:55
api/v1/applications/^(?P<id>[^/.]+)/jump\.(?P<format>[a-z0-9]+)/?$,apps.application.views.ApplicationViewSet,DRF,V2Permission,JWTAuthentication,,StandardResultsSetPagination,"DjangoFilterBackend,SearchFilter,OrderingFilter",,,options,/Users/loki/WorkBuddy/招聘助手/ATS-NEW/apps/django/.venv/lib/python3.14/site-packages/django/views/generic/base.py:55
api/v1/applications/^(?P<id>[^/.]+)/pause/$,apps.application.views.ApplicationViewSet,DRF,V2Permission,JWTAuthentication,,StandardResultsSetPagination,"DjangoFilterBackend,SearchFilter,OrderingFilter",,,options,/Users/loki/WorkBuddy/招聘助手/ATS-NEW/apps/django/.venv/lib/python3.14/site-packages/django/views/generic/base.py:55
api/v1/applications/^(?P<id>[^/.]+)/pause\.(?P<format>[a-z0-9]+)/?$,apps.application.views.ApplicationViewSet,DRF,V2Permission,JWTAuthentication,,StandardResultsSetPagination,"DjangoFilterBackend,SearchFilter,OrderingFilter",,,options,/Users/loki/WorkBuddy/招聘助手/ATS-NEW/apps/django/.venv/lib/python3.14/site-packages/django/views/generic/base.py:55
api/v1/applications/^(?P<id>[^/.]+)/records/$,apps.application.views.ApplicationViewSet,DRF,V2Permission,JWTAuthentication,,StandardResultsSetPagination,"DjangoFilterBackend,SearchFilter,OrderingFilter",,,options,/Users/loki/WorkBuddy/招聘助手/ATS-NEW/apps/django/.venv/lib/python3.14/site-packages/django/views/generic/base.py:55
api/v1/applications/^(?P<id>[^/.]+)/records\.(?P<format>[a-z0-9]+)/?$,apps.application.views.ApplicationViewSet,DRF,V2Permission,JWTAuthentication,,StandardResultsSetPagination,"DjangoFilterBackend,SearchFilter,OrderingFilter",,,options,/Users/loki/WorkBuddy/招聘助手/ATS-NEW/apps/django/.venv/lib/python3.14/site-packages/django/views/generic/base.py:55
api/v1/applications/^(?P<id>[^/.]+)/release/$,apps.application.views.ApplicationViewSet,DRF,V2Permission,JWTAuthentication,,StandardResultsSetPagination,"DjangoFilterBackend,SearchFilter,OrderingFilter",,,options,/Users/loki/WorkBuddy/招聘助手/ATS-NEW/apps/django/.venv/lib/python3.14/site-packages/django/views/generic/base.py:55
api/v1/applications/^(?P<id>[^/.]+)/release\.(?P<format>[a-z0-9]+)/?$,apps.application.views.ApplicationViewSet,DRF,V2Permission,JWTAuthentication,,StandardResultsSetPagination,"DjangoFilterBackend,SearchFilter,OrderingFilter",,,options,/Users/loki/WorkBuddy/招聘助手/ATS-NEW/apps/django/.venv/lib/python3.14/site-packages/django/views/generic/base.py:55
api/v1/applications/^(?P<id>[^/.]+)/resume/$,apps.application.views.ApplicationViewSet,DRF,V2Permission,JWTAuthentication,,StandardResultsSetPagination,"DjangoFilterBackend,SearchFilter,OrderingFilter",,,options,/Users/loki/WorkBuddy/招聘助手/ATS-NEW/apps/django/.venv/lib/python3.14/site-packages/django/views/generic/base.py:55
api/v1/applications/^(?P<id>[^/.]+)/resume\.(?P<format>[a-z0-9]+)/?$,apps.application.views.ApplicationViewSet,DRF,V2Permission,JWTAuthentication,,StandardResultsSetPagination,"DjangoFilterBackend,SearchFilter,OrderingFilter",,,options,/Users/loki/WorkBuddy/招聘助手/ATS-NEW/apps/django/.venv/lib/python3.14/site-packages/django/views/generic/base.py:55
api/v1/applications/^(?P<id>[^/.]+)/soft-reject/$,apps.application.views.ApplicationViewSet,DRF,V2Permission,JWTAuthentication,,StandardResultsSetPagination,"DjangoFilterBackend,SearchFilter,OrderingFilter",,,options,/Users/loki/WorkBuddy/招聘助手/ATS-NEW/apps/django/.venv/lib/python3.14/site-packages/django/views/generic/base.py:55
api/v1/applications/^(?P<id>[^/.]+)/soft-reject\.(?P<format>[a-z0-9]+)/?$,apps.application.views.ApplicationViewSet,DRF,V2Permission,JWTAuthentication,,StandardResultsSetPagination,"DjangoFilterBackend,SearchFilter,OrderingFilter",,,options,/Users/loki/WorkBuddy/招聘助手/ATS-NEW/apps/django/.venv/lib/python3.14/site-packages/django/views/generic/base.py:55
api/v1/applications/^(?P<id>[^/.]+)/start/$,apps.application.views.ApplicationViewSet,DRF,V2Permission,JWTAuthentication,,StandardResultsSetPagination,"DjangoFilterBackend,SearchFilter,OrderingFilter",,,options,/Users/loki/WorkBuddy/招聘助手/ATS-NEW/apps/django/.venv/lib/python3.14/site-packages/django/views/generic/base.py:55
api/v1/applications/^(?P<id>[^/.]+)/start\.(?P<format>[a-z0-9]+)/?$,apps.application.views.ApplicationViewSet,DRF,V2Permission,JWTAuthentication,,StandardResultsSetPagination,"DjangoFilterBackend,SearchFilter,OrderingFilter",,,options,/Users/loki/WorkBuddy/招聘助手/ATS-NEW/apps/django/.venv/lib/python3.14/site-packages/django/views/generic/base.py:55
api/v1/applications/^(?P<id>[^/.]+)/upgrade-version/$,apps.application.views.ApplicationViewSet,DRF,V2Permission,JWTAuthentication,,StandardResultsSetPagination,"DjangoFilterBackend,SearchFilter,OrderingFilter",,,options,/Users/loki/WorkBuddy/招聘助手/ATS-NEW/apps/django/.venv/lib/python3.14/site-packages/django/views/generic/base.py:55
api/v1/applications/^(?P<id>[^/.]+)/upgrade-version\.(?P<format>[a-z0-9]+)/?$,apps.application.views.ApplicationViewSet,DRF,V2Permission,JWTAuthentication,,StandardResultsSetPagination,"DjangoFilterBackend,SearchFilter,OrderingFilter",,,options,/Users/loki/WorkBuddy/招聘助手/ATS-NEW/apps/django/.venv/lib/python3.14/site-packages/django/views/generic/base.py:55
api/v1/applications/^(?P<id>[^/.]+)/withdraw/$,apps.application.views.ApplicationViewSet,DRF,V2Permission,JWTAuthentication,,StandardResultsSetPagination,"DjangoFilterBackend,SearchFilter,OrderingFilter",,,options,/Users/loki/WorkBuddy/招聘助手/ATS-NEW/apps/django/.venv/lib/python3.14/site-packages/django/views/generic/base.py:55
api/v1/applications/^(?P<id>[^/.]+)/withdraw\.(?P<format>[a-z0-9]+)/?$,apps.application.views.ApplicationViewSet,DRF,V2Permission,JWTAuthentication,,StandardResultsSetPagination,"DjangoFilterBackend,SearchFilter,OrderingFilter",,,options,/Users/loki/WorkBuddy/招聘助手/ATS-NEW/apps/django/.venv/lib/python3.14/site-packages/django/views/generic/base.py:55
api/v1/applications/,rest_framework.routers.APIRootView,DRF,AllowAny,JWTAuthentication,,,,,,"get,options",/Users/loki/WorkBuddy/招聘助手/ATS-NEW/apps/django/.venv/lib/python3.14/site-packages/django/views/generic/base.py:55
api/v1/applications/<drf_format_suffix:format>,rest_framework.routers.APIRootView,DRF,AllowAny,JWTAuthentication,,,,,,"get,options",/Users/loki/WorkBuddy/招聘助手/ATS-NEW/apps/django/.venv/lib/python3.14/site-packages/django/views/generic/base.py:55
api/v1/grab-pool/^$,apps.application.views.GrabPoolViewSet,DRF,IsHROrAbove,JWTAuthentication,,StandardResultsSetPagination,"DjangoFilterBackend,SearchFilter,OrderingFilter",,ApplicationListSerializer,options,/Users/loki/WorkBuddy/招聘助手/ATS-NEW/apps/django/.venv/lib/python3.14/site-packages/django/views/generic/base.py:55
api/v1/grab-pool/^\.(?P<format>[a-z0-9]+)/?$,apps.application.views.GrabPoolViewSet,DRF,IsHROrAbove,JWTAuthentication,,StandardResultsSetPagination,"DjangoFilterBackend,SearchFilter,OrderingFilter",,ApplicationListSerializer,options,/Users/loki/WorkBuddy/招聘助手/ATS-NEW/apps/django/.venv/lib/python3.14/site-packages/django/views/generic/base.py:55
api/v1/grab-pool/^reassign/$,apps.application.views.GrabPoolViewSet,DRF,IsHROrAbove,JWTAuthentication,,StandardResultsSetPagination,"DjangoFilterBackend,SearchFilter,OrderingFilter",,ApplicationListSerializer,options,/Users/loki/WorkBuddy/招聘助手/ATS-NEW/apps/django/.venv/lib/python3.14/site-packages/django/views/generic/base.py:55
api/v1/grab-pool/^reassign\.(?P<format>[a-z0-9]+)/?$,apps.application.views.GrabPoolViewSet,DRF,IsHROrAbove,JWTAuthentication,,StandardResultsSetPagination,"DjangoFilterBackend,SearchFilter,OrderingFilter",,ApplicationListSerializer,options,/Users/loki/WorkBuddy/招聘助手/ATS-NEW/apps/django/.venv/lib/python3.14/site-packages/django/views/generic/base.py:55
api/v1/grab-pool/^summary/$,apps.application.views.GrabPoolViewSet,DRF,IsHROrAbove,JWTAuthentication,,StandardResultsSetPagination,"DjangoFilterBackend,SearchFilter,OrderingFilter",,ApplicationListSerializer,options,/Users/loki/WorkBuddy/招聘助手/ATS-NEW/apps/django/.venv/lib/python3.14/site-packages/django/views/generic/base.py:55
api/v1/grab-pool/^summary\.(?P<format>[a-z0-9]+)/?$,apps.application.views.GrabPoolViewSet,DRF,IsHROrAbove,JWTAuthentication,,StandardResultsSetPagination,"DjangoFilterBackend,SearchFilter,OrderingFilter",,ApplicationListSerializer,options,/Users/loki/WorkBuddy/招聘助手/ATS-NEW/apps/django/.venv/lib/python3.14/site-packages/django/views/generic/base.py:55
api/v1/grab-pool/,rest_framework.routers.APIRootView,DRF,AllowAny,JWTAuthentication,,,,,,"get,options",/Users/loki/WorkBuddy/招聘助手/ATS-NEW/apps/django/.venv/lib/python3.14/site-packages/django/views/generic/base.py:55
api/v1/grab-pool/<drf_format_suffix:format>,rest_framework.routers.APIRootView,DRF,AllowAny,JWTAuthentication,,,,,,"get,options",/Users/loki/WorkBuddy/招聘助手/ATS-NEW/apps/django/.venv/lib/python3.14/site-packages/django/views/generic/base.py:55
api/v1/demands/^$,apps.demand.views.DemandViewSet,DRF,V2Permission,JWTAuthentication,,StandardResultsSetPagination,DjangoFilterBackend,,,options,/Users/loki/WorkBuddy/招聘助手/ATS-NEW/apps/django/.venv/lib/python3.14/site-packages/django/views/generic/base.py:55
api/v1/demands/^\.(?P<format>[a-z0-9]+)/?$,apps.demand.views.DemandViewSet,DRF,V2Permission,JWTAuthentication,,StandardResultsSetPagination,DjangoFilterBackend,,,options,/Users/loki/WorkBuddy/招聘助手/ATS-NEW/apps/django/.venv/lib/python3.14/site-packages/django/views/generic/base.py:55
api/v1/demands/^(?P<pk>[^/.]+)/$,apps.demand.views.DemandViewSet,DRF,V2Permission,JWTAuthentication,,StandardResultsSetPagination,DjangoFilterBackend,,,options,/Users/loki/WorkBuddy/招聘助手/ATS-NEW/apps/django/.venv/lib/python3.14/site-packages/django/views/generic/base.py:55
api/v1/demands/^(?P<pk>[^/.]+)\.(?P<format>[a-z0-9]+)/?$,apps.demand.views.DemandViewSet,DRF,V2Permission,JWTAuthentication,,StandardResultsSetPagination,DjangoFilterBackend,,,options,/Users/loki/WorkBuddy/招聘助手/ATS-NEW/apps/django/.venv/lib/python3.14/site-packages/django/views/generic/base.py:55
api/v1/demands/^(?P<pk>[^/.]+)/add-approval/$,apps.demand.views.DemandViewSet,DRF,V2Permission,JWTAuthentication,,StandardResultsSetPagination,DjangoFilterBackend,,,options,/Users/loki/WorkBuddy/招聘助手/ATS-NEW/apps/django/.venv/lib/python3.14/site-packages/django/views/generic/base.py:55
api/v1/demands/^(?P<pk>[^/.]+)/add-approval\.(?P<format>[a-z0-9]+)/?$,apps.demand.views.DemandViewSet,DRF,V2Permission,JWTAuthentication,,StandardResultsSetPagination,DjangoFilterBackend,,,options,/Users/loki/WorkBuddy/招聘助手/ATS-NEW/apps/django/.venv/lib/python3.14/site-packages/django/views/generic/base.py:55
api/v1/demands/^(?P<pk>[^/.]+)/approvals/$,apps.demand.views.DemandViewSet,DRF,V2Permission,JWTAuthentication,,StandardResultsSetPagination,DjangoFilterBackend,,,options,/Users/loki/WorkBuddy/招聘助手/ATS-NEW/apps/django/.venv/lib/python3.14/site-packages/django/views/generic/base.py:55
api/v1/demands/^(?P<pk>[^/.]+)/approvals\.(?P<format>[a-z0-9]+)/?$,apps.demand.views.DemandViewSet,DRF,V2Permission,JWTAuthentication,,StandardResultsSetPagination,DjangoFilterBackend,,,options,/Users/loki/WorkBuddy/招聘助手/ATS-NEW/apps/django/.venv/lib/python3.14/site-packages/django/views/generic/base.py:55
api/v1/demands/^(?P<pk>[^/.]+)/transition/$,apps.demand.views.DemandViewSet,DRF,V2Permission,JWTAuthentication,,StandardResultsSetPagination,DjangoFilterBackend,,,options,/Users/loki/WorkBuddy/招聘助手/ATS-NEW/apps/django/.venv/lib/python3.14/site-packages/django/views/generic/base.py:55
api/v1/demands/^(?P<pk>[^/.]+)/transition\.(?P<format>[a-z0-9]+)/?$,apps.demand.views.DemandViewSet,DRF,V2Permission,JWTAuthentication,,StandardResultsSetPagination,DjangoFilterBackend,,,options,/Users/loki/WorkBuddy/招聘助手/ATS-NEW/apps/django/.venv/lib/python3.14/site-packages/django/views/generic/base.py:55
api/v1/demands/^(?P<pk>[^/.]+)/upgrade-process-version/$,apps.demand.views.DemandViewSet,DRF,V2Permission,JWTAuthentication,,StandardResultsSetPagination,DjangoFilterBackend,,,options,/Users/loki/WorkBuddy/招聘助手/ATS-NEW/apps/django/.venv/lib/python3.14/site-packages/django/views/generic/base.py:55
api/v1/demands/^(?P<pk>[^/.]+)/upgrade-process-version\.(?P<format>[a-z0-9]+)/?$,apps.demand.views.DemandViewSet,DRF,V2Permission,JWTAuthentication,,StandardResultsSetPagination,DjangoFilterBackend,,,options,/Users/loki/WorkBuddy/招聘助手/ATS-NEW/apps/django/.venv/lib/python3.14/site-packages/django/views/generic/base.py:55
api/v1/demands/,rest_framework.routers.APIRootView,DRF,AllowAny,JWTAuthentication,,,,,,"get,options",/Users/loki/WorkBuddy/招聘助手/ATS-NEW/apps/django/.venv/lib/python3.14/site-packages/django/views/generic/base.py:55
api/v1/demands/<drf_format_suffix:format>,rest_framework.routers.APIRootView,DRF,AllowAny,JWTAuthentication,,,,,,"get,options",/Users/loki/WorkBuddy/招聘助手/ATS-NEW/apps/django/.venv/lib/python3.14/site-packages/django/views/generic/base.py:55
api/v1/system/config/demand,apps.demand.views.DemandConfigView,DRF,IsAuthenticated,JWTAuthentication,,,,,,"get,options,post,put",/Users/loki/WorkBuddy/招聘助手/ATS-NEW/apps/django/.venv/lib/python3.14/site-packages/django/views/generic/base.py:55
api/v1/announcements/^$,apps.announcement.views.AnnouncementViewSet,DRF,IsAuthenticated,JWTAuthentication,,,"DjangoFilterBackend,SearchFilter,OrderingFilter",,,options,/Users/loki/WorkBuddy/招聘助手/ATS-NEW/apps/django/.venv/lib/python3.14/site-packages/django/views/generic/base.py:55
api/v1/announcements/^\.(?P<format>[a-z0-9]+)/?$,apps.announcement.views.AnnouncementViewSet,DRF,IsAuthenticated,JWTAuthentication,,,"DjangoFilterBackend,SearchFilter,OrderingFilter",,,options,/Users/loki/WorkBuddy/招聘助手/ATS-NEW/apps/django/.venv/lib/python3.14/site-packages/django/views/generic/base.py:55
api/v1/announcements/^config/$,apps.announcement.views.AnnouncementViewSet,DRF,IsAuthenticated,JWTAuthentication,,,"DjangoFilterBackend,SearchFilter,OrderingFilter",,,options,/Users/loki/WorkBuddy/招聘助手/ATS-NEW/apps/django/.venv/lib/python3.14/site-packages/django/views/generic/base.py:55
api/v1/announcements/^config\.(?P<format>[a-z0-9]+)/?$,apps.announcement.views.AnnouncementViewSet,DRF,IsAuthenticated,JWTAuthentication,,,"DjangoFilterBackend,SearchFilter,OrderingFilter",,,options,/Users/loki/WorkBuddy/招聘助手/ATS-NEW/apps/django/.venv/lib/python3.14/site-packages/django/views/generic/base.py:55
api/v1/announcements/^(?P<pk>[^/.]+)/$,apps.announcement.views.AnnouncementViewSet,DRF,IsAuthenticated,JWTAuthentication,,,"DjangoFilterBackend,SearchFilter,OrderingFilter",,,options,/Users/loki/WorkBuddy/招聘助手/ATS-NEW/apps/django/.venv/lib/python3.14/site-packages/django/views/generic/base.py:55
api/v1/announcements/^(?P<pk>[^/.]+)\.(?P<format>[a-z0-9]+)/?$,apps.announcement.views.AnnouncementViewSet,DRF,IsAuthenticated,JWTAuthentication,,,"DjangoFilterBackend,SearchFilter,OrderingFilter",,,options,/Users/loki/WorkBuddy/招聘助手/ATS-NEW/apps/django/.venv/lib/python3.14/site-packages/django/views/generic/base.py:55
api/v1/announcements/^(?P<pk>[^/.]+)/attachments/(?P<attachment_id>[^/.]+)/$,apps.announcement.views.AnnouncementViewSet,DRF,IsAuthenticated,JWTAuthentication,,,"DjangoFilterBackend,SearchFilter,OrderingFilter",,,options,/Users/loki/WorkBuddy/招聘助手/ATS-NEW/apps/django/.venv/lib/python3.14/site-packages/django/views/generic/base.py:55
api/v1/announcements/^(?P<pk>[^/.]+)/attachments/(?P<attachment_id>[^/.]+)\.(?P<format>[a-z0-9]+)/?$,apps.announcement.views.AnnouncementViewSet,DRF,IsAuthenticated,JWTAuthentication,,,"DjangoFilterBackend,SearchFilter,OrderingFilter",,,options,/Users/loki/WorkBuddy/招聘助手/ATS-NEW/apps/django/.venv/lib/python3.14/site-packages/django/views/generic/base.py:55
api/v1/announcements/^(?P<pk>[^/.]+)/push/(?P<push_id>[^/.]+)/notify-unread/$,apps.announcement.views.AnnouncementViewSet,DRF,IsAuthenticated,JWTAuthentication,,,"DjangoFilterBackend,SearchFilter,OrderingFilter",,,options,/Users/loki/WorkBuddy/招聘助手/ATS-NEW/apps/django/.venv/lib/python3.14/site-packages/django/views/generic/base.py:55
api/v1/announcements/^(?P<pk>[^/.]+)/push/(?P<push_id>[^/.]+)/notify-unread\.(?P<format>[a-z0-9]+)/?$,apps.announcement.views.AnnouncementViewSet,DRF,IsAuthenticated,JWTAuthentication,,,"DjangoFilterBackend,SearchFilter,OrderingFilter",,,options,/Users/loki/WorkBuddy/招聘助手/ATS-NEW/apps/django/.venv/lib/python3.14/site-packages/django/views/generic/base.py:55
api/v1/announcements/^(?P<pk>[^/.]+)/push/$,apps.announcement.views.AnnouncementViewSet,DRF,IsAuthenticated,JWTAuthentication,,,"DjangoFilterBackend,SearchFilter,OrderingFilter",,,options,/Users/loki/WorkBuddy/招聘助手/ATS-NEW/apps/django/.venv/lib/python3.14/site-packages/django/views/generic/base.py:55
api/v1/announcements/^(?P<pk>[^/.]+)/push\.(?P<format>[a-z0-9]+)/?$,apps.announcement.views.AnnouncementViewSet,DRF,IsAuthenticated,JWTAuthentication,,,"DjangoFilterBackend,SearchFilter,OrderingFilter",,,options,/Users/loki/WorkBuddy/招聘助手/ATS-NEW/apps/django/.venv/lib/python3.14/site-packages/django/views/generic/base.py:55
api/v1/announcements/^(?P<pk>[^/.]+)/attachments/$,apps.announcement.views.AnnouncementViewSet,DRF,IsAuthenticated,JWTAuthentication,,,"DjangoFilterBackend,SearchFilter,OrderingFilter",,,options,/Users/loki/WorkBuddy/招聘助手/ATS-NEW/apps/django/.venv/lib/python3.14/site-packages/django/views/generic/base.py:55
api/v1/announcements/^(?P<pk>[^/.]+)/attachments\.(?P<format>[a-z0-9]+)/?$,apps.announcement.views.AnnouncementViewSet,DRF,IsAuthenticated,JWTAuthentication,,,"DjangoFilterBackend,SearchFilter,OrderingFilter",,,options,/Users/loki/WorkBuddy/招聘助手/ATS-NEW/apps/django/.venv/lib/python3.14/site-packages/django/views/generic/base.py:55
api/v1/announcements/,rest_framework.routers.APIRootView,DRF,AllowAny,JWTAuthentication,,,,,,"get,options",/Users/loki/WorkBuddy/招聘助手/ATS-NEW/apps/django/.venv/lib/python3.14/site-packages/django/views/generic/base.py:55
api/v1/announcements/<drf_format_suffix:format>,rest_framework.routers.APIRootView,DRF,AllowAny,JWTAuthentication,,,,,,"get,options",/Users/loki/WorkBuddy/招聘助手/ATS-NEW/apps/django/.venv/lib/python3.14/site-packages/django/views/generic/base.py:55
api/v1/positions/^$,apps.position.views.PositionViewSet,DRF,V2Permission,JWTAuthentication,,StandardResultsSetPagination,DjangoFilterBackend,,,options,/Users/loki/WorkBuddy/招聘助手/ATS-NEW/apps/django/.venv/lib/python3.14/site-packages/django/views/generic/base.py:55
api/v1/positions/^\.(?P<format>[a-z0-9]+)/?$,apps.position.views.PositionViewSet,DRF,V2Permission,JWTAuthentication,,StandardResultsSetPagination,DjangoFilterBackend,,,options,/Users/loki/WorkBuddy/招聘助手/ATS-NEW/apps/django/.venv/lib/python3.14/site-packages/django/views/generic/base.py:55
api/v1/positions/^open/$,apps.position.views.PositionViewSet,DRF,V2Permission,JWTAuthentication,,StandardResultsSetPagination,DjangoFilterBackend,,,options,/Users/loki/WorkBuddy/招聘助手/ATS-NEW/apps/django/.venv/lib/python3.14/site-packages/django/views/generic/base.py:55
api/v1/positions/^open\.(?P<format>[a-z0-9]+)/?$,apps.position.views.PositionViewSet,DRF,V2Permission,JWTAuthentication,,StandardResultsSetPagination,DjangoFilterBackend,,,options,/Users/loki/WorkBuddy/招聘助手/ATS-NEW/apps/django/.venv/lib/python3.14/site-packages/django/views/generic/base.py:55
api/v1/positions/^(?P<pk>[^/.]+)/$,apps.position.views.PositionViewSet,DRF,V2Permission,JWTAuthentication,,StandardResultsSetPagination,DjangoFilterBackend,,,options,/Users/loki/WorkBuddy/招聘助手/ATS-NEW/apps/django/.venv/lib/python3.14/site-packages/django/views/generic/base.py:55
api/v1/positions/^(?P<pk>[^/.]+)\.(?P<format>[a-z0-9]+)/?$,apps.position.views.PositionViewSet,DRF,V2Permission,JWTAuthentication,,StandardResultsSetPagination,DjangoFilterBackend,,,options,/Users/loki/WorkBuddy/招聘助手/ATS-NEW/apps/django/.venv/lib/python3.14/site-packages/django/views/generic/base.py:55
api/v1/positions/^(?P<pk>[^/.]+)/transition/$,apps.position.views.PositionViewSet,DRF,V2Permission,JWTAuthentication,,StandardResultsSetPagination,DjangoFilterBackend,,,options,/Users/loki/WorkBuddy/招聘助手/ATS-NEW/apps/django/.venv/lib/python3.14/site-packages/django/views/generic/base.py:55
api/v1/positions/^(?P<pk>[^/.]+)/transition\.(?P<format>[a-z0-9]+)/?$,apps.position.views.PositionViewSet,DRF,V2Permission,JWTAuthentication,,StandardResultsSetPagination,DjangoFilterBackend,,,options,/Users/loki/WorkBuddy/招聘助手/ATS-NEW/apps/django/.venv/lib/python3.14/site-packages/django/views/generic/base.py:55
api/v1/positions/,rest_framework.routers.APIRootView,DRF,AllowAny,JWTAuthentication,,,,,,"get,options",/Users/loki/WorkBuddy/招聘助手/ATS-NEW/apps/django/.venv/lib/python3.14/site-packages/django/views/generic/base.py:55
api/v1/positions/<drf_format_suffix:format>,rest_framework.routers.APIRootView,DRF,AllowAny,JWTAuthentication,,,,,,"get,options",/Users/loki/WorkBuddy/招聘助手/ATS-NEW/apps/django/.venv/lib/python3.14/site-packages/django/views/generic/base.py:55
api/v1/offers/^$,apps.offer.views.OfferViewSet,DRF,V2Permission,JWTAuthentication,,StandardResultsSetPagination,DjangoFilterBackend,,,options,/Users/loki/WorkBuddy/招聘助手/ATS-NEW/apps/django/.venv/lib/python3.14/site-packages/django/views/generic/base.py:55
api/v1/offers/^\.(?P<format>[a-z0-9]+)/?$,apps.offer.views.OfferViewSet,DRF,V2Permission,JWTAuthentication,,StandardResultsSetPagination,DjangoFilterBackend,,,options,/Users/loki/WorkBuddy/招聘助手/ATS-NEW/apps/django/.venv/lib/python3.14/site-packages/django/views/generic/base.py:55
api/v1/offers/^(?P<pk>[^/.]+)/$,apps.offer.views.OfferViewSet,DRF,V2Permission,JWTAuthentication,,StandardResultsSetPagination,DjangoFilterBackend,,,options,/Users/loki/WorkBuddy/招聘助手/ATS-NEW/apps/django/.venv/lib/python3.14/site-packages/django/views/generic/base.py:55
api/v1/offers/^(?P<pk>[^/.]+)\.(?P<format>[a-z0-9]+)/?$,apps.offer.views.OfferViewSet,DRF,V2Permission,JWTAuthentication,,StandardResultsSetPagination,DjangoFilterBackend,,,options,/Users/loki/WorkBuddy/招聘助手/ATS-NEW/apps/django/.venv/lib/python3.14/site-packages/django/views/generic/base.py:55
api/v1/offers/^(?P<pk>[^/.]+)/transition/$,apps.offer.views.OfferViewSet,DRF,V2Permission,JWTAuthentication,,StandardResultsSetPagination,DjangoFilterBackend,,,options,/Users/loki/WorkBuddy/招聘助手/ATS-NEW/apps/django/.venv/lib/python3.14/site-packages/django/views/generic/base.py:55
api/v1/offers/^(?P<pk>[^/.]+)/transition\.(?P<format>[a-z0-9]+)/?$,apps.offer.views.OfferViewSet,DRF,V2Permission,JWTAuthentication,,StandardResultsSetPagination,DjangoFilterBackend,,,options,/Users/loki/WorkBuddy/招聘助手/ATS-NEW/apps/django/.venv/lib/python3.14/site-packages/django/views/generic/base.py:55
api/v1/offers/,rest_framework.routers.APIRootView,DRF,AllowAny,JWTAuthentication,,,,,,"get,options",/Users/loki/WorkBuddy/招聘助手/ATS-NEW/apps/django/.venv/lib/python3.14/site-packages/django/views/generic/base.py:55
api/v1/offers/<drf_format_suffix:format>,rest_framework.routers.APIRootView,DRF,AllowAny,JWTAuthentication,,,,,,"get,options",/Users/loki/WorkBuddy/招聘助手/ATS-NEW/apps/django/.venv/lib/python3.14/site-packages/django/views/generic/base.py:55
api/v1/onboardings/^$,apps.onboarding.views.OnboardingViewSet,DRF,V2Permission,JWTAuthentication,,StandardResultsSetPagination,DjangoFilterBackend,,,options,/Users/loki/WorkBuddy/招聘助手/ATS-NEW/apps/django/.venv/lib/python3.14/site-packages/django/views/generic/base.py:55
api/v1/onboardings/^\.(?P<format>[a-z0-9]+)/?$,apps.onboarding.views.OnboardingViewSet,DRF,V2Permission,JWTAuthentication,,StandardResultsSetPagination,DjangoFilterBackend,,,options,/Users/loki/WorkBuddy/招聘助手/ATS-NEW/apps/django/.venv/lib/python3.14/site-packages/django/views/generic/base.py:55
api/v1/onboardings/^(?P<pk>[^/.]+)/$,apps.onboarding.views.OnboardingViewSet,DRF,V2Permission,JWTAuthentication,,StandardResultsSetPagination,DjangoFilterBackend,,,options,/Users/loki/WorkBuddy/招聘助手/ATS-NEW/apps/django/.venv/lib/python3.14/site-packages/django/views/generic/base.py:55
api/v1/onboardings/^(?P<pk>[^/.]+)\.(?P<format>[a-z0-9]+)/?$,apps.onboarding.views.OnboardingViewSet,DRF,V2Permission,JWTAuthentication,,StandardResultsSetPagination,DjangoFilterBackend,,,options,/Users/loki/WorkBuddy/招聘助手/ATS-NEW/apps/django/.venv/lib/python3.14/site-packages/django/views/generic/base.py:55
api/v1/onboardings/^(?P<pk>[^/.]+)/transition/$,apps.onboarding.views.OnboardingViewSet,DRF,V2Permission,JWTAuthentication,,StandardResultsSetPagination,DjangoFilterBackend,,,options,/Users/loki/WorkBuddy/招聘助手/ATS-NEW/apps/django/.venv/lib/python3.14/site-packages/django/views/generic/base.py:55
api/v1/onboardings/^(?P<pk>[^/.]+)/transition\.(?P<format>[a-z0-9]+)/?$,apps.onboarding.views.OnboardingViewSet,DRF,V2Permission,JWTAuthentication,,StandardResultsSetPagination,DjangoFilterBackend,,,options,/Users/loki/WorkBuddy/招聘助手/ATS-NEW/apps/django/.venv/lib/python3.14/site-packages/django/views/generic/base.py:55
api/v1/onboardings/,rest_framework.routers.APIRootView,DRF,AllowAny,JWTAuthentication,,,,,,"get,options",/Users/loki/WorkBuddy/招聘助手/ATS-NEW/apps/django/.venv/lib/python3.14/site-packages/django/views/generic/base.py:55
api/v1/onboardings/<drf_format_suffix:format>,rest_framework.routers.APIRootView,DRF,AllowAny,JWTAuthentication,,,,,,"get,options",/Users/loki/WorkBuddy/招聘助手/ATS-NEW/apps/django/.venv/lib/python3.14/site-packages/django/views/generic/base.py:55
api/v1/invitations/^$,apps.invitation.views.InvitationViewSet,DRF,V2Permission,JWTAuthentication,,StandardResultsSetPagination,DjangoFilterBackend,,,options,/Users/loki/WorkBuddy/招聘助手/ATS-NEW/apps/django/.venv/lib/python3.14/site-packages/django/views/generic/base.py:55
api/v1/invitations/^\.(?P<format>[a-z0-9]+)/?$,apps.invitation.views.InvitationViewSet,DRF,V2Permission,JWTAuthentication,,StandardResultsSetPagination,DjangoFilterBackend,,,options,/Users/loki/WorkBuddy/招聘助手/ATS-NEW/apps/django/.venv/lib/python3.14/site-packages/django/views/generic/base.py:55
api/v1/invitations/^claimable/$,apps.invitation.views.InvitationViewSet,DRF,V2Permission,JWTAuthentication,,StandardResultsSetPagination,DjangoFilterBackend,,,options,/Users/loki/WorkBuddy/招聘助手/ATS-NEW/apps/django/.venv/lib/python3.14/site-packages/django/views/generic/base.py:55
api/v1/invitations/^claimable\.(?P<format>[a-z0-9]+)/?$,apps.invitation.views.InvitationViewSet,DRF,V2Permission,JWTAuthentication,,StandardResultsSetPagination,DjangoFilterBackend,,,options,/Users/loki/WorkBuddy/招聘助手/ATS-NEW/apps/django/.venv/lib/python3.14/site-packages/django/views/generic/base.py:55
api/v1/invitations/^grab-pool/$,apps.invitation.views.InvitationViewSet,DRF,V2Permission,JWTAuthentication,,StandardResultsSetPagination,DjangoFilterBackend,,,options,/Users/loki/WorkBuddy/招聘助手/ATS-NEW/apps/django/.venv/lib/python3.14/site-packages/django/views/generic/base.py:55
api/v1/invitations/^grab-pool\.(?P<format>[a-z0-9]+)/?$,apps.invitation.views.InvitationViewSet,DRF,V2Permission,JWTAuthentication,,StandardResultsSetPagination,DjangoFilterBackend,,,options,/Users/loki/WorkBuddy/招聘助手/ATS-NEW/apps/django/.venv/lib/python3.14/site-packages/django/views/generic/base.py:55
api/v1/invitations/^process-expired/$,apps.invitation.views.InvitationViewSet,DRF,V2Permission,JWTAuthentication,,StandardResultsSetPagination,DjangoFilterBackend,,,options,/Users/loki/WorkBuddy/招聘助手/ATS-NEW/apps/django/.venv/lib/python3.14/site-packages/django/views/generic/base.py:55
api/v1/invitations/^process-expired\.(?P<format>[a-z0-9]+)/?$,apps.invitation.views.InvitationViewSet,DRF,V2Permission,JWTAuthentication,,StandardResultsSetPagination,DjangoFilterBackend,,,options,/Users/loki/WorkBuddy/招聘助手/ATS-NEW/apps/django/.venv/lib/python3.14/site-packages/django/views/generic/base.py:55
api/v1/invitations/^(?P<pk>[^/.]+)/$,apps.invitation.views.InvitationViewSet,DRF,V2Permission,JWTAuthentication,,StandardResultsSetPagination,DjangoFilterBackend,,,options,/Users/loki/WorkBuddy/招聘助手/ATS-NEW/apps/django/.venv/lib/python3.14/site-packages/django/views/generic/base.py:55
api/v1/invitations/^(?P<pk>[^/.]+)\.(?P<format>[a-z0-9]+)/?$,apps.invitation.views.InvitationViewSet,DRF,V2Permission,JWTAuthentication,,StandardResultsSetPagination,DjangoFilterBackend,,,options,/Users/loki/WorkBuddy/招聘助手/ATS-NEW/apps/django/.venv/lib/python3.14/site-packages/django/views/generic/base.py:55
api/v1/invitations/^(?P<pk>[^/.]+)/grab/$,apps.invitation.views.InvitationViewSet,DRF,V2Permission,JWTAuthentication,,StandardResultsSetPagination,DjangoFilterBackend,,,options,/Users/loki/WorkBuddy/招聘助手/ATS-NEW/apps/django/.venv/lib/python3.14/site-packages/django/views/generic/base.py:55
api/v1/invitations/^(?P<pk>[^/.]+)/grab\.(?P<format>[a-z0-9]+)/?$,apps.invitation.views.InvitationViewSet,DRF,V2Permission,JWTAuthentication,,StandardResultsSetPagination,DjangoFilterBackend,,,options,/Users/loki/WorkBuddy/招聘助手/ATS-NEW/apps/django/.venv/lib/python3.14/site-packages/django/views/generic/base.py:55
api/v1/invitations/^(?P<pk>[^/.]+)/transition/$,apps.invitation.views.InvitationViewSet,DRF,V2Permission,JWTAuthentication,,StandardResultsSetPagination,DjangoFilterBackend,,,options,/Users/loki/WorkBuddy/招聘助手/ATS-NEW/apps/django/.venv/lib/python3.14/site-packages/django/views/generic/base.py:55
api/v1/invitations/^(?P<pk>[^/.]+)/transition\.(?P<format>[a-z0-9]+)/?$,apps.invitation.views.InvitationViewSet,DRF,V2Permission,JWTAuthentication,,StandardResultsSetPagination,DjangoFilterBackend,,,options,/Users/loki/WorkBuddy/招聘助手/ATS-NEW/apps/django/.venv/lib/python3.14/site-packages/django/views/generic/base.py:55
api/v1/invitations/,rest_framework.routers.APIRootView,DRF,AllowAny,JWTAuthentication,,,,,,"get,options",/Users/loki/WorkBuddy/招聘助手/ATS-NEW/apps/django/.venv/lib/python3.14/site-packages/django/views/generic/base.py:55
api/v1/invitations/<drf_format_suffix:format>,rest_framework.routers.APIRootView,DRF,AllowAny,JWTAuthentication,,,,,,"get,options",/Users/loki/WorkBuddy/招聘助手/ATS-NEW/apps/django/.venv/lib/python3.14/site-packages/django/views/generic/base.py:55
api/v1/interviews/^evaluations/$,apps.interview.views.InterviewEvaluationViewSet,DRF,IsHROrAbove,JWTAuthentication,,StandardResultsSetPagination,DjangoFilterBackend,,InterviewEvaluationSerializer,options,/Users/loki/WorkBuddy/招聘助手/ATS-NEW/apps/django/.venv/lib/python3.14/site-packages/django/views/generic/base.py:55
api/v1/interviews/^evaluations\.(?P<format>[a-z0-9]+)/?$,apps.interview.views.InterviewEvaluationViewSet,DRF,IsHROrAbove,JWTAuthentication,,StandardResultsSetPagination,DjangoFilterBackend,,InterviewEvaluationSerializer,options,/Users/loki/WorkBuddy/招聘助手/ATS-NEW/apps/django/.venv/lib/python3.14/site-packages/django/views/generic/base.py:55
api/v1/interviews/^evaluations/(?P<pk>[^/.]+)/$,apps.interview.views.InterviewEvaluationViewSet,DRF,IsHROrAbove,JWTAuthentication,,StandardResultsSetPagination,DjangoFilterBackend,,InterviewEvaluationSerializer,options,/Users/loki/WorkBuddy/招聘助手/ATS-NEW/apps/django/.venv/lib/python3.14/site-packages/django/views/generic/base.py:55
api/v1/interviews/^evaluations/(?P<pk>[^/.]+)\.(?P<format>[a-z0-9]+)/?$,apps.interview.views.InterviewEvaluationViewSet,DRF,IsHROrAbove,JWTAuthentication,,StandardResultsSetPagination,DjangoFilterBackend,,InterviewEvaluationSerializer,options,/Users/loki/WorkBuddy/招聘助手/ATS-NEW/apps/django/.venv/lib/python3.14/site-packages/django/views/generic/base.py:55
api/v1/interviews/^$,apps.interview.views.InterviewViewSet,DRF,V2Permission,JWTAuthentication,,StandardResultsSetPagination,DjangoFilterBackend,,,options,/Users/loki/WorkBuddy/招聘助手/ATS-NEW/apps/django/.venv/lib/python3.14/site-packages/django/views/generic/base.py:55
api/v1/interviews/^\.(?P<format>[a-z0-9]+)/?$,apps.interview.views.InterviewViewSet,DRF,V2Permission,JWTAuthentication,,StandardResultsSetPagination,DjangoFilterBackend,,,options,/Users/loki/WorkBuddy/招聘助手/ATS-NEW/apps/django/.venv/lib/python3.14/site-packages/django/views/generic/base.py:55
api/v1/interviews/^(?P<pk>[^/.]+)/$,apps.interview.views.InterviewViewSet,DRF,V2Permission,JWTAuthentication,,StandardResultsSetPagination,DjangoFilterBackend,,,options,/Users/loki/WorkBuddy/招聘助手/ATS-NEW/apps/django/.venv/lib/python3.14/site-packages/django/views/generic/base.py:55
api/v1/interviews/^(?P<pk>[^/.]+)\.(?P<format>[a-z0-9]+)/?$,apps.interview.views.InterviewViewSet,DRF,V2Permission,JWTAuthentication,,StandardResultsSetPagination,DjangoFilterBackend,,,options,/Users/loki/WorkBuddy/招聘助手/ATS-NEW/apps/django/.venv/lib/python3.14/site-packages/django/views/generic/base.py:55
api/v1/interviews/,rest_framework.routers.APIRootView,DRF,AllowAny,JWTAuthentication,,,,,,"get,options",/Users/loki/WorkBuddy/招聘助手/ATS-NEW/apps/django/.venv/lib/python3.14/site-packages/django/views/generic/base.py:55
api/v1/interviews/<drf_format_suffix:format>,rest_framework.routers.APIRootView,DRF,AllowAny,JWTAuthentication,,,,,,"get,options",/Users/loki/WorkBuddy/招聘助手/ATS-NEW/apps/django/.venv/lib/python3.14/site-packages/django/views/generic/base.py:55
api/v1/referrals/^$,apps.referral.views.ReferralViewSet,DRF,V2Permission,JWTAuthentication,,StandardResultsSetPagination,DjangoFilterBackend,,,options,/Users/loki/WorkBuddy/招聘助手/ATS-NEW/apps/django/.venv/lib/python3.14/site-packages/django/views/generic/base.py:55
api/v1/referrals/^\.(?P<format>[a-z0-9]+)/?$,apps.referral.views.ReferralViewSet,DRF,V2Permission,JWTAuthentication,,StandardResultsSetPagination,DjangoFilterBackend,,,options,/Users/loki/WorkBuddy/招聘助手/ATS-NEW/apps/django/.venv/lib/python3.14/site-packages/django/views/generic/base.py:55
api/v1/referrals/^codes/me/$,apps.referral.views.ReferralViewSet,DRF,V2Permission,JWTAuthentication,,StandardResultsSetPagination,DjangoFilterBackend,,,options,/Users/loki/WorkBuddy/招聘助手/ATS-NEW/apps/django/.venv/lib/python3.14/site-packages/django/views/generic/base.py:55
api/v1/referrals/^codes/me\.(?P<format>[a-z0-9]+)/?$,apps.referral.views.ReferralViewSet,DRF,V2Permission,JWTAuthentication,,StandardResultsSetPagination,DjangoFilterBackend,,,options,/Users/loki/WorkBuddy/招聘助手/ATS-NEW/apps/django/.venv/lib/python3.14/site-packages/django/views/generic/base.py:55
api/v1/referrals/^my-referrals/$,apps.referral.views.ReferralViewSet,DRF,V2Permission,JWTAuthentication,,StandardResultsSetPagination,DjangoFilterBackend,,,options,/Users/loki/WorkBuddy/招聘助手/ATS-NEW/apps/django/.venv/lib/python3.14/site-packages/django/views/generic/base.py:55
api/v1/referrals/^my-referrals\.(?P<format>[a-z0-9]+)/?$,apps.referral.views.ReferralViewSet,DRF,V2Permission,JWTAuthentication,,StandardResultsSetPagination,DjangoFilterBackend,,,options,/Users/loki/WorkBuddy/招聘助手/ATS-NEW/apps/django/.venv/lib/python3.14/site-packages/django/views/generic/base.py:55
api/v1/referrals/^(?P<pk>[^/.]+)/$,apps.referral.views.ReferralViewSet,DRF,V2Permission,JWTAuthentication,,StandardResultsSetPagination,DjangoFilterBackend,,,options,/Users/loki/WorkBuddy/招聘助手/ATS-NEW/apps/django/.venv/lib/python3.14/site-packages/django/views/generic/base.py:55
api/v1/referrals/^(?P<pk>[^/.]+)\.(?P<format>[a-z0-9]+)/?$,apps.referral.views.ReferralViewSet,DRF,V2Permission,JWTAuthentication,,StandardResultsSetPagination,DjangoFilterBackend,,,options,/Users/loki/WorkBuddy/招聘助手/ATS-NEW/apps/django/.venv/lib/python3.14/site-packages/django/views/generic/base.py:55
api/v1/referrals/^(?P<pk>[^/.]+)/detect-type/$,apps.referral.views.ReferralViewSet,DRF,V2Permission,JWTAuthentication,,StandardResultsSetPagination,DjangoFilterBackend,,,options,/Users/loki/WorkBuddy/招聘助手/ATS-NEW/apps/django/.venv/lib/python3.14/site-packages/django/views/generic/base.py:55
api/v1/referrals/^(?P<pk>[^/.]+)/detect-type\.(?P<format>[a-z0-9]+)/?$,apps.referral.views.ReferralViewSet,DRF,V2Permission,JWTAuthentication,,StandardResultsSetPagination,DjangoFilterBackend,,,options,/Users/loki/WorkBuddy/招聘助手/ATS-NEW/apps/django/.venv/lib/python3.14/site-packages/django/views/generic/base.py:55
api/v1/referrals/,rest_framework.routers.APIRootView,DRF,AllowAny,JWTAuthentication,,,,,,"get,options",/Users/loki/WorkBuddy/招聘助手/ATS-NEW/apps/django/.venv/lib/python3.14/site-packages/django/views/generic/base.py:55
api/v1/referrals/<drf_format_suffix:format>,rest_framework.routers.APIRootView,DRF,AllowAny,JWTAuthentication,,,,,,"get,options",/Users/loki/WorkBuddy/招聘助手/ATS-NEW/apps/django/.venv/lib/python3.14/site-packages/django/views/generic/base.py:55
api/v1/referral/codes/me,apps.referral.urls_single._codes_me_alias,DRF,IsAuthenticated,JWTAuthentication,,,,,,"get,options",/Users/loki/WorkBuddy/招聘助手/ATS-NEW/apps/django/.venv/lib/python3.14/site-packages/django/views/generic/base.py:55
api/v1/referral/codes/me/,apps.referral.urls_single._codes_me_alias,DRF,IsAuthenticated,JWTAuthentication,,,,,,"get,options",/Users/loki/WorkBuddy/招聘助手/ATS-NEW/apps/django/.venv/lib/python3.14/site-packages/django/views/generic/base.py:55
api/v1/referral/records,apps.referral.urls_single._empty_list,DRF,IsAuthenticated,JWTAuthentication,,,,,,"get,options",/Users/loki/WorkBuddy/招聘助手/ATS-NEW/apps/django/.venv/lib/python3.14/site-packages/django/views/generic/base.py:55
api/v1/referral/records/,apps.referral.urls_single._empty_list,DRF,IsAuthenticated,JWTAuthentication,,,,,,"get,options",/Users/loki/WorkBuddy/招聘助手/ATS-NEW/apps/django/.venv/lib/python3.14/site-packages/django/views/generic/base.py:55
api/v1/referral/records/me,apps.referral.urls_single._empty_list,DRF,IsAuthenticated,JWTAuthentication,,,,,,"get,options",/Users/loki/WorkBuddy/招聘助手/ATS-NEW/apps/django/.venv/lib/python3.14/site-packages/django/views/generic/base.py:55
api/v1/referral/records/me/,apps.referral.urls_single._empty_list,DRF,IsAuthenticated,JWTAuthentication,,,,,,"get,options",/Users/loki/WorkBuddy/招聘助手/ATS-NEW/apps/django/.venv/lib/python3.14/site-packages/django/views/generic/base.py:55
api/v1/referral/records/me/summary,apps.referral.urls_single._records_me_summary,DRF,IsAuthenticated,JWTAuthentication,,,,,,"get,options",/Users/loki/WorkBuddy/招聘助手/ATS-NEW/apps/django/.venv/lib/python3.14/site-packages/django/views/generic/base.py:55
api/v1/referral/records/me/summary/,apps.referral.urls_single._records_me_summary,DRF,IsAuthenticated,JWTAuthentication,,,,,,"get,options",/Users/loki/WorkBuddy/招聘助手/ATS-NEW/apps/django/.venv/lib/python3.14/site-packages/django/views/generic/base.py:55
api/v1/referral/rewards/me,apps.referral.urls_single._empty_list,DRF,IsAuthenticated,JWTAuthentication,,,,,,"get,options",/Users/loki/WorkBuddy/招聘助手/ATS-NEW/apps/django/.venv/lib/python3.14/site-packages/django/views/generic/base.py:55
api/v1/referral/rewards/me/,apps.referral.urls_single._empty_list,DRF,IsAuthenticated,JWTAuthentication,,,,,,"get,options",/Users/loki/WorkBuddy/招聘助手/ATS-NEW/apps/django/.venv/lib/python3.14/site-packages/django/views/generic/base.py:55
api/v1/referral/rules,apps.referral.urls_single._empty_list,DRF,IsAuthenticated,JWTAuthentication,,,,,,"get,options",/Users/loki/WorkBuddy/招聘助手/ATS-NEW/apps/django/.venv/lib/python3.14/site-packages/django/views/generic/base.py:55
api/v1/referral/rules/,apps.referral.urls_single._empty_list,DRF,IsAuthenticated,JWTAuthentication,,,,,,"get,options",/Users/loki/WorkBuddy/招聘助手/ATS-NEW/apps/django/.venv/lib/python3.14/site-packages/django/views/generic/base.py:55
api/v1/referral/expert-configs/me,apps.referral.urls_single._empty_list,DRF,IsAuthenticated,JWTAuthentication,,,,,,"get,options",/Users/loki/WorkBuddy/招聘助手/ATS-NEW/apps/django/.venv/lib/python3.14/site-packages/django/views/generic/base.py:55
api/v1/referral/expert-configs/me/,apps.referral.urls_single._empty_list,DRF,IsAuthenticated,JWTAuthentication,,,,,,"get,options",/Users/loki/WorkBuddy/招聘助手/ATS-NEW/apps/django/.venv/lib/python3.14/site-packages/django/views/generic/base.py:55
api/v1/talent-pool/^tags/$,apps.talent_pool.views.TalentPoolTagViewSet,DRF,V2Permission,JWTAuthentication,,StandardResultsSetPagination,DjangoFilterBackend,,TalentPoolTagSerializer,options,/Users/loki/WorkBuddy/招聘助手/ATS-NEW/apps/django/.venv/lib/python3.14/site-packages/django/views/generic/base.py:55
api/v1/talent-pool/^tags\.(?P<format>[a-z0-9]+)/?$,apps.talent_pool.views.TalentPoolTagViewSet,DRF,V2Permission,JWTAuthentication,,StandardResultsSetPagination,DjangoFilterBackend,,TalentPoolTagSerializer,options,/Users/loki/WorkBuddy/招聘助手/ATS-NEW/apps/django/.venv/lib/python3.14/site-packages/django/views/generic/base.py:55
api/v1/talent-pool/^tags/(?P<pk>[^/.]+)/$,apps.talent_pool.views.TalentPoolTagViewSet,DRF,V2Permission,JWTAuthentication,,StandardResultsSetPagination,DjangoFilterBackend,,TalentPoolTagSerializer,options,/Users/loki/WorkBuddy/招聘助手/ATS-NEW/apps/django/.venv/lib/python3.14/site-packages/django/views/generic/base.py:55
api/v1/talent-pool/^tags/(?P<pk>[^/.]+)\.(?P<format>[a-z0-9]+)/?$,apps.talent_pool.views.TalentPoolTagViewSet,DRF,V2Permission,JWTAuthentication,,StandardResultsSetPagination,DjangoFilterBackend,,TalentPoolTagSerializer,options,/Users/loki/WorkBuddy/招聘助手/ATS-NEW/apps/django/.venv/lib/python3.14/site-packages/django/views/generic/base.py:55
api/v1/talent-pool/^$,apps.talent_pool.views.TalentPoolEntryViewSet,DRF,V2Permission,JWTAuthentication,,StandardResultsSetPagination,DjangoFilterBackend,,,options,/Users/loki/WorkBuddy/招聘助手/ATS-NEW/apps/django/.venv/lib/python3.14/site-packages/django/views/generic/base.py:55
api/v1/talent-pool/^\.(?P<format>[a-z0-9]+)/?$,apps.talent_pool.views.TalentPoolEntryViewSet,DRF,V2Permission,JWTAuthentication,,StandardResultsSetPagination,DjangoFilterBackend,,,options,/Users/loki/WorkBuddy/招聘助手/ATS-NEW/apps/django/.venv/lib/python3.14/site-packages/django/views/generic/base.py:55
api/v1/talent-pool/^(?P<pk>[^/.]+)/$,apps.talent_pool.views.TalentPoolEntryViewSet,DRF,V2Permission,JWTAuthentication,,StandardResultsSetPagination,DjangoFilterBackend,,,options,/Users/loki/WorkBuddy/招聘助手/ATS-NEW/apps/django/.venv/lib/python3.14/site-packages/django/views/generic/base.py:55
api/v1/talent-pool/^(?P<pk>[^/.]+)\.(?P<format>[a-z0-9]+)/?$,apps.talent_pool.views.TalentPoolEntryViewSet,DRF,V2Permission,JWTAuthentication,,StandardResultsSetPagination,DjangoFilterBackend,,,options,/Users/loki/WorkBuddy/招聘助手/ATS-NEW/apps/django/.venv/lib/python3.14/site-packages/django/views/generic/base.py:55
api/v1/talent-pool/^(?P<pk>[^/.]+)/activate/$,apps.talent_pool.views.TalentPoolEntryViewSet,DRF,V2Permission,JWTAuthentication,,StandardResultsSetPagination,DjangoFilterBackend,,,options,/Users/loki/WorkBuddy/招聘助手/ATS-NEW/apps/django/.venv/lib/python3.14/site-packages/django/views/generic/base.py:55
api/v1/talent-pool/^(?P<pk>[^/.]+)/activate\.(?P<format>[a-z0-9]+)/?$,apps.talent_pool.views.TalentPoolEntryViewSet,DRF,V2Permission,JWTAuthentication,,StandardResultsSetPagination,DjangoFilterBackend,,,options,/Users/loki/WorkBuddy/招聘助手/ATS-NEW/apps/django/.venv/lib/python3.14/site-packages/django/views/generic/base.py:55
api/v1/talent-pool/^(?P<pk>[^/.]+)/deactivate/$,apps.talent_pool.views.TalentPoolEntryViewSet,DRF,V2Permission,JWTAuthentication,,StandardResultsSetPagination,DjangoFilterBackend,,,options,/Users/loki/WorkBuddy/招聘助手/ATS-NEW/apps/django/.venv/lib/python3.14/site-packages/django/views/generic/base.py:55
api/v1/talent-pool/^(?P<pk>[^/.]+)/deactivate\.(?P<format>[a-z0-9]+)/?$,apps.talent_pool.views.TalentPoolEntryViewSet,DRF,V2Permission,JWTAuthentication,,StandardResultsSetPagination,DjangoFilterBackend,,,options,/Users/loki/WorkBuddy/招聘助手/ATS-NEW/apps/django/.venv/lib/python3.14/site-packages/django/views/generic/base.py:55
api/v1/talent-pool/,rest_framework.routers.APIRootView,DRF,AllowAny,JWTAuthentication,,,,,,"get,options",/Users/loki/WorkBuddy/招聘助手/ATS-NEW/apps/django/.venv/lib/python3.14/site-packages/django/views/generic/base.py:55
api/v1/talent-pool/<drf_format_suffix:format>,rest_framework.routers.APIRootView,DRF,AllowAny,JWTAuthentication,,,,,,"get,options",/Users/loki/WorkBuddy/招聘助手/ATS-NEW/apps/django/.venv/lib/python3.14/site-packages/django/views/generic/base.py:55
api/v1/channels/^costs/$,apps.channel.views.ChannelCostViewSet,DRF,IsHROrAbove,JWTAuthentication,,StandardResultsSetPagination,DjangoFilterBackend,,ChannelCostSerializer,options,/Users/loki/WorkBuddy/招聘助手/ATS-NEW/apps/django/.venv/lib/python3.14/site-packages/django/views/generic/base.py:55
api/v1/channels/^costs\.(?P<format>[a-z0-9]+)/?$,apps.channel.views.ChannelCostViewSet,DRF,IsHROrAbove,JWTAuthentication,,StandardResultsSetPagination,DjangoFilterBackend,,ChannelCostSerializer,options,/Users/loki/WorkBuddy/招聘助手/ATS-NEW/apps/django/.venv/lib/python3.14/site-packages/django/views/generic/base.py:55
api/v1/channels/^costs/(?P<pk>[^/.]+)/$,apps.channel.views.ChannelCostViewSet,DRF,IsHROrAbove,JWTAuthentication,,StandardResultsSetPagination,DjangoFilterBackend,,ChannelCostSerializer,options,/Users/loki/WorkBuddy/招聘助手/ATS-NEW/apps/django/.venv/lib/python3.14/site-packages/django/views/generic/base.py:55
api/v1/channels/^costs/(?P<pk>[^/.]+)\.(?P<format>[a-z0-9]+)/?$,apps.channel.views.ChannelCostViewSet,DRF,IsHROrAbove,JWTAuthentication,,StandardResultsSetPagination,DjangoFilterBackend,,ChannelCostSerializer,options,/Users/loki/WorkBuddy/招聘助手/ATS-NEW/apps/django/.venv/lib/python3.14/site-packages/django/views/generic/base.py:55
api/v1/channels/^$,apps.channel.views.ChannelViewSet,DRF,V2Permission,JWTAuthentication,,StandardResultsSetPagination,DjangoFilterBackend,,ChannelSerializer,options,/Users/loki/WorkBuddy/招聘助手/ATS-NEW/apps/django/.venv/lib/python3.14/site-packages/django/views/generic/base.py:55
api/v1/channels/^\.(?P<format>[a-z0-9]+)/?$,apps.channel.views.ChannelViewSet,DRF,V2Permission,JWTAuthentication,,StandardResultsSetPagination,DjangoFilterBackend,,ChannelSerializer,options,/Users/loki/WorkBuddy/招聘助手/ATS-NEW/apps/django/.venv/lib/python3.14/site-packages/django/views/generic/base.py:55
api/v1/channels/^(?P<pk>[^/.]+)/$,apps.channel.views.ChannelViewSet,DRF,V2Permission,JWTAuthentication,,StandardResultsSetPagination,DjangoFilterBackend,,ChannelSerializer,options,/Users/loki/WorkBuddy/招聘助手/ATS-NEW/apps/django/.venv/lib/python3.14/site-packages/django/views/generic/base.py:55
api/v1/channels/^(?P<pk>[^/.]+)\.(?P<format>[a-z0-9]+)/?$,apps.channel.views.ChannelViewSet,DRF,V2Permission,JWTAuthentication,,StandardResultsSetPagination,DjangoFilterBackend,,ChannelSerializer,options,/Users/loki/WorkBuddy/招聘助手/ATS-NEW/apps/django/.venv/lib/python3.14/site-packages/django/views/generic/base.py:55
api/v1/channels/,rest_framework.routers.APIRootView,DRF,AllowAny,JWTAuthentication,,,,,,"get,options",/Users/loki/WorkBuddy/招聘助手/ATS-NEW/apps/django/.venv/lib/python3.14/site-packages/django/views/generic/base.py:55
api/v1/channels/<drf_format_suffix:format>,rest_framework.routers.APIRootView,DRF,AllowAny,JWTAuthentication,,,,,,"get,options",/Users/loki/WorkBuddy/招聘助手/ATS-NEW/apps/django/.venv/lib/python3.14/site-packages/django/views/generic/base.py:55
api/v1/permissions-v2/^mou/$,apps.mou.urls.MouAgreementViewSetWithScopes,DRF,MOUVIEWSetPermission,JWTAuthentication,,StandardResultsSetPagination,"DjangoFilterBackend,SearchFilter,OrderingFilter",,MouAgreementSerializer,options,/Users/loki/WorkBuddy/招聘助手/ATS-NEW/apps/django/.venv/lib/python3.14/site-packages/django/views/generic/base.py:55
api/v1/permissions-v2/^mou\.(?P<format>[a-z0-9]+)/?$,apps.mou.urls.MouAgreementViewSetWithScopes,DRF,MOUVIEWSetPermission,JWTAuthentication,,StandardResultsSetPagination,"DjangoFilterBackend,SearchFilter,OrderingFilter",,MouAgreementSerializer,options,/Users/loki/WorkBuddy/招聘助手/ATS-NEW/apps/django/.venv/lib/python3.14/site-packages/django/views/generic/base.py:55
api/v1/permissions-v2/^mou/(?P<pk>[^/.]+)/$,apps.mou.urls.MouAgreementViewSetWithScopes,DRF,MOUVIEWSetPermission,JWTAuthentication,,StandardResultsSetPagination,"DjangoFilterBackend,SearchFilter,OrderingFilter",,MouAgreementSerializer,options,/Users/loki/WorkBuddy/招聘助手/ATS-NEW/apps/django/.venv/lib/python3.14/site-packages/django/views/generic/base.py:55
api/v1/permissions-v2/^mou/(?P<pk>[^/.]+)\.(?P<format>[a-z0-9]+)/?$,apps.mou.urls.MouAgreementViewSetWithScopes,DRF,MOUVIEWSetPermission,JWTAuthentication,,StandardResultsSetPagination,"DjangoFilterBackend,SearchFilter,OrderingFilter",,MouAgreementSerializer,options,/Users/loki/WorkBuddy/招聘助手/ATS-NEW/apps/django/.venv/lib/python3.14/site-packages/django/views/generic/base.py:55
api/v1/permissions-v2/^mou/(?P<pk>[^/.]+)/scopes/$,apps.mou.urls.MouAgreementViewSetWithScopes,DRF,MOUVIEWSetPermission,JWTAuthentication,,StandardResultsSetPagination,"DjangoFilterBackend,SearchFilter,OrderingFilter",,MouAgreementSerializer,options,/Users/loki/WorkBuddy/招聘助手/ATS-NEW/apps/django/.venv/lib/python3.14/site-packages/django/views/generic/base.py:55
api/v1/permissions-v2/^mou/(?P<pk>[^/.]+)/scopes\.(?P<format>[a-z0-9]+)/?$,apps.mou.urls.MouAgreementViewSetWithScopes,DRF,MOUVIEWSetPermission,JWTAuthentication,,StandardResultsSetPagination,"DjangoFilterBackend,SearchFilter,OrderingFilter",,MouAgreementSerializer,options,/Users/loki/WorkBuddy/招聘助手/ATS-NEW/apps/django/.venv/lib/python3.14/site-packages/django/views/generic/base.py:55
api/v1/permissions-v2/^containers/$,apps.mou.views.MouContainerViewSet,DRF,MOUVIEWSetPermission,JWTAuthentication,,StandardResultsSetPagination,"DjangoFilterBackend,SearchFilter,OrderingFilter",,MouContainerSerializer,options,/Users/loki/WorkBuddy/招聘助手/ATS-NEW/apps/django/.venv/lib/python3.14/site-packages/django/views/generic/base.py:55
api/v1/permissions-v2/^containers\.(?P<format>[a-z0-9]+)/?$,apps.mou.views.MouContainerViewSet,DRF,MOUVIEWSetPermission,JWTAuthentication,,StandardResultsSetPagination,"DjangoFilterBackend,SearchFilter,OrderingFilter",,MouContainerSerializer,options,/Users/loki/WorkBuddy/招聘助手/ATS-NEW/apps/django/.venv/lib/python3.14/site-packages/django/views/generic/base.py:55
api/v1/permissions-v2/^containers/(?P<pk>[^/.]+)/$,apps.mou.views.MouContainerViewSet,DRF,MOUVIEWSetPermission,JWTAuthentication,,StandardResultsSetPagination,"DjangoFilterBackend,SearchFilter,OrderingFilter",,MouContainerSerializer,options,/Users/loki/WorkBuddy/招聘助手/ATS-NEW/apps/django/.venv/lib/python3.14/site-packages/django/views/generic/base.py:55
api/v1/permissions-v2/^containers/(?P<pk>[^/.]+)\.(?P<format>[a-z0-9]+)/?$,apps.mou.views.MouContainerViewSet,DRF,MOUVIEWSetPermission,JWTAuthentication,,StandardResultsSetPagination,"DjangoFilterBackend,SearchFilter,OrderingFilter",,MouContainerSerializer,options,/Users/loki/WorkBuddy/招聘助手/ATS-NEW/apps/django/.venv/lib/python3.14/site-packages/django/views/generic/base.py:55
api/v1/permissions-v2/^mutual-exclusion-groups/$,apps.mou.views.MutualExclusionGroupViewSet,DRF,MOUVIEWSetPermission,JWTAuthentication,,StandardResultsSetPagination,"DjangoFilterBackend,SearchFilter,OrderingFilter",,MutualExclusionGroupSerializer,options,/Users/loki/WorkBuddy/招聘助手/ATS-NEW/apps/django/.venv/lib/python3.14/site-packages/django/views/generic/base.py:55
api/v1/permissions-v2/^mutual-exclusion-groups\.(?P<format>[a-z0-9]+)/?$,apps.mou.views.MutualExclusionGroupViewSet,DRF,MOUVIEWSetPermission,JWTAuthentication,,StandardResultsSetPagination,"DjangoFilterBackend,SearchFilter,OrderingFilter",,MutualExclusionGroupSerializer,options,/Users/loki/WorkBuddy/招聘助手/ATS-NEW/apps/django/.venv/lib/python3.14/site-packages/django/views/generic/base.py:55
api/v1/permissions-v2/^mutual-exclusion-groups/(?P<pk>[^/.]+)/$,apps.mou.views.MutualExclusionGroupViewSet,DRF,MOUVIEWSetPermission,JWTAuthentication,,StandardResultsSetPagination,"DjangoFilterBackend,SearchFilter,OrderingFilter",,MutualExclusionGroupSerializer,options,/Users/loki/WorkBuddy/招聘助手/ATS-NEW/apps/django/.venv/lib/python3.14/site-packages/django/views/generic/base.py:55
api/v1/permissions-v2/^mutual-exclusion-groups/(?P<pk>[^/.]+)\.(?P<format>[a-z0-9]+)/?$,apps.mou.views.MutualExclusionGroupViewSet,DRF,MOUVIEWSetPermission,JWTAuthentication,,StandardResultsSetPagination,"DjangoFilterBackend,SearchFilter,OrderingFilter",,MutualExclusionGroupSerializer,options,/Users/loki/WorkBuddy/招聘助手/ATS-NEW/apps/django/.venv/lib/python3.14/site-packages/django/views/generic/base.py:55
api/v1/permissions-v2/^automation-rules/$,apps.mou.views.AutomationRuleViewSet,DRF,MOUVIEWSetPermission,JWTAuthentication,,StandardResultsSetPagination,"DjangoFilterBackend,SearchFilter,OrderingFilter",,AutomationRuleSerializer,options,/Users/loki/WorkBuddy/招聘助手/ATS-NEW/apps/django/.venv/lib/python3.14/site-packages/django/views/generic/base.py:55
api/v1/permissions-v2/^automation-rules\.(?P<format>[a-z0-9]+)/?$,apps.mou.views.AutomationRuleViewSet,DRF,MOUVIEWSetPermission,JWTAuthentication,,StandardResultsSetPagination,"DjangoFilterBackend,SearchFilter,OrderingFilter",,AutomationRuleSerializer,options,/Users/loki/WorkBuddy/招聘助手/ATS-NEW/apps/django/.venv/lib/python3.14/site-packages/django/views/generic/base.py:55
api/v1/permissions-v2/^automation-rules/(?P<pk>[^/.]+)/$,apps.mou.views.AutomationRuleViewSet,DRF,MOUVIEWSetPermission,JWTAuthentication,,StandardResultsSetPagination,"DjangoFilterBackend,SearchFilter,OrderingFilter",,AutomationRuleSerializer,options,/Users/loki/WorkBuddy/招聘助手/ATS-NEW/apps/django/.venv/lib/python3.14/site-packages/django/views/generic/base.py:55
api/v1/permissions-v2/^automation-rules/(?P<pk>[^/.]+)\.(?P<format>[a-z0-9]+)/?$,apps.mou.views.AutomationRuleViewSet,DRF,MOUVIEWSetPermission,JWTAuthentication,,StandardResultsSetPagination,"DjangoFilterBackend,SearchFilter,OrderingFilter",,AutomationRuleSerializer,options,/Users/loki/WorkBuddy/招聘助手/ATS-NEW/apps/django/.venv/lib/python3.14/site-packages/django/views/generic/base.py:55
api/v1/permissions-v2/,rest_framework.routers.APIRootView,DRF,AllowAny,JWTAuthentication,,,,,,"get,options",/Users/loki/WorkBuddy/招聘助手/ATS-NEW/apps/django/.venv/lib/python3.14/site-packages/django/views/generic/base.py:55
api/v1/permissions-v2/<drf_format_suffix:format>,rest_framework.routers.APIRootView,DRF,AllowAny,JWTAuthentication,,,,,,"get,options",/Users/loki/WorkBuddy/招聘助手/ATS-NEW/apps/django/.venv/lib/python3.14/site-packages/django/views/generic/base.py:55
api/v1/permissions-v2/audit-logs,apps.mou.urls.audit_logs_stub,DRF,IsAuthenticated,JWTAuthentication,,,,,,"get,options",/Users/loki/WorkBuddy/招聘助手/ATS-NEW/apps/django/.venv/lib/python3.14/site-packages/django/views/generic/base.py:55
api/v1/permissions-v2/audit-logs/,apps.mou.urls.audit_logs_stub,DRF,IsAuthenticated,JWTAuthentication,,,,,,"get,options",/Users/loki/WorkBuddy/招聘助手/ATS-NEW/apps/django/.venv/lib/python3.14/site-packages/django/views/generic/base.py:55
api/v1/analytics/^exports/$,apps.analytics.views.ExportTaskViewSet,DRF,IsHROrAbove,JWTAuthentication,,StandardResultsSetPagination,DjangoFilterBackend,,,options,/Users/loki/WorkBuddy/招聘助手/ATS-NEW/apps/django/.venv/lib/python3.14/site-packages/django/views/generic/base.py:55
api/v1/analytics/^exports\.(?P<format>[a-z0-9]+)/?$,apps.analytics.views.ExportTaskViewSet,DRF,IsHROrAbove,JWTAuthentication,,StandardResultsSetPagination,DjangoFilterBackend,,,options,/Users/loki/WorkBuddy/招聘助手/ATS-NEW/apps/django/.venv/lib/python3.14/site-packages/django/views/generic/base.py:55
api/v1/analytics/^exports/dashboard-summary/$,apps.analytics.views.ExportTaskViewSet,DRF,IsHROrAbove,JWTAuthentication,,StandardResultsSetPagination,DjangoFilterBackend,,,options,/Users/loki/WorkBuddy/招聘助手/ATS-NEW/apps/django/.venv/lib/python3.14/site-packages/django/views/generic/base.py:55
api/v1/analytics/^exports/dashboard-summary\.(?P<format>[a-z0-9]+)/?$,apps.analytics.views.ExportTaskViewSet,DRF,IsHROrAbove,JWTAuthentication,,StandardResultsSetPagination,DjangoFilterBackend,,,options,/Users/loki/WorkBuddy/招聘助手/ATS-NEW/apps/django/.venv/lib/python3.14/site-packages/django/views/generic/base.py:55
api/v1/analytics/^exports/(?P<pk>[^/.]+)/$,apps.analytics.views.ExportTaskViewSet,DRF,IsHROrAbove,JWTAuthentication,,StandardResultsSetPagination,DjangoFilterBackend,,,options,/Users/loki/WorkBuddy/招聘助手/ATS-NEW/apps/django/.venv/lib/python3.14/site-packages/django/views/generic/base.py:55
api/v1/analytics/^exports/(?P<pk>[^/.]+)\.(?P<format>[a-z0-9]+)/?$,apps.analytics.views.ExportTaskViewSet,DRF,IsHROrAbove,JWTAuthentication,,StandardResultsSetPagination,DjangoFilterBackend,,,options,/Users/loki/WorkBuddy/招聘助手/ATS-NEW/apps/django/.venv/lib/python3.14/site-packages/django/views/generic/base.py:55
api/v1/analytics/^exports/(?P<pk>[^/.]+)/run/$,apps.analytics.views.ExportTaskViewSet,DRF,IsHROrAbove,JWTAuthentication,,StandardResultsSetPagination,DjangoFilterBackend,,,options,/Users/loki/WorkBuddy/招聘助手/ATS-NEW/apps/django/.venv/lib/python3.14/site-packages/django/views/generic/base.py:55
api/v1/analytics/^exports/(?P<pk>[^/.]+)/run\.(?P<format>[a-z0-9]+)/?$,apps.analytics.views.ExportTaskViewSet,DRF,IsHROrAbove,JWTAuthentication,,StandardResultsSetPagination,DjangoFilterBackend,,,options,/Users/loki/WorkBuddy/招聘助手/ATS-NEW/apps/django/.venv/lib/python3.14/site-packages/django/views/generic/base.py:55
api/v1/analytics/^$,apps.analytics.views.ReportSnapshotViewSet,DRF,IsHROrAbove,JWTAuthentication,,StandardResultsSetPagination,DjangoFilterBackend,,ReportSnapshotSerializer,options,/Users/loki/WorkBuddy/招聘助手/ATS-NEW/apps/django/.venv/lib/python3.14/site-packages/django/views/generic/base.py:55
api/v1/analytics/^\.(?P<format>[a-z0-9]+)/?$,apps.analytics.views.ReportSnapshotViewSet,DRF,IsHROrAbove,JWTAuthentication,,StandardResultsSetPagination,DjangoFilterBackend,,ReportSnapshotSerializer,options,/Users/loki/WorkBuddy/招聘助手/ATS-NEW/apps/django/.venv/lib/python3.14/site-packages/django/views/generic/base.py:55
api/v1/analytics/^(?P<pk>[^/.]+)/$,apps.analytics.views.ReportSnapshotViewSet,DRF,IsHROrAbove,JWTAuthentication,,StandardResultsSetPagination,DjangoFilterBackend,,ReportSnapshotSerializer,options,/Users/loki/WorkBuddy/招聘助手/ATS-NEW/apps/django/.venv/lib/python3.14/site-packages/django/views/generic/base.py:55
api/v1/analytics/^(?P<pk>[^/.]+)\.(?P<format>[a-z0-9]+)/?$,apps.analytics.views.ReportSnapshotViewSet,DRF,IsHROrAbove,JWTAuthentication,,StandardResultsSetPagination,DjangoFilterBackend,,ReportSnapshotSerializer,options,/Users/loki/WorkBuddy/招聘助手/ATS-NEW/apps/django/.venv/lib/python3.14/site-packages/django/views/generic/base.py:55
api/v1/analytics/,rest_framework.routers.APIRootView,DRF,AllowAny,JWTAuthentication,,,,,,"get,options",/Users/loki/WorkBuddy/招聘助手/ATS-NEW/apps/django/.venv/lib/python3.14/site-packages/django/views/generic/base.py:55
api/v1/analytics/<drf_format_suffix:format>,rest_framework.routers.APIRootView,DRF,AllowAny,JWTAuthentication,,,,,,"get,options",/Users/loki/WorkBuddy/招聘助手/ATS-NEW/apps/django/.venv/lib/python3.14/site-packages/django/views/generic/base.py:55
api/v1/data/^kpi/$,apps.analytics.views.KpiViewSet,DRF,V2Permission,JWTAuthentication,,,,,,options,/Users/loki/WorkBuddy/招聘助手/ATS-NEW/apps/django/.venv/lib/python3.14/site-packages/django/views/generic/base.py:55
api/v1/data/^kpi\.(?P<format>[a-z0-9]+)/?$,apps.analytics.views.KpiViewSet,DRF,V2Permission,JWTAuthentication,,,,,,options,/Users/loki/WorkBuddy/招聘助手/ATS-NEW/apps/django/.venv/lib/python3.14/site-packages/django/views/generic/base.py:55
api/v1/data/^subscriptions/$,apps.analytics.views.DataSubscriptionViewSet,DRF,V2Permission,JWTAuthentication,,StandardResultsSetPagination,"DjangoFilterBackend,SearchFilter,OrderingFilter",,DataSubscriptionSerializer,options,/Users/loki/WorkBuddy/招聘助手/ATS-NEW/apps/django/.venv/lib/python3.14/site-packages/django/views/generic/base.py:55
api/v1/data/^subscriptions\.(?P<format>[a-z0-9]+)/?$,apps.analytics.views.DataSubscriptionViewSet,DRF,V2Permission,JWTAuthentication,,StandardResultsSetPagination,"DjangoFilterBackend,SearchFilter,OrderingFilter",,DataSubscriptionSerializer,options,/Users/loki/WorkBuddy/招聘助手/ATS-NEW/apps/django/.venv/lib/python3.14/site-packages/django/views/generic/base.py:55
api/v1/data/^subscriptions/(?P<pk>[^/.]+)/$,apps.analytics.views.DataSubscriptionViewSet,DRF,V2Permission,JWTAuthentication,,StandardResultsSetPagination,"DjangoFilterBackend,SearchFilter,OrderingFilter",,DataSubscriptionSerializer,options,/Users/loki/WorkBuddy/招聘助手/ATS-NEW/apps/django/.venv/lib/python3.14/site-packages/django/views/generic/base.py:55
api/v1/data/^subscriptions/(?P<pk>[^/.]+)\.(?P<format>[a-z0-9]+)/?$,apps.analytics.views.DataSubscriptionViewSet,DRF,V2Permission,JWTAuthentication,,StandardResultsSetPagination,"DjangoFilterBackend,SearchFilter,OrderingFilter",,DataSubscriptionSerializer,options,/Users/loki/WorkBuddy/招聘助手/ATS-NEW/apps/django/.venv/lib/python3.14/site-packages/django/views/generic/base.py:55
api/v1/data/,rest_framework.routers.APIRootView,DRF,AllowAny,JWTAuthentication,,,,,,"get,options",/Users/loki/WorkBuddy/招聘助手/ATS-NEW/apps/django/.venv/lib/python3.14/site-packages/django/views/generic/base.py:55
api/v1/data/<drf_format_suffix:format>,rest_framework.routers.APIRootView,DRF,AllowAny,JWTAuthentication,,,,,,"get,options",/Users/loki/WorkBuddy/招聘助手/ATS-NEW/apps/django/.venv/lib/python3.14/site-packages/django/views/generic/base.py:55
api/v1/notifications/^logs/$,apps.notification.views.NotificationLogViewSet,DRF,V2Permission,JWTAuthentication,,StandardResultsSetPagination,DjangoFilterBackend,,,options,/Users/loki/WorkBuddy/招聘助手/ATS-NEW/apps/django/.venv/lib/python3.14/site-packages/django/views/generic/base.py:55
api/v1/notifications/^logs\.(?P<format>[a-z0-9]+)/?$,apps.notification.views.NotificationLogViewSet,DRF,V2Permission,JWTAuthentication,,StandardResultsSetPagination,DjangoFilterBackend,,,options,/Users/loki/WorkBuddy/招聘助手/ATS-NEW/apps/django/.venv/lib/python3.14/site-packages/django/views/generic/base.py:55
api/v1/notifications/^logs/mark-read/$,apps.notification.views.NotificationLogViewSet,DRF,V2Permission,JWTAuthentication,,StandardResultsSetPagination,DjangoFilterBackend,,,options,/Users/loki/WorkBuddy/招聘助手/ATS-NEW/apps/django/.venv/lib/python3.14/site-packages/django/views/generic/base.py:55
api/v1/notifications/^logs/mark-read\.(?P<format>[a-z0-9]+)/?$,apps.notification.views.NotificationLogViewSet,DRF,V2Permission,JWTAuthentication,,StandardResultsSetPagination,DjangoFilterBackend,,,options,/Users/loki/WorkBuddy/招聘助手/ATS-NEW/apps/django/.venv/lib/python3.14/site-packages/django/views/generic/base.py:55
api/v1/notifications/^logs/unread/$,apps.notification.views.NotificationLogViewSet,DRF,V2Permission,JWTAuthentication,,StandardResultsSetPagination,DjangoFilterBackend,,,options,/Users/loki/WorkBuddy/招聘助手/ATS-NEW/apps/django/.venv/lib/python3.14/site-packages/django/views/generic/base.py:55
api/v1/notifications/^logs/unread\.(?P<format>[a-z0-9]+)/?$,apps.notification.views.NotificationLogViewSet,DRF,V2Permission,JWTAuthentication,,StandardResultsSetPagination,DjangoFilterBackend,,,options,/Users/loki/WorkBuddy/招聘助手/ATS-NEW/apps/django/.venv/lib/python3.14/site-packages/django/views/generic/base.py:55
api/v1/notifications/^logs/unread-count/$,apps.notification.views.NotificationLogViewSet,DRF,V2Permission,JWTAuthentication,,StandardResultsSetPagination,DjangoFilterBackend,,,options,/Users/loki/WorkBuddy/招聘助手/ATS-NEW/apps/django/.venv/lib/python3.14/site-packages/django/views/generic/base.py:55
api/v1/notifications/^logs/unread-count\.(?P<format>[a-z0-9]+)/?$,apps.notification.views.NotificationLogViewSet,DRF,V2Permission,JWTAuthentication,,StandardResultsSetPagination,DjangoFilterBackend,,,options,/Users/loki/WorkBuddy/招聘助手/ATS-NEW/apps/django/.venv/lib/python3.14/site-packages/django/views/generic/base.py:55
api/v1/notifications/^logs/(?P<pk>[^/.]+)/$,apps.notification.views.NotificationLogViewSet,DRF,V2Permission,JWTAuthentication,,StandardResultsSetPagination,DjangoFilterBackend,,,options,/Users/loki/WorkBuddy/招聘助手/ATS-NEW/apps/django/.venv/lib/python3.14/site-packages/django/views/generic/base.py:55
api/v1/notifications/^logs/(?P<pk>[^/.]+)\.(?P<format>[a-z0-9]+)/?$,apps.notification.views.NotificationLogViewSet,DRF,V2Permission,JWTAuthentication,,StandardResultsSetPagination,DjangoFilterBackend,,,options,/Users/loki/WorkBuddy/招聘助手/ATS-NEW/apps/django/.venv/lib/python3.14/site-packages/django/views/generic/base.py:55
api/v1/notifications/^$,apps.notification.views.NotificationTemplateViewSet,DRF,IsHROrAbove,JWTAuthentication,,StandardResultsSetPagination,DjangoFilterBackend,,NotificationTemplateSerializer,options,/Users/loki/WorkBuddy/招聘助手/ATS-NEW/apps/django/.venv/lib/python3.14/site-packages/django/views/generic/base.py:55
api/v1/notifications/^\.(?P<format>[a-z0-9]+)/?$,apps.notification.views.NotificationTemplateViewSet,DRF,IsHROrAbove,JWTAuthentication,,StandardResultsSetPagination,DjangoFilterBackend,,NotificationTemplateSerializer,options,/Users/loki/WorkBuddy/招聘助手/ATS-NEW/apps/django/.venv/lib/python3.14/site-packages/django/views/generic/base.py:55
api/v1/notifications/^(?P<pk>[^/.]+)/$,apps.notification.views.NotificationTemplateViewSet,DRF,IsHROrAbove,JWTAuthentication,,StandardResultsSetPagination,DjangoFilterBackend,,NotificationTemplateSerializer,options,/Users/loki/WorkBuddy/招聘助手/ATS-NEW/apps/django/.venv/lib/python3.14/site-packages/django/views/generic/base.py:55
api/v1/notifications/^(?P<pk>[^/.]+)\.(?P<format>[a-z0-9]+)/?$,apps.notification.views.NotificationTemplateViewSet,DRF,IsHROrAbove,JWTAuthentication,,StandardResultsSetPagination,DjangoFilterBackend,,NotificationTemplateSerializer,options,/Users/loki/WorkBuddy/招聘助手/ATS-NEW/apps/django/.venv/lib/python3.14/site-packages/django/views/generic/base.py:55
api/v1/notifications/,rest_framework.routers.APIRootView,DRF,AllowAny,JWTAuthentication,,,,,,"get,options",/Users/loki/WorkBuddy/招聘助手/ATS-NEW/apps/django/.venv/lib/python3.14/site-packages/django/views/generic/base.py:55
api/v1/notifications/<drf_format_suffix:format>,rest_framework.routers.APIRootView,DRF,AllowAny,JWTAuthentication,,,,,,"get,options",/Users/loki/WorkBuddy/招聘助手/ATS-NEW/apps/django/.venv/lib/python3.14/site-packages/django/views/generic/base.py:55
api/v1/audit-logs/^$,apps.audit.views.AuditLogViewSet,DRF,IsSuperAdmin,JWTAuthentication,,StandardResultsSetPagination,DjangoFilterBackend,,AuditLogSerializer,options,/Users/loki/WorkBuddy/招聘助手/ATS-NEW/apps/django/.venv/lib/python3.14/site-packages/django/views/generic/base.py:55
api/v1/audit-logs/^\.(?P<format>[a-z0-9]+)/?$,apps.audit.views.AuditLogViewSet,DRF,IsSuperAdmin,JWTAuthentication,,StandardResultsSetPagination,DjangoFilterBackend,,AuditLogSerializer,options,/Users/loki/WorkBuddy/招聘助手/ATS-NEW/apps/django/.venv/lib/python3.14/site-packages/django/views/generic/base.py:55
api/v1/audit-logs/^(?P<pk>[^/.]+)/$,apps.audit.views.AuditLogViewSet,DRF,IsSuperAdmin,JWTAuthentication,,StandardResultsSetPagination,DjangoFilterBackend,,AuditLogSerializer,options,/Users/loki/WorkBuddy/招聘助手/ATS-NEW/apps/django/.venv/lib/python3.14/site-packages/django/views/generic/base.py:55
api/v1/audit-logs/^(?P<pk>[^/.]+)\.(?P<format>[a-z0-9]+)/?$,apps.audit.views.AuditLogViewSet,DRF,IsSuperAdmin,JWTAuthentication,,StandardResultsSetPagination,DjangoFilterBackend,,AuditLogSerializer,options,/Users/loki/WorkBuddy/招聘助手/ATS-NEW/apps/django/.venv/lib/python3.14/site-packages/django/views/generic/base.py:55
api/v1/audit-logs/,rest_framework.routers.APIRootView,DRF,AllowAny,JWTAuthentication,,,,,,"get,options",/Users/loki/WorkBuddy/招聘助手/ATS-NEW/apps/django/.venv/lib/python3.14/site-packages/django/views/generic/base.py:55
api/v1/audit-logs/<drf_format_suffix:format>,rest_framework.routers.APIRootView,DRF,AllowAny,JWTAuthentication,,,,,,"get,options",/Users/loki/WorkBuddy/招聘助手/ATS-NEW/apps/django/.venv/lib/python3.14/site-packages/django/views/generic/base.py:55
api/v1/gdpr/^$,apps.gdpr.views.GDPRRequestViewSet,DRF,IsSuperAdmin,JWTAuthentication,,StandardResultsSetPagination,DjangoFilterBackend,,,options,/Users/loki/WorkBuddy/招聘助手/ATS-NEW/apps/django/.venv/lib/python3.14/site-packages/django/views/generic/base.py:55
api/v1/gdpr/^\.(?P<format>[a-z0-9]+)/?$,apps.gdpr.views.GDPRRequestViewSet,DRF,IsSuperAdmin,JWTAuthentication,,StandardResultsSetPagination,DjangoFilterBackend,,,options,/Users/loki/WorkBuddy/招聘助手/ATS-NEW/apps/django/.venv/lib/python3.14/site-packages/django/views/generic/base.py:55
api/v1/gdpr/^(?P<pk>[^/.]+)/$,apps.gdpr.views.GDPRRequestViewSet,DRF,IsSuperAdmin,JWTAuthentication,,StandardResultsSetPagination,DjangoFilterBackend,,,options,/Users/loki/WorkBuddy/招聘助手/ATS-NEW/apps/django/.venv/lib/python3.14/site-packages/django/views/generic/base.py:55
api/v1/gdpr/^(?P<pk>[^/.]+)\.(?P<format>[a-z0-9]+)/?$,apps.gdpr.views.GDPRRequestViewSet,DRF,IsSuperAdmin,JWTAuthentication,,StandardResultsSetPagination,DjangoFilterBackend,,,options,/Users/loki/WorkBuddy/招聘助手/ATS-NEW/apps/django/.venv/lib/python3.14/site-packages/django/views/generic/base.py:55
api/v1/gdpr/^(?P<pk>[^/.]+)/process/$,apps.gdpr.views.GDPRRequestViewSet,DRF,IsSuperAdmin,JWTAuthentication,,StandardResultsSetPagination,DjangoFilterBackend,,,options,/Users/loki/WorkBuddy/招聘助手/ATS-NEW/apps/django/.venv/lib/python3.14/site-packages/django/views/generic/base.py:55
api/v1/gdpr/^(?P<pk>[^/.]+)/process\.(?P<format>[a-z0-9]+)/?$,apps.gdpr.views.GDPRRequestViewSet,DRF,IsSuperAdmin,JWTAuthentication,,StandardResultsSetPagination,DjangoFilterBackend,,,options,/Users/loki/WorkBuddy/招聘助手/ATS-NEW/apps/django/.venv/lib/python3.14/site-packages/django/views/generic/base.py:55
api/v1/gdpr/^(?P<pk>[^/.]+)/verify/$,apps.gdpr.views.GDPRRequestViewSet,DRF,IsSuperAdmin,JWTAuthentication,,StandardResultsSetPagination,DjangoFilterBackend,,,options,/Users/loki/WorkBuddy/招聘助手/ATS-NEW/apps/django/.venv/lib/python3.14/site-packages/django/views/generic/base.py:55
api/v1/gdpr/^(?P<pk>[^/.]+)/verify\.(?P<format>[a-z0-9]+)/?$,apps.gdpr.views.GDPRRequestViewSet,DRF,IsSuperAdmin,JWTAuthentication,,StandardResultsSetPagination,DjangoFilterBackend,,,options,/Users/loki/WorkBuddy/招聘助手/ATS-NEW/apps/django/.venv/lib/python3.14/site-packages/django/views/generic/base.py:55
api/v1/gdpr/,rest_framework.routers.APIRootView,DRF,AllowAny,JWTAuthentication,,,,,,"get,options",/Users/loki/WorkBuddy/招聘助手/ATS-NEW/apps/django/.venv/lib/python3.14/site-packages/django/views/generic/base.py:55
api/v1/gdpr/<drf_format_suffix:format>,rest_framework.routers.APIRootView,DRF,AllowAny,JWTAuthentication,,,,,,"get,options",/Users/loki/WorkBuddy/招聘助手/ATS-NEW/apps/django/.venv/lib/python3.14/site-packages/django/views/generic/base.py:55
api/v1/integrations/^sync-logs/$,apps.integration.views.IntegrationSyncLogViewSet,DRF,IsSuperAdmin,JWTAuthentication,,StandardResultsSetPagination,DjangoFilterBackend,,IntegrationSyncLogSerializer,options,/Users/loki/WorkBuddy/招聘助手/ATS-NEW/apps/django/.venv/lib/python3.14/site-packages/django/views/generic/base.py:55
api/v1/integrations/^sync-logs\.(?P<format>[a-z0-9]+)/?$,apps.integration.views.IntegrationSyncLogViewSet,DRF,IsSuperAdmin,JWTAuthentication,,StandardResultsSetPagination,DjangoFilterBackend,,IntegrationSyncLogSerializer,options,/Users/loki/WorkBuddy/招聘助手/ATS-NEW/apps/django/.venv/lib/python3.14/site-packages/django/views/generic/base.py:55
api/v1/integrations/^sync-logs/(?P<pk>[^/.]+)/$,apps.integration.views.IntegrationSyncLogViewSet,DRF,IsSuperAdmin,JWTAuthentication,,StandardResultsSetPagination,DjangoFilterBackend,,IntegrationSyncLogSerializer,options,/Users/loki/WorkBuddy/招聘助手/ATS-NEW/apps/django/.venv/lib/python3.14/site-packages/django/views/generic/base.py:55
api/v1/integrations/^sync-logs/(?P<pk>[^/.]+)\.(?P<format>[a-z0-9]+)/?$,apps.integration.views.IntegrationSyncLogViewSet,DRF,IsSuperAdmin,JWTAuthentication,,StandardResultsSetPagination,DjangoFilterBackend,,IntegrationSyncLogSerializer,options,/Users/loki/WorkBuddy/招聘助手/ATS-NEW/apps/django/.venv/lib/python3.14/site-packages/django/views/generic/base.py:55
api/v1/integrations/^$,apps.integration.views.IntegrationConfigViewSet,DRF,IsSuperAdmin,JWTAuthentication,,StandardResultsSetPagination,DjangoFilterBackend,,IntegrationConfigSerializer,options,/Users/loki/WorkBuddy/招聘助手/ATS-NEW/apps/django/.venv/lib/python3.14/site-packages/django/views/generic/base.py:55
api/v1/integrations/^\.(?P<format>[a-z0-9]+)/?$,apps.integration.views.IntegrationConfigViewSet,DRF,IsSuperAdmin,JWTAuthentication,,StandardResultsSetPagination,DjangoFilterBackend,,IntegrationConfigSerializer,options,/Users/loki/WorkBuddy/招聘助手/ATS-NEW/apps/django/.venv/lib/python3.14/site-packages/django/views/generic/base.py:55
api/v1/integrations/^(?P<pk>[^/.]+)/$,apps.integration.views.IntegrationConfigViewSet,DRF,IsSuperAdmin,JWTAuthentication,,StandardResultsSetPagination,DjangoFilterBackend,,IntegrationConfigSerializer,options,/Users/loki/WorkBuddy/招聘助手/ATS-NEW/apps/django/.venv/lib/python3.14/site-packages/django/views/generic/base.py:55
api/v1/integrations/^(?P<pk>[^/.]+)\.(?P<format>[a-z0-9]+)/?$,apps.integration.views.IntegrationConfigViewSet,DRF,IsSuperAdmin,JWTAuthentication,,StandardResultsSetPagination,DjangoFilterBackend,,IntegrationConfigSerializer,options,/Users/loki/WorkBuddy/招聘助手/ATS-NEW/apps/django/.venv/lib/python3.14/site-packages/django/views/generic/base.py:55
api/v1/integrations/^(?P<pk>[^/.]+)/test/$,apps.integration.views.IntegrationConfigViewSet,DRF,IsSuperAdmin,JWTAuthentication,,StandardResultsSetPagination,DjangoFilterBackend,,IntegrationConfigSerializer,options,/Users/loki/WorkBuddy/招聘助手/ATS-NEW/apps/django/.venv/lib/python3.14/site-packages/django/views/generic/base.py:55
api/v1/integrations/^(?P<pk>[^/.]+)/test\.(?P<format>[a-z0-9]+)/?$,apps.integration.views.IntegrationConfigViewSet,DRF,IsSuperAdmin,JWTAuthentication,,StandardResultsSetPagination,DjangoFilterBackend,,IntegrationConfigSerializer,options,/Users/loki/WorkBuddy/招聘助手/ATS-NEW/apps/django/.venv/lib/python3.14/site-packages/django/views/generic/base.py:55
api/v1/integrations/,rest_framework.routers.APIRootView,DRF,AllowAny,JWTAuthentication,,,,,,"get,options",/Users/loki/WorkBuddy/招聘助手/ATS-NEW/apps/django/.venv/lib/python3.14/site-packages/django/views/generic/base.py:55
api/v1/integrations/<drf_format_suffix:format>,rest_framework.routers.APIRootView,DRF,AllowAny,JWTAuthentication,,,,,,"get,options",/Users/loki/WorkBuddy/招聘助手/ATS-NEW/apps/django/.venv/lib/python3.14/site-packages/django/views/generic/base.py:55
api/v1/background-check/callback,apps.integration.views.BackgroundCheckCallbackView,DRF,AllowAny,JWTAuthentication,,,,,,"options,post",/Users/loki/WorkBuddy/招聘助手/ATS-NEW/apps/django/.venv/lib/python3.14/site-packages/django/views/generic/base.py:55
api/v1/background-check/callback/,apps.integration.views.BackgroundCheckCallbackView,DRF,AllowAny,JWTAuthentication,,,,,,"options,post",/Users/loki/WorkBuddy/招聘助手/ATS-NEW/apps/django/.venv/lib/python3.14/site-packages/django/views/generic/base.py:55
api/v1/background-check/orders/,apps.integration.views.BackgroundCheckOrderViewSet,DRF,IsSuperAdmin,JWTAuthentication,,StandardResultsSetPagination,DjangoFilterBackend,,,options,/Users/loki/WorkBuddy/招聘助手/ATS-NEW/apps/django/.venv/lib/python3.14/site-packages/django/views/generic/base.py:55
api/v1/background-check/orders/<str:pk>/,apps.integration.views.BackgroundCheckOrderViewSet,DRF,IsSuperAdmin,JWTAuthentication,,StandardResultsSetPagination,DjangoFilterBackend,,,options,/Users/loki/WorkBuddy/招聘助手/ATS-NEW/apps/django/.venv/lib/python3.14/site-packages/django/views/generic/base.py:55
api/v1/^dictionary-types/$,apps.dictionary.views.DictionaryTypeViewSet,DRF,IsAuthenticated,JWTAuthentication,,StandardResultsSetPagination,"DjangoFilterBackend,SearchFilter,OrderingFilter",,DictionaryTypeSerializer,options,/Users/loki/WorkBuddy/招聘助手/ATS-NEW/apps/django/.venv/lib/python3.14/site-packages/django/views/generic/base.py:55
api/v1/^dictionary-types\.(?P<format>[a-z0-9]+)/?$,apps.dictionary.views.DictionaryTypeViewSet,DRF,IsAuthenticated,JWTAuthentication,,StandardResultsSetPagination,"DjangoFilterBackend,SearchFilter,OrderingFilter",,DictionaryTypeSerializer,options,/Users/loki/WorkBuddy/招聘助手/ATS-NEW/apps/django/.venv/lib/python3.14/site-packages/django/views/generic/base.py:55
api/v1/^dictionary-types/(?P<code>[^/.]+)/$,apps.dictionary.views.DictionaryTypeViewSet,DRF,IsAuthenticated,JWTAuthentication,,StandardResultsSetPagination,"DjangoFilterBackend,SearchFilter,OrderingFilter",,DictionaryTypeSerializer,options,/Users/loki/WorkBuddy/招聘助手/ATS-NEW/apps/django/.venv/lib/python3.14/site-packages/django/views/generic/base.py:55
api/v1/^dictionary-types/(?P<code>[^/.]+)\.(?P<format>[a-z0-9]+)/?$,apps.dictionary.views.DictionaryTypeViewSet,DRF,IsAuthenticated,JWTAuthentication,,StandardResultsSetPagination,"DjangoFilterBackend,SearchFilter,OrderingFilter",,DictionaryTypeSerializer,options,/Users/loki/WorkBuddy/招聘助手/ATS-NEW/apps/django/.venv/lib/python3.14/site-packages/django/views/generic/base.py:55
api/v1/^dictionary-types/(?P<code>[^/.]+)/submit/$,apps.dictionary.views.DictionaryTypeViewSet,DRF,IsAuthenticated,JWTAuthentication,,StandardResultsSetPagination,"DjangoFilterBackend,SearchFilter,OrderingFilter",,DictionaryTypeSerializer,options,/Users/loki/WorkBuddy/招聘助手/ATS-NEW/apps/django/.venv/lib/python3.14/site-packages/django/views/generic/base.py:55
api/v1/^dictionary-types/(?P<code>[^/.]+)/submit\.(?P<format>[a-z0-9]+)/?$,apps.dictionary.views.DictionaryTypeViewSet,DRF,IsAuthenticated,JWTAuthentication,,StandardResultsSetPagination,"DjangoFilterBackend,SearchFilter,OrderingFilter",,DictionaryTypeSerializer,options,/Users/loki/WorkBuddy/招聘助手/ATS-NEW/apps/django/.venv/lib/python3.14/site-packages/django/views/generic/base.py:55
api/v1/^dictionary-items/$,apps.dictionary.views.DictionaryItemViewSet,DRF,IsAuthenticated,JWTAuthentication,,StandardResultsSetPagination,"DjangoFilterBackend,SearchFilter,OrderingFilter",,DictionaryItemSerializer,options,/Users/loki/WorkBuddy/招聘助手/ATS-NEW/apps/django/.venv/lib/python3.14/site-packages/django/views/generic/base.py:55
api/v1/^dictionary-items\.(?P<format>[a-z0-9]+)/?$,apps.dictionary.views.DictionaryItemViewSet,DRF,IsAuthenticated,JWTAuthentication,,StandardResultsSetPagination,"DjangoFilterBackend,SearchFilter,OrderingFilter",,DictionaryItemSerializer,options,/Users/loki/WorkBuddy/招聘助手/ATS-NEW/apps/django/.venv/lib/python3.14/site-packages/django/views/generic/base.py:55
api/v1/^dictionary-items/(?P<pk>[^/.]+)/$,apps.dictionary.views.DictionaryItemViewSet,DRF,IsAuthenticated,JWTAuthentication,,StandardResultsSetPagination,"DjangoFilterBackend,SearchFilter,OrderingFilter",,DictionaryItemSerializer,options,/Users/loki/WorkBuddy/招聘助手/ATS-NEW/apps/django/.venv/lib/python3.14/site-packages/django/views/generic/base.py:55
api/v1/^dictionary-items/(?P<pk>[^/.]+)\.(?P<format>[a-z0-9]+)/?$,apps.dictionary.views.DictionaryItemViewSet,DRF,IsAuthenticated,JWTAuthentication,,StandardResultsSetPagination,"DjangoFilterBackend,SearchFilter,OrderingFilter",,DictionaryItemSerializer,options,/Users/loki/WorkBuddy/招聘助手/ATS-NEW/apps/django/.venv/lib/python3.14/site-packages/django/views/generic/base.py:55
api/v1/,rest_framework.routers.APIRootView,DRF,AllowAny,JWTAuthentication,,,,,,"get,options",/Users/loki/WorkBuddy/招聘助手/ATS-NEW/apps/django/.venv/lib/python3.14/site-packages/django/views/generic/base.py:55
api/v1/<drf_format_suffix:format>,rest_framework.routers.APIRootView,DRF,AllowAny,JWTAuthentication,,,,,,"get,options",/Users/loki/WorkBuddy/招聘助手/ATS-NEW/apps/django/.venv/lib/python3.14/site-packages/django/views/generic/base.py:55
api/v1/campus/^dimensions/$,apps.campus_control.views.ControlDimensionViewSet,DRF,IsAuthenticated,JWTAuthentication,,StandardResultsSetPagination,"DjangoFilterBackend,SearchFilter,OrderingFilter",,ControlDimensionSerializer,options,/Users/loki/WorkBuddy/招聘助手/ATS-NEW/apps/django/.venv/lib/python3.14/site-packages/django/views/generic/base.py:55
api/v1/campus/^dimensions\.(?P<format>[a-z0-9]+)/?$,apps.campus_control.views.ControlDimensionViewSet,DRF,IsAuthenticated,JWTAuthentication,,StandardResultsSetPagination,"DjangoFilterBackend,SearchFilter,OrderingFilter",,ControlDimensionSerializer,options,/Users/loki/WorkBuddy/招聘助手/ATS-NEW/apps/django/.venv/lib/python3.14/site-packages/django/views/generic/base.py:55
api/v1/campus/^dimensions/(?P<pk>[^/.]+)/$,apps.campus_control.views.ControlDimensionViewSet,DRF,IsAuthenticated,JWTAuthentication,,StandardResultsSetPagination,"DjangoFilterBackend,SearchFilter,OrderingFilter",,ControlDimensionSerializer,options,/Users/loki/WorkBuddy/招聘助手/ATS-NEW/apps/django/.venv/lib/python3.14/site-packages/django/views/generic/base.py:55
api/v1/campus/^dimensions/(?P<pk>[^/.]+)\.(?P<format>[a-z0-9]+)/?$,apps.campus_control.views.ControlDimensionViewSet,DRF,IsAuthenticated,JWTAuthentication,,StandardResultsSetPagination,"DjangoFilterBackend,SearchFilter,OrderingFilter",,ControlDimensionSerializer,options,/Users/loki/WorkBuddy/招聘助手/ATS-NEW/apps/django/.venv/lib/python3.14/site-packages/django/views/generic/base.py:55
api/v1/campus/^dimensions/(?P<pk>[^/.]+)/rules/$,apps.campus_control.views.ControlDimensionViewSet,DRF,IsAuthenticated,JWTAuthentication,,StandardResultsSetPagination,"DjangoFilterBackend,SearchFilter,OrderingFilter",,ControlDimensionSerializer,options,/Users/loki/WorkBuddy/招聘助手/ATS-NEW/apps/django/.venv/lib/python3.14/site-packages/django/views/generic/base.py:55
api/v1/campus/^dimensions/(?P<pk>[^/.]+)/rules\.(?P<format>[a-z0-9]+)/?$,apps.campus_control.views.ControlDimensionViewSet,DRF,IsAuthenticated,JWTAuthentication,,StandardResultsSetPagination,"DjangoFilterBackend,SearchFilter,OrderingFilter",,ControlDimensionSerializer,options,/Users/loki/WorkBuddy/招聘助手/ATS-NEW/apps/django/.venv/lib/python3.14/site-packages/django/views/generic/base.py:55
api/v1/campus/^indicators/$,apps.campus_control.views.ControlIndicatorViewSet,DRF,IsAuthenticated,JWTAuthentication,,StandardResultsSetPagination,"DjangoFilterBackend,SearchFilter,OrderingFilter",,ControlIndicatorSerializer,options,/Users/loki/WorkBuddy/招聘助手/ATS-NEW/apps/django/.venv/lib/python3.14/site-packages/django/views/generic/base.py:55
api/v1/campus/^indicators\.(?P<format>[a-z0-9]+)/?$,apps.campus_control.views.ControlIndicatorViewSet,DRF,IsAuthenticated,JWTAuthentication,,StandardResultsSetPagination,"DjangoFilterBackend,SearchFilter,OrderingFilter",,ControlIndicatorSerializer,options,/Users/loki/WorkBuddy/招聘助手/ATS-NEW/apps/django/.venv/lib/python3.14/site-packages/django/views/generic/base.py:55
api/v1/campus/^indicators/export/$,apps.campus_control.views.ControlIndicatorViewSet,DRF,IsAuthenticated,JWTAuthentication,,StandardResultsSetPagination,"DjangoFilterBackend,SearchFilter,OrderingFilter",,ControlIndicatorSerializer,options,/Users/loki/WorkBuddy/招聘助手/ATS-NEW/apps/django/.venv/lib/python3.14/site-packages/django/views/generic/base.py:55
api/v1/campus/^indicators/export\.(?P<format>[a-z0-9]+)/?$,apps.campus_control.views.ControlIndicatorViewSet,DRF,IsAuthenticated,JWTAuthentication,,StandardResultsSetPagination,"DjangoFilterBackend,SearchFilter,OrderingFilter",,ControlIndicatorSerializer,options,/Users/loki/WorkBuddy/招聘助手/ATS-NEW/apps/django/.venv/lib/python3.14/site-packages/django/views/generic/base.py:55
api/v1/campus/^indicators/import/$,apps.campus_control.views.ControlIndicatorViewSet,DRF,IsAuthenticated,JWTAuthentication,,StandardResultsSetPagination,"DjangoFilterBackend,SearchFilter,OrderingFilter",,ControlIndicatorSerializer,options,/Users/loki/WorkBuddy/招聘助手/ATS-NEW/apps/django/.venv/lib/python3.14/site-packages/django/views/generic/base.py:55
api/v1/campus/^indicators/import\.(?P<format>[a-z0-9]+)/?$,apps.campus_control.views.ControlIndicatorViewSet,DRF,IsAuthenticated,JWTAuthentication,,StandardResultsSetPagination,"DjangoFilterBackend,SearchFilter,OrderingFilter",,ControlIndicatorSerializer,options,/Users/loki/WorkBuddy/招聘助手/ATS-NEW/apps/django/.venv/lib/python3.14/site-packages/django/views/generic/base.py:55
api/v1/campus/^indicators/template/$,apps.campus_control.views.ControlIndicatorViewSet,DRF,IsAuthenticated,JWTAuthentication,,StandardResultsSetPagination,"DjangoFilterBackend,SearchFilter,OrderingFilter",,ControlIndicatorSerializer,options,/Users/loki/WorkBuddy/招聘助手/ATS-NEW/apps/django/.venv/lib/python3.14/site-packages/django/views/generic/base.py:55
api/v1/campus/^indicators/template\.(?P<format>[a-z0-9]+)/?$,apps.campus_control.views.ControlIndicatorViewSet,DRF,IsAuthenticated,JWTAuthentication,,StandardResultsSetPagination,"DjangoFilterBackend,SearchFilter,OrderingFilter",,ControlIndicatorSerializer,options,/Users/loki/WorkBuddy/招聘助手/ATS-NEW/apps/django/.venv/lib/python3.14/site-packages/django/views/generic/base.py:55
api/v1/campus/^indicators/(?P<pk>[^/.]+)/$,apps.campus_control.views.ControlIndicatorViewSet,DRF,IsAuthenticated,JWTAuthentication,,StandardResultsSetPagination,"DjangoFilterBackend,SearchFilter,OrderingFilter",,ControlIndicatorSerializer,options,/Users/loki/WorkBuddy/招聘助手/ATS-NEW/apps/django/.venv/lib/python3.14/site-packages/django/views/generic/base.py:55
api/v1/campus/^indicators/(?P<pk>[^/.]+)\.(?P<format>[a-z0-9]+)/?$,apps.campus_control.views.ControlIndicatorViewSet,DRF,IsAuthenticated,JWTAuthentication,,StandardResultsSetPagination,"DjangoFilterBackend,SearchFilter,OrderingFilter",,ControlIndicatorSerializer,options,/Users/loki/WorkBuddy/招聘助手/ATS-NEW/apps/django/.venv/lib/python3.14/site-packages/django/views/generic/base.py:55
api/v1/campus/^rules/$,apps.campus_control.views.ControlRuleViewSet,DRF,IsAuthenticated,JWTAuthentication,,StandardResultsSetPagination,"DjangoFilterBackend,SearchFilter,OrderingFilter",,ControlRuleSerializer,options,/Users/loki/WorkBuddy/招聘助手/ATS-NEW/apps/django/.venv/lib/python3.14/site-packages/django/views/generic/base.py:55
api/v1/campus/^rules\.(?P<format>[a-z0-9]+)/?$,apps.campus_control.views.ControlRuleViewSet,DRF,IsAuthenticated,JWTAuthentication,,StandardResultsSetPagination,"DjangoFilterBackend,SearchFilter,OrderingFilter",,ControlRuleSerializer,options,/Users/loki/WorkBuddy/招聘助手/ATS-NEW/apps/django/.venv/lib/python3.14/site-packages/django/views/generic/base.py:55
api/v1/campus/^rules/batch/$,apps.campus_control.views.ControlRuleViewSet,DRF,IsAuthenticated,JWTAuthentication,,StandardResultsSetPagination,"DjangoFilterBackend,SearchFilter,OrderingFilter",,ControlRuleSerializer,options,/Users/loki/WorkBuddy/招聘助手/ATS-NEW/apps/django/.venv/lib/python3.14/site-packages/django/views/generic/base.py:55
api/v1/campus/^rules/batch\.(?P<format>[a-z0-9]+)/?$,apps.campus_control.views.ControlRuleViewSet,DRF,IsAuthenticated,JWTAuthentication,,StandardResultsSetPagination,"DjangoFilterBackend,SearchFilter,OrderingFilter",,ControlRuleSerializer,options,/Users/loki/WorkBuddy/招聘助手/ATS-NEW/apps/django/.venv/lib/python3.14/site-packages/django/views/generic/base.py:55
api/v1/campus/^rules/export/$,apps.campus_control.views.ControlRuleViewSet,DRF,IsAuthenticated,JWTAuthentication,,StandardResultsSetPagination,"DjangoFilterBackend,SearchFilter,OrderingFilter",,ControlRuleSerializer,options,/Users/loki/WorkBuddy/招聘助手/ATS-NEW/apps/django/.venv/lib/python3.14/site-packages/django/views/generic/base.py:55
api/v1/campus/^rules/export\.(?P<format>[a-z0-9]+)/?$,apps.campus_control.views.ControlRuleViewSet,DRF,IsAuthenticated,JWTAuthentication,,StandardResultsSetPagination,"DjangoFilterBackend,SearchFilter,OrderingFilter",,ControlRuleSerializer,options,/Users/loki/WorkBuddy/招聘助手/ATS-NEW/apps/django/.venv/lib/python3.14/site-packages/django/views/generic/base.py:55
api/v1/campus/^rules/import/$,apps.campus_control.views.ControlRuleViewSet,DRF,IsAuthenticated,JWTAuthentication,,StandardResultsSetPagination,"DjangoFilterBackend,SearchFilter,OrderingFilter",,ControlRuleSerializer,options,/Users/loki/WorkBuddy/招聘助手/ATS-NEW/apps/django/.venv/lib/python3.14/site-packages/django/views/generic/base.py:55
api/v1/campus/^rules/import\.(?P<format>[a-z0-9]+)/?$,apps.campus_control.views.ControlRuleViewSet,DRF,IsAuthenticated,JWTAuthentication,,StandardResultsSetPagination,"DjangoFilterBackend,SearchFilter,OrderingFilter",,ControlRuleSerializer,options,/Users/loki/WorkBuddy/招聘助手/ATS-NEW/apps/django/.venv/lib/python3.14/site-packages/django/views/generic/base.py:55
api/v1/campus/^rules/ratio/$,apps.campus_control.views.ControlRuleViewSet,DRF,IsAuthenticated,JWTAuthentication,,StandardResultsSetPagination,"DjangoFilterBackend,SearchFilter,OrderingFilter",,ControlRuleSerializer,options,/Users/loki/WorkBuddy/招聘助手/ATS-NEW/apps/django/.venv/lib/python3.14/site-packages/django/views/generic/base.py:55
api/v1/campus/^rules/ratio\.(?P<format>[a-z0-9]+)/?$,apps.campus_control.views.ControlRuleViewSet,DRF,IsAuthenticated,JWTAuthentication,,StandardResultsSetPagination,"DjangoFilterBackend,SearchFilter,OrderingFilter",,ControlRuleSerializer,options,/Users/loki/WorkBuddy/招聘助手/ATS-NEW/apps/django/.venv/lib/python3.14/site-packages/django/views/generic/base.py:55
api/v1/campus/^rules/template/$,apps.campus_control.views.ControlRuleViewSet,DRF,IsAuthenticated,JWTAuthentication,,StandardResultsSetPagination,"DjangoFilterBackend,SearchFilter,OrderingFilter",,ControlRuleSerializer,options,/Users/loki/WorkBuddy/招聘助手/ATS-NEW/apps/django/.venv/lib/python3.14/site-packages/django/views/generic/base.py:55
api/v1/campus/^rules/template\.(?P<format>[a-z0-9]+)/?$,apps.campus_control.views.ControlRuleViewSet,DRF,IsAuthenticated,JWTAuthentication,,StandardResultsSetPagination,"DjangoFilterBackend,SearchFilter,OrderingFilter",,ControlRuleSerializer,options,/Users/loki/WorkBuddy/招聘助手/ATS-NEW/apps/django/.venv/lib/python3.14/site-packages/django/views/generic/base.py:55
api/v1/campus/^rules/validate/$,apps.campus_control.views.ControlRuleViewSet,DRF,IsAuthenticated,JWTAuthentication,,StandardResultsSetPagination,"DjangoFilterBackend,SearchFilter,OrderingFilter",,ControlRuleSerializer,options,/Users/loki/WorkBuddy/招聘助手/ATS-NEW/apps/django/.venv/lib/python3.14/site-packages/django/views/generic/base.py:55
api/v1/campus/^rules/validate\.(?P<format>[a-z0-9]+)/?$,apps.campus_control.views.ControlRuleViewSet,DRF,IsAuthenticated,JWTAuthentication,,StandardResultsSetPagination,"DjangoFilterBackend,SearchFilter,OrderingFilter",,ControlRuleSerializer,options,/Users/loki/WorkBuddy/招聘助手/ATS-NEW/apps/django/.venv/lib/python3.14/site-packages/django/views/generic/base.py:55
api/v1/campus/^rules/with-targets/$,apps.campus_control.views.ControlRuleViewSet,DRF,IsAuthenticated,JWTAuthentication,,StandardResultsSetPagination,"DjangoFilterBackend,SearchFilter,OrderingFilter",,ControlRuleSerializer,options,/Users/loki/WorkBuddy/招聘助手/ATS-NEW/apps/django/.venv/lib/python3.14/site-packages/django/views/generic/base.py:55
api/v1/campus/^rules/with-targets\.(?P<format>[a-z0-9]+)/?$,apps.campus_control.views.ControlRuleViewSet,DRF,IsAuthenticated,JWTAuthentication,,StandardResultsSetPagination,"DjangoFilterBackend,SearchFilter,OrderingFilter",,ControlRuleSerializer,options,/Users/loki/WorkBuddy/招聘助手/ATS-NEW/apps/django/.venv/lib/python3.14/site-packages/django/views/generic/base.py:55
api/v1/campus/^rules/(?P<pk>[^/.]+)/$,apps.campus_control.views.ControlRuleViewSet,DRF,IsAuthenticated,JWTAuthentication,,StandardResultsSetPagination,"DjangoFilterBackend,SearchFilter,OrderingFilter",,ControlRuleSerializer,options,/Users/loki/WorkBuddy/招聘助手/ATS-NEW/apps/django/.venv/lib/python3.14/site-packages/django/views/generic/base.py:55
api/v1/campus/^rules/(?P<pk>[^/.]+)\.(?P<format>[a-z0-9]+)/?$,apps.campus_control.views.ControlRuleViewSet,DRF,IsAuthenticated,JWTAuthentication,,StandardResultsSetPagination,"DjangoFilterBackend,SearchFilter,OrderingFilter",,ControlRuleSerializer,options,/Users/loki/WorkBuddy/招聘助手/ATS-NEW/apps/django/.venv/lib/python3.14/site-packages/django/views/generic/base.py:55
api/v1/campus/^rules/(?P<pk>[^/.]+)/copy/$,apps.campus_control.views.ControlRuleViewSet,DRF,IsAuthenticated,JWTAuthentication,,StandardResultsSetPagination,"DjangoFilterBackend,SearchFilter,OrderingFilter",,ControlRuleSerializer,options,/Users/loki/WorkBuddy/招聘助手/ATS-NEW/apps/django/.venv/lib/python3.14/site-packages/django/views/generic/base.py:55
api/v1/campus/^rules/(?P<pk>[^/.]+)/copy\.(?P<format>[a-z0-9]+)/?$,apps.campus_control.views.ControlRuleViewSet,DRF,IsAuthenticated,JWTAuthentication,,StandardResultsSetPagination,"DjangoFilterBackend,SearchFilter,OrderingFilter",,ControlRuleSerializer,options,/Users/loki/WorkBuddy/招聘助手/ATS-NEW/apps/django/.venv/lib/python3.14/site-packages/django/views/generic/base.py:55
api/v1/campus/^rules/(?P<pk>[^/.]+)/toggle/$,apps.campus_control.views.ControlRuleViewSet,DRF,IsAuthenticated,JWTAuthentication,,StandardResultsSetPagination,"DjangoFilterBackend,SearchFilter,OrderingFilter",,ControlRuleSerializer,options,/Users/loki/WorkBuddy/招聘助手/ATS-NEW/apps/django/.venv/lib/python3.14/site-packages/django/views/generic/base.py:55
api/v1/campus/^rules/(?P<pk>[^/.]+)/toggle\.(?P<format>[a-z0-9]+)/?$,apps.campus_control.views.ControlRuleViewSet,DRF,IsAuthenticated,JWTAuthentication,,StandardResultsSetPagination,"DjangoFilterBackend,SearchFilter,OrderingFilter",,ControlRuleSerializer,options,/Users/loki/WorkBuddy/招聘助手/ATS-NEW/apps/django/.venv/lib/python3.14/site-packages/django/views/generic/base.py:55
api/v1/campus/^persons/$,apps.campus_control.views.PersonViewSet,DRF,IsAuthenticated,JWTAuthentication,,StandardResultsSetPagination,"DjangoFilterBackend,SearchFilter,OrderingFilter",,PersonSerializer,options,/Users/loki/WorkBuddy/招聘助手/ATS-NEW/apps/django/.venv/lib/python3.14/site-packages/django/views/generic/base.py:55
api/v1/campus/^persons\.(?P<format>[a-z0-9]+)/?$,apps.campus_control.views.PersonViewSet,DRF,IsAuthenticated,JWTAuthentication,,StandardResultsSetPagination,"DjangoFilterBackend,SearchFilter,OrderingFilter",,PersonSerializer,options,/Users/loki/WorkBuddy/招聘助手/ATS-NEW/apps/django/.venv/lib/python3.14/site-packages/django/views/generic/base.py:55
api/v1/campus/^persons/(?P<pk>[^/.]+)/$,apps.campus_control.views.PersonViewSet,DRF,IsAuthenticated,JWTAuthentication,,StandardResultsSetPagination,"DjangoFilterBackend,SearchFilter,OrderingFilter",,PersonSerializer,options,/Users/loki/WorkBuddy/招聘助手/ATS-NEW/apps/django/.venv/lib/python3.14/site-packages/django/views/generic/base.py:55
api/v1/campus/^persons/(?P<pk>[^/.]+)\.(?P<format>[a-z0-9]+)/?$,apps.campus_control.views.PersonViewSet,DRF,IsAuthenticated,JWTAuthentication,,StandardResultsSetPagination,"DjangoFilterBackend,SearchFilter,OrderingFilter",,PersonSerializer,options,/Users/loki/WorkBuddy/招聘助手/ATS-NEW/apps/django/.venv/lib/python3.14/site-packages/django/views/generic/base.py:55
api/v1/campus/,rest_framework.routers.APIRootView,DRF,AllowAny,JWTAuthentication,,,,,,"get,options",/Users/loki/WorkBuddy/招聘助手/ATS-NEW/apps/django/.venv/lib/python3.14/site-packages/django/views/generic/base.py:55
api/v1/campus/<drf_format_suffix:format>,rest_framework.routers.APIRootView,DRF,AllowAny,JWTAuthentication,,,,,,"get,options",/Users/loki/WorkBuddy/招聘助手/ATS-NEW/apps/django/.venv/lib/python3.14/site-packages/django/views/generic/base.py:55
api/v1/external-sync/syncs,apps.external_sync.views.CompanySyncListView,DRF,IsAuthenticated,JWTAuthentication,,,,,,"get,options",/Users/loki/WorkBuddy/招聘助手/ATS-NEW/apps/django/.venv/lib/python3.14/site-packages/django/views/generic/base.py:55
api/v1/external-sync/syncs/<str:sync_id>/retry,apps.external_sync.views.CompanySyncRetryView,DRF,IsAuthenticated,JWTAuthentication,,,,,,"options,post",/Users/loki/WorkBuddy/招聘助手/ATS-NEW/apps/django/.venv/lib/python3.14/site-packages/django/views/generic/base.py:55
api/v1/external-sync/sync/<str:company_id>/<str:system>,apps.external_sync.views.CompanySyncTriggerView,DRF,IsAuthenticated,JWTAuthentication,,,,,,"options,post",/Users/loki/WorkBuddy/招聘助手/ATS-NEW/apps/django/.venv/lib/python3.14/site-packages/django/views/generic/base.py:55
api/v1/dynamic-fields/<str:resource>/fields/reorder/,apps.dynamic_field.views.DynamicFieldViewSet,DRF,IsAuthenticated,JWTAuthentication,,StandardResultsSetPagination,"DjangoFilterBackend,SearchFilter,OrderingFilter",,DynamicFieldSerializer,options,/Users/loki/WorkBuddy/招聘助手/ATS-NEW/apps/django/.venv/lib/python3.14/site-packages/django/views/generic/base.py:55
api/v1/dynamic-fields/<str:resource>/fields/,apps.dynamic_field.views.DynamicFieldViewSet,DRF,IsAuthenticated,JWTAuthentication,,StandardResultsSetPagination,"DjangoFilterBackend,SearchFilter,OrderingFilter",,DynamicFieldSerializer,options,/Users/loki/WorkBuddy/招聘助手/ATS-NEW/apps/django/.venv/lib/python3.14/site-packages/django/views/generic/base.py:55
api/v1/dynamic-fields/<str:resource>/fields/<str:pk>/,apps.dynamic_field.views.DynamicFieldViewSet,DRF,IsAuthenticated,JWTAuthentication,,StandardResultsSetPagination,"DjangoFilterBackend,SearchFilter,OrderingFilter",,DynamicFieldSerializer,options,/Users/loki/WorkBuddy/招聘助手/ATS-NEW/apps/django/.venv/lib/python3.14/site-packages/django/views/generic/base.py:55
api/v1/resumes/approval-flows/^$,apps.resume_flow.views.ApprovalFlowViewSet,DRF,V2Permission,JWTAuthentication,,StandardResultsSetPagination,DjangoFilterBackend,,,options,/Users/loki/WorkBuddy/招聘助手/ATS-NEW/apps/django/.venv/lib/python3.14/site-packages/django/views/generic/base.py:55
api/v1/resumes/approval-flows/^\.(?P<format>[a-z0-9]+)/?$,apps.resume_flow.views.ApprovalFlowViewSet,DRF,V2Permission,JWTAuthentication,,StandardResultsSetPagination,DjangoFilterBackend,,,options,/Users/loki/WorkBuddy/招聘助手/ATS-NEW/apps/django/.venv/lib/python3.14/site-packages/django/views/generic/base.py:55
api/v1/resumes/approval-flows/^(?P<pk>[^/.]+)/$,apps.resume_flow.views.ApprovalFlowViewSet,DRF,V2Permission,JWTAuthentication,,StandardResultsSetPagination,DjangoFilterBackend,,,options,/Users/loki/WorkBuddy/招聘助手/ATS-NEW/apps/django/.venv/lib/python3.14/site-packages/django/views/generic/base.py:55
api/v1/resumes/approval-flows/^(?P<pk>[^/.]+)\.(?P<format>[a-z0-9]+)/?$,apps.resume_flow.views.ApprovalFlowViewSet,DRF,V2Permission,JWTAuthentication,,StandardResultsSetPagination,DjangoFilterBackend,,,options,/Users/loki/WorkBuddy/招聘助手/ATS-NEW/apps/django/.venv/lib/python3.14/site-packages/django/views/generic/base.py:55
api/v1/resumes/approval-flows/^(?P<pk>[^/.]+)/approve/$,apps.resume_flow.views.ApprovalFlowViewSet,DRF,V2Permission,JWTAuthentication,,StandardResultsSetPagination,DjangoFilterBackend,,,options,/Users/loki/WorkBuddy/招聘助手/ATS-NEW/apps/django/.venv/lib/python3.14/site-packages/django/views/generic/base.py:55
api/v1/resumes/approval-flows/^(?P<pk>[^/.]+)/approve\.(?P<format>[a-z0-9]+)/?$,apps.resume_flow.views.ApprovalFlowViewSet,DRF,V2Permission,JWTAuthentication,,StandardResultsSetPagination,DjangoFilterBackend,,,options,/Users/loki/WorkBuddy/招聘助手/ATS-NEW/apps/django/.venv/lib/python3.14/site-packages/django/views/generic/base.py:55
api/v1/resumes/approval-flows/^(?P<pk>[^/.]+)/delegate/$,apps.resume_flow.views.ApprovalFlowViewSet,DRF,V2Permission,JWTAuthentication,,StandardResultsSetPagination,DjangoFilterBackend,,,options,/Users/loki/WorkBuddy/招聘助手/ATS-NEW/apps/django/.venv/lib/python3.14/site-packages/django/views/generic/base.py:55
api/v1/resumes/approval-flows/^(?P<pk>[^/.]+)/delegate\.(?P<format>[a-z0-9]+)/?$,apps.resume_flow.views.ApprovalFlowViewSet,DRF,V2Permission,JWTAuthentication,,StandardResultsSetPagination,DjangoFilterBackend,,,options,/Users/loki/WorkBuddy/招聘助手/ATS-NEW/apps/django/.venv/lib/python3.14/site-packages/django/views/generic/base.py:55
api/v1/resumes/approval-flows/^(?P<pk>[^/.]+)/reject/$,apps.resume_flow.views.ApprovalFlowViewSet,DRF,V2Permission,JWTAuthentication,,StandardResultsSetPagination,DjangoFilterBackend,,,options,/Users/loki/WorkBuddy/招聘助手/ATS-NEW/apps/django/.venv/lib/python3.14/site-packages/django/views/generic/base.py:55
api/v1/resumes/approval-flows/^(?P<pk>[^/.]+)/reject\.(?P<format>[a-z0-9]+)/?$,apps.resume_flow.views.ApprovalFlowViewSet,DRF,V2Permission,JWTAuthentication,,StandardResultsSetPagination,DjangoFilterBackend,,,options,/Users/loki/WorkBuddy/招聘助手/ATS-NEW/apps/django/.venv/lib/python3.14/site-packages/django/views/generic/base.py:55
api/v1/resumes/approval-flows/,rest_framework.routers.APIRootView,DRF,AllowAny,JWTAuthentication,,,,,,"get,options",/Users/loki/WorkBuddy/招聘助手/ATS-NEW/apps/django/.venv/lib/python3.14/site-packages/django/views/generic/base.py:55
api/v1/resumes/approval-flows/<drf_format_suffix:format>,rest_framework.routers.APIRootView,DRF,AllowAny,JWTAuthentication,,,,,,"get,options",/Users/loki/WorkBuddy/招聘助手/ATS-NEW/apps/django/.venv/lib/python3.14/site-packages/django/views/generic/base.py:55
api/v1/library/^schools/$,apps.library.views.SchoolViewSet,DRF,V2Permission,JWTAuthentication,,,"DjangoFilterBackend,SearchFilter,OrderingFilter",,SchoolSerializer,options,/Users/loki/WorkBuddy/招聘助手/ATS-NEW/apps/django/.venv/lib/python3.14/site-packages/django/views/generic/base.py:55
api/v1/library/^schools\.(?P<format>[a-z0-9]+)/?$,apps.library.views.SchoolViewSet,DRF,V2Permission,JWTAuthentication,,,"DjangoFilterBackend,SearchFilter,OrderingFilter",,SchoolSerializer,options,/Users/loki/WorkBuddy/招聘助手/ATS-NEW/apps/django/.venv/lib/python3.14/site-packages/django/views/generic/base.py:55
api/v1/library/^schools/provinces/$,apps.library.views.SchoolViewSet,DRF,V2Permission,JWTAuthentication,,,"DjangoFilterBackend,SearchFilter,OrderingFilter",,SchoolSerializer,options,/Users/loki/WorkBuddy/招聘助手/ATS-NEW/apps/django/.venv/lib/python3.14/site-packages/django/views/generic/base.py:55
api/v1/library/^schools/provinces\.(?P<format>[a-z0-9]+)/?$,apps.library.views.SchoolViewSet,DRF,V2Permission,JWTAuthentication,,,"DjangoFilterBackend,SearchFilter,OrderingFilter",,SchoolSerializer,options,/Users/loki/WorkBuddy/招聘助手/ATS-NEW/apps/django/.venv/lib/python3.14/site-packages/django/views/generic/base.py:55
api/v1/library/^schools/(?P<pk>[^/.]+)/$,apps.library.views.SchoolViewSet,DRF,V2Permission,JWTAuthentication,,,"DjangoFilterBackend,SearchFilter,OrderingFilter",,SchoolSerializer,options,/Users/loki/WorkBuddy/招聘助手/ATS-NEW/apps/django/.venv/lib/python3.14/site-packages/django/views/generic/base.py:55
api/v1/library/^schools/(?P<pk>[^/.]+)\.(?P<format>[a-z0-9]+)/?$,apps.library.views.SchoolViewSet,DRF,V2Permission,JWTAuthentication,,,"DjangoFilterBackend,SearchFilter,OrderingFilter",,SchoolSerializer,options,/Users/loki/WorkBuddy/招聘助手/ATS-NEW/apps/django/.venv/lib/python3.14/site-packages/django/views/generic/base.py:55
api/v1/library/^companies/$,apps.library.views.CompanyViewSet,DRF,V2Permission,JWTAuthentication,,,"DjangoFilterBackend,SearchFilter,OrderingFilter",,CompanySerializer,options,/Users/loki/WorkBuddy/招聘助手/ATS-NEW/apps/django/.venv/lib/python3.14/site-packages/django/views/generic/base.py:55
api/v1/library/^companies\.(?P<format>[a-z0-9]+)/?$,apps.library.views.CompanyViewSet,DRF,V2Permission,JWTAuthentication,,,"DjangoFilterBackend,SearchFilter,OrderingFilter",,CompanySerializer,options,/Users/loki/WorkBuddy/招聘助手/ATS-NEW/apps/django/.venv/lib/python3.14/site-packages/django/views/generic/base.py:55
api/v1/library/^companies/industries/$,apps.library.views.CompanyViewSet,DRF,V2Permission,JWTAuthentication,,,"DjangoFilterBackend,SearchFilter,OrderingFilter",,CompanySerializer,options,/Users/loki/WorkBuddy/招聘助手/ATS-NEW/apps/django/.venv/lib/python3.14/site-packages/django/views/generic/base.py:55
api/v1/library/^companies/industries\.(?P<format>[a-z0-9]+)/?$,apps.library.views.CompanyViewSet,DRF,V2Permission,JWTAuthentication,,,"DjangoFilterBackend,SearchFilter,OrderingFilter",,CompanySerializer,options,/Users/loki/WorkBuddy/招聘助手/ATS-NEW/apps/django/.venv/lib/python3.14/site-packages/django/views/generic/base.py:55
api/v1/library/^companies/(?P<pk>[^/.]+)/$,apps.library.views.CompanyViewSet,DRF,V2Permission,JWTAuthentication,,,"DjangoFilterBackend,SearchFilter,OrderingFilter",,CompanySerializer,options,/Users/loki/WorkBuddy/招聘助手/ATS-NEW/apps/django/.venv/lib/python3.14/site-packages/django/views/generic/base.py:55
api/v1/library/^companies/(?P<pk>[^/.]+)\.(?P<format>[a-z0-9]+)/?$,apps.library.views.CompanyViewSet,DRF,V2Permission,JWTAuthentication,,,"DjangoFilterBackend,SearchFilter,OrderingFilter",,CompanySerializer,options,/Users/loki/WorkBuddy/招聘助手/ATS-NEW/apps/django/.venv/lib/python3.14/site-packages/django/views/generic/base.py:55
api/v1/library/,rest_framework.routers.APIRootView,DRF,AllowAny,JWTAuthentication,,,,,,"get,options",/Users/loki/WorkBuddy/招聘助手/ATS-NEW/apps/django/.venv/lib/python3.14/site-packages/django/views/generic/base.py:55
api/v1/library/<drf_format_suffix:format>,rest_framework.routers.APIRootView,DRF,AllowAny,JWTAuthentication,,,,,,"get,options",/Users/loki/WorkBuddy/招聘助手/ATS-NEW/apps/django/.venv/lib/python3.14/site-packages/django/views/generic/base.py:55
api/v1/scraped-resumes/,apps.scraped_resume.views.ScrapedResumeViewSet,DRF,V2Permission,JWTAuthentication,,,,,,options,/Users/loki/WorkBuddy/招聘助手/ATS-NEW/apps/django/.venv/lib/python3.14/site-packages/django/views/generic/base.py:55
api/v1/scraped-resumes/scrape,apps.scraped_resume.views.ScrapedResumeViewSet,DRF,V2Permission,JWTAuthentication,,,,,,options,/Users/loki/WorkBuddy/招聘助手/ATS-NEW/apps/django/.venv/lib/python3.14/site-packages/django/views/generic/base.py:55
api/v1/scraped-resumes/scrape/,apps.scraped_resume.views.ScrapedResumeViewSet,DRF,V2Permission,JWTAuthentication,,,,,,options,/Users/loki/WorkBuddy/招聘助手/ATS-NEW/apps/django/.venv/lib/python3.14/site-packages/django/views/generic/base.py:55
api/v1/scraped-resumes/<str:pk>,apps.scraped_resume.views.ScrapedResumeViewSet,DRF,V2Permission,JWTAuthentication,,,,,,options,/Users/loki/WorkBuddy/招聘助手/ATS-NEW/apps/django/.venv/lib/python3.14/site-packages/django/views/generic/base.py:55
api/v1/scraped-resumes/<str:pk>/,apps.scraped_resume.views.ScrapedResumeViewSet,DRF,V2Permission,JWTAuthentication,,,,,,options,/Users/loki/WorkBuddy/招聘助手/ATS-NEW/apps/django/.venv/lib/python3.14/site-packages/django/views/generic/base.py:55
api/v1/scraped-resumes/<str:pk>/import,apps.scraped_resume.views.ScrapedResumeViewSet,DRF,V2Permission,JWTAuthentication,,,,,,options,/Users/loki/WorkBuddy/招聘助手/ATS-NEW/apps/django/.venv/lib/python3.14/site-packages/django/views/generic/base.py:55
api/v1/scraped-resumes/<str:pk>/import/,apps.scraped_resume.views.ScrapedResumeViewSet,DRF,V2Permission,JWTAuthentication,,,,,,options,/Users/loki/WorkBuddy/招聘助手/ATS-NEW/apps/django/.venv/lib/python3.14/site-packages/django/views/generic/base.py:55
api/v1/duplicate-check/check,apps.duplicate_check.views.DuplicateCheckViewSet,DRF,V2Permission,JWTAuthentication,,,,,,options,/Users/loki/WorkBuddy/招聘助手/ATS-NEW/apps/django/.venv/lib/python3.14/site-packages/django/views/generic/base.py:55
api/v1/duplicate-check/check/,apps.duplicate_check.views.DuplicateCheckViewSet,DRF,V2Permission,JWTAuthentication,,,,,,options,/Users/loki/WorkBuddy/招聘助手/ATS-NEW/apps/django/.venv/lib/python3.14/site-packages/django/views/generic/base.py:55
api/v1/duplicate-check/ocr-parse,apps.duplicate_check.views.DuplicateCheckViewSet,DRF,V2Permission,JWTAuthentication,,,,,,options,/Users/loki/WorkBuddy/招聘助手/ATS-NEW/apps/django/.venv/lib/python3.14/site-packages/django/views/generic/base.py:55
api/v1/duplicate-check/ocr-parse/,apps.duplicate_check.views.DuplicateCheckViewSet,DRF,V2Permission,JWTAuthentication,,,,,,options,/Users/loki/WorkBuddy/招聘助手/ATS-NEW/apps/django/.venv/lib/python3.14/site-packages/django/views/generic/base.py:55
api/v1/field-acl/^$,apps.field_acl.views.FieldACLViewSet,DRF,IsSuperAdmin,JWTAuthentication,,StandardResultsSetPagination,DjangoFilterBackend,,FieldACLSerializer,options,/Users/loki/WorkBuddy/招聘助手/ATS-NEW/apps/django/.venv/lib/python3.14/site-packages/django/views/generic/base.py:55
api/v1/field-acl/^\.(?P<format>[a-z0-9]+)/?$,apps.field_acl.views.FieldACLViewSet,DRF,IsSuperAdmin,JWTAuthentication,,StandardResultsSetPagination,DjangoFilterBackend,,FieldACLSerializer,options,/Users/loki/WorkBuddy/招聘助手/ATS-NEW/apps/django/.venv/lib/python3.14/site-packages/django/views/generic/base.py:55
api/v1/field-acl/^audit/$,apps.field_acl.views.FieldACLViewSet,DRF,IsSuperAdmin,JWTAuthentication,,StandardResultsSetPagination,DjangoFilterBackend,,FieldACLSerializer,options,/Users/loki/WorkBuddy/招聘助手/ATS-NEW/apps/django/.venv/lib/python3.14/site-packages/django/views/generic/base.py:55
api/v1/field-acl/^audit\.(?P<format>[a-z0-9]+)/?$,apps.field_acl.views.FieldACLViewSet,DRF,IsSuperAdmin,JWTAuthentication,,StandardResultsSetPagination,DjangoFilterBackend,,FieldACLSerializer,options,/Users/loki/WorkBuddy/招聘助手/ATS-NEW/apps/django/.venv/lib/python3.14/site-packages/django/views/generic/base.py:55
api/v1/field-acl/^matrix/$,apps.field_acl.views.FieldACLViewSet,DRF,IsSuperAdmin,JWTAuthentication,,StandardResultsSetPagination,DjangoFilterBackend,,FieldACLSerializer,options,/Users/loki/WorkBuddy/招聘助手/ATS-NEW/apps/django/.venv/lib/python3.14/site-packages/django/views/generic/base.py:55
api/v1/field-acl/^matrix\.(?P<format>[a-z0-9]+)/?$,apps.field_acl.views.FieldACLViewSet,DRF,IsSuperAdmin,JWTAuthentication,,StandardResultsSetPagination,DjangoFilterBackend,,FieldACLSerializer,options,/Users/loki/WorkBuddy/招聘助手/ATS-NEW/apps/django/.venv/lib/python3.14/site-packages/django/views/generic/base.py:55
api/v1/field-acl/^rules/$,apps.field_acl.views.FieldACLViewSet,DRF,IsSuperAdmin,JWTAuthentication,,StandardResultsSetPagination,DjangoFilterBackend,,FieldACLSerializer,options,/Users/loki/WorkBuddy/招聘助手/ATS-NEW/apps/django/.venv/lib/python3.14/site-packages/django/views/generic/base.py:55
api/v1/field-acl/^rules\.(?P<format>[a-z0-9]+)/?$,apps.field_acl.views.FieldACLViewSet,DRF,IsSuperAdmin,JWTAuthentication,,StandardResultsSetPagination,DjangoFilterBackend,,FieldACLSerializer,options,/Users/loki/WorkBuddy/招聘助手/ATS-NEW/apps/django/.venv/lib/python3.14/site-packages/django/views/generic/base.py:55
api/v1/field-acl/^(?P<pk>[^/.]+)/$,apps.field_acl.views.FieldACLViewSet,DRF,IsSuperAdmin,JWTAuthentication,,StandardResultsSetPagination,DjangoFilterBackend,,FieldACLSerializer,options,/Users/loki/WorkBuddy/招聘助手/ATS-NEW/apps/django/.venv/lib/python3.14/site-packages/django/views/generic/base.py:55
api/v1/field-acl/^(?P<pk>[^/.]+)\.(?P<format>[a-z0-9]+)/?$,apps.field_acl.views.FieldACLViewSet,DRF,IsSuperAdmin,JWTAuthentication,,StandardResultsSetPagination,DjangoFilterBackend,,FieldACLSerializer,options,/Users/loki/WorkBuddy/招聘助手/ATS-NEW/apps/django/.venv/lib/python3.14/site-packages/django/views/generic/base.py:55
api/v1/field-acl/,rest_framework.routers.APIRootView,DRF,AllowAny,JWTAuthentication,,,,,,"get,options",/Users/loki/WorkBuddy/招聘助手/ATS-NEW/apps/django/.venv/lib/python3.14/site-packages/django/views/generic/base.py:55
api/v1/field-acl/<drf_format_suffix:format>,rest_framework.routers.APIRootView,DRF,AllowAny,JWTAuthentication,,,,,,"get,options",/Users/loki/WorkBuddy/招聘助手/ATS-NEW/apps/django/.venv/lib/python3.14/site-packages/django/views/generic/base.py:55
api/v1/rule-engine/rules/,apps.rule_engine.views.RuleListView,DRF,IsAuthenticatedDenyByDefault,JWTAuthentication,,StandardResultsSetPagination,,,UnifiedRuleSerializer,"get,options",/Users/loki/WorkBuddy/招聘助手/ATS-NEW/apps/django/.venv/lib/python3.14/site-packages/django/views/generic/base.py:55
api/v1/rule-engine/triggers/,apps.rule_engine.views.TriggerCatalogView,DRF,IsAuthenticatedDenyByDefault,JWTAuthentication,,,,,,"get,options",/Users/loki/WorkBuddy/招聘助手/ATS-NEW/apps/django/.venv/lib/python3.14/site-packages/django/views/generic/base.py:55
api/v1/rule-engine/operators/,apps.rule_engine.views.OperatorCatalogView,DRF,IsAuthenticatedDenyByDefault,JWTAuthentication,,,,,,"get,options",/Users/loki/WorkBuddy/招聘助手/ATS-NEW/apps/django/.venv/lib/python3.14/site-packages/django/views/generic/base.py:55
api/schema/,drf_spectacular.views.SpectacularAPIView,DRF,AllowAny,JWTAuthentication,,,,,,"get,options",/Users/loki/WorkBuddy/招聘助手/ATS-NEW/apps/django/.venv/lib/python3.14/site-packages/django/views/generic/base.py:55
api/docs/,drf_spectacular.views.SpectacularSwaggerView,DRF,AllowAny,JWTAuthentication,,,,,,"get,options",/Users/loki/WorkBuddy/招聘助手/ATS-NEW/apps/django/.venv/lib/python3.14/site-packages/django/views/generic/base.py:55
api/redoc/,drf_spectacular.views.SpectacularRedocView,DRF,AllowAny,JWTAuthentication,,,,,,"get,options",/Users/loki/WorkBuddy/招聘助手/ATS-NEW/apps/django/.venv/lib/python3.14/site-packages/django/views/generic/base.py:55
health/,apps.core.views_health.health_check,Django,,,,,,,,,/Users/loki/WorkBuddy/招聘助手/ATS-NEW/docs/audit/../../apps/django/apps/core/views_health.py:6
^(?P<path>(?!api/|health/|static/|media/|__debug__/).*)$,config.urls.spa_fallback,Django,,,,,,,,,/Users/loki/WorkBuddy/招聘助手/ATS-NEW/docs/audit/../../apps/django/config/urls.py:174
