specId,专业代码,专业名称,学历层次,学历层次代码,门类,门类代码,专业类,专业类代码,数据年份,专业介绍,详情URL
数据源网站的唯一ID,对应至现有专业代码（需剔除代码中的TK字母后进行关联）,对应现有专业名称,更新当前学历层次枚举值，写进数据字典,新增枚举值代码，写进数据字典,对应现有所属门类，写进数据字典,新增枚举值代码，写进数据字典,对应现有所属学科，写进数据字典,新增枚举值代码，写进数据字典,新增字段，年份类日期字段,新增字段，多文本字段，加入详情页展示,新增字段，链接字段，加入详情页展示，支持跳转访问
73381059,10101,哲学,本科（普通教育）,1050,哲学,105001,哲学类,10500101,2025,本专业学生主要学习马克思主义哲学基本原理、中国哲学和西方哲学等方面的专业知识，以及伦理学、逻辑学、美学、宗教学、科学技术哲学、管理哲学、政治哲学等方面的基础知识；受到中西方哲学的基本理论和发展线索的系统教育，以及创造性思维的培养和业务能力的训练；要求学生比较系统地掌握马克思主义哲学、中国哲学和西方哲学的理论和历史；具有一定的社会科学、人文科学、自然科学、思维科学的相关知识；掌握哲学学科的基本研究方法、治学方法和相应的社会调查能力；了解国内外哲学界最重要的理论前沿和发展动态；了解国内外最重大的实践问题和发展动态；具有分析和解决社会现实问题的初步能力。,https://gaokao.chsi.com.cn/zyk/zybk/detail/73381059
73381063,10102,逻辑学,本科（普通教育）,1050,哲学,105001,哲学类,10500101,2025,逻辑学是研究论证和推理有效性的学科，是表达知识、构建智能系统、训练理性思维的必要工具。逻辑学专业培养学生扎实的逻辑学基础、严格的推理能力、广阔的学科视野，使其能成长为逻辑学领域的专业学术型人才，或在哲学、数学、计算机、心理学、法律等领域运用逻辑方法解决各类专业问题的实践型人才。,https://gaokao.chsi.com.cn/zyk/zybk/detail/73381063
73381067,10103,宗教学,本科（普通教育）,1050,哲学,105001,哲学类,10500101,2025,本专业重视马克思主义宗教学理论、宗教哲学、佛教、基督教、道教思想文化和历史的研究；培养学生掌握马克思主义哲学基本原理以及宗教学基础知识和专业知识，了解世界各大宗教的历史和现状，了解我国各民族宗教的状况，熟悉我国传统文化，懂得我国宗教法规和政策，具备较强的理论思维和分析问题、解决问题、语言文字表达的能力及宗教调查与研究技能，能够从事宗教事务管理、新闻传播、政策调研、科学研究等工作。,https://gaokao.chsi.com.cn/zyk/zybk/detail/73381067
164248791,10104,伦理学,本科（普通教育）,1050,哲学,105001,哲学类,10500101,2025,本专业旨在培养具有专业的伦理理论思维、广博的科学伦理文化知识素养，品学兼优、德才兼备的拔尖创新型伦理学专业人才。,https://gaokao.chsi.com.cn/zyk/zybk/detail/164248791
73381079,20101,经济学,本科（普通教育）,1050,经济学,105002,经济学类,10500201,2025,本专业要求学生系统掌握经济学基本理论和相关的基础专业知识，了解市场经济的运行机制，熟悉党和国家的经济方针、政策和法规，了解中外经济发展的历史和现状；了解经济学的学术动态；具有运用数量分析方法和现代技术手段进行社会经济调查、经济分析和实际操作的能力；具有较强的文字和口头表达能力的专门人才，能熟练掌握一门外语。,https://gaokao.chsi.com.cn/zyk/zybk/detail/73381079
437286851,20102,经济统计学,本科（普通教育）,1050,经济学,105002,经济学类,10500201,2025,经济统计学是统计学在经济领域中的应用，是以经济数据为研究对象，包括经济数据的采集，以及用统计方法分析经济数据背后的经济现象以及复杂经济系统的规律，从而为经济和管理决策服务。本专业培养学生具备扎实的数学与统计学理论基础，良好的经济学素养；了解统计学理论与方法的发展动态及其应用前景，具有较强的采集数据、设计调查方案和处理数据的能力，能将统计方法应用于实际经济研究领域，成为财经领域擅长统计分析的专门人才和高水平研究工作的基础性人才。,https://gaokao.chsi.com.cn/zyk/zybk/detail/437286851
73381095,20103,国民经济管理,本科（普通教育）,1050,经济学,105002,经济学类,10500201,2025,本专业主要培养掌握经济学基础理论和系统的专业知识，熟悉我国经济社会发展战略与规划、经济政策和经济管理实践，了解国民经济动态，能够独立从事经济政策分析和解决实际经济问题，具有较强的写作能力和适应能力的复合型专门人才。,https://gaokao.chsi.com.cn/zyk/zybk/detail/73381095
437287109,20104,资源与环境经济学,本科（普通教育）,1050,经济学,105002,经济学类,10500201,2025,本专业主要学习资源与环境经济学方面的基本理论和基本知识，接受相关业务的基本训练；要求学生掌握经济学、管理学、发展经济学和环境与资源方面的基本理论，兼有经济学、管理学和环境与资源技术科学的交叉优势；掌握资源与环境经济学分析的基本理论和方法，能够运用经济学的方法和手段进行环境资源管理；熟悉重要的国际资源与环境经济学方面的经典文献，掌握国家环境资源合理开发与利用、可持续发展的有关政策与法规；具有较强的表达能力和英语读写能力，能熟练运用计算机和网络资源，良好的身体素质；具备从事本专业实际工作和科学研究工作的基本能力。,https://gaokao.chsi.com.cn/zyk/zybk/detail/437287109
665448572,20105,商务经济学,本科（普通教育）,1050,经济学,105002,经济学类,10500201,2025,本专业要求学生具备扎实的经济学理论基础；系统掌握商务经济学、金融学和财富管理的基本原理和应用技能；熟悉现代市场经济、商务活动和金融市场的运行规律；具备较强的商务统计与分析、商务决策与计划、商务运营与控制、商务经纪与咨询、金融业务与拓展、商务理财与规划等现代商务技能和财富管理技能。,https://gaokao.chsi.com.cn/zyk/zybk/detail/665448572
213783542,20106,能源经济,本科（普通教育）,1050,经济学,105002,经济学类,10500201,2025,本专业将能源和经济结合起来，包括能源的战略选择、能源的融资、能源的预测、能源企业的组织形式等，以能源为研究对象，涉及到经济管理方面的内容；主要学习能源经济及其运行管理方面的基本知识和方法，熟悉能源经济运行规律和能源政策法规，熟练掌握现代能源经济分析方法及管理技能；能在能源企业、政府能源管理部门、能源交易及中介组织、教学及研究机构等单位和部门从事能源预警预测分析、能源政策研究、能源管理等工作。,https://gaokao.chsi.com.cn/zyk/zybk/detail/213783542
gt1f9b0av6cwkk37,20107,劳动经济学,本科（普通教育）,1050,经济学,105002,经济学类,10500201,2025,本专业以服务国家、服务区域经济发展、服务工会为着力点，培养政治素质过硬、劳动情怀深厚、德智体美劳全面发展，具有扎实的劳动经济学理论功底、全面的经济管理领域知识与技能、突出的劳动就业领域工作能力的高素质应用型、复合型、创新型人才。,https://gaokao.chsi.com.cn/zyk/zybk/detail/gt1f9b0av6cwkk37
4in7tseehx4jq80i,20108,经济工程,本科（普通教育）,1050,经济学,105002,经济学类,10500201,2025,本专业培养具备扎实的工程技术基础知识、经济学理论知识，以及熟练的行业知识与技能，能在建筑行业、房地产行业以及投资建设管理部门从事技术、组织、管理、评价和决策等工作的高级应用型复合型人才。,https://gaokao.chsi.com.cn/zyk/zybk/detail/4in7tseehx4jq80i
frxph478uqt6h743,20109,数字经济,本科（普通教育）,1050,经济学,105002,经济学类,10500201,2025,本专业旨在培养具有自然科学与人文社会科学素养、扎实的现代经济学和管理学理论基础，有较强的数据分析工具使用能力，熟练掌握数字经济基本理论和方法，熟悉我国数字经济运行规律和改革实践，了解全球数字经济发展的最新动态，具备较强的经济大数据统计分析、行业大数据应用分析技能，以及产业数字化战略规划和建设能力，能在数字经济相关的管理部门、工商企业、金融机构、科研单位技术产业部门从事数据分析、数字资产管理、产业数字化建设的高素质复合型专业人才。,https://gaokao.chsi.com.cn/zyk/zybk/detail/frxph478uqt6h743
kf8v1ntbp7tv7z9b,20110,低空经济与管理,本科（普通教育）,1050,经济学,105002,经济学类,10500201,,,https://gaokao.chsi.com.cn/zyk/zybk/detail/kf8v1ntbp7tv7z9b
vl5lirxzuqvi2ig8,20111,资源环境审计,本科（普通教育）,1050,经济学,105002,经济学类,10500201,,,https://gaokao.chsi.com.cn/zyk/zybk/detail/vl5lirxzuqvi2ig8
73381087,20201,财政学,本科（普通教育）,1050,经济学,105002,财政学类,10500202,2025,"本专业属于应用经济学科，主要研究政府部门在资金筹集和使用方面的理论、制度和管理方法，同时也研究企业在生产经营过程中的税收问题；要求学生系统学习和掌握现代经济学基础理论与基本知识，深入了解古今中外的财政思想和实践经验，掌握财政、税收基本理论及其相关法律法规及政策，熟悉中国税制、政府预算管理、政府债务管理、政府采购管理等理论与实务；具备扎实的经济学、管理学及财政学理论知识，掌握较强的财税业务实践能力和精湛的财税业务技能，具备进一步深造和从事财经研究的坚实基础，具备国际化视野和创新精神，能胜任各级财政税务部门、企事业单位、科研单位及其他经济管理部门的相关工作。
",https://gaokao.chsi.com.cn/zyk/zybk/detail/73381087
73381111,20202,税收学,本科（普通教育）,1050,经济学,105002,财政学类,10500202,2025,本专业属于应用经济学科，它以企业经营管理中的税务问题为主要研究对象，培养学生理解国家税收政策和税收制度以及分析企业税务发展战略的能力；要求学生掌握经济学、管理学和法学的基本理论与基本分析方法，熟悉国内和国际税务、会计、金融等方面的法律法规与操作实务，较为熟练地掌握一门外语和计算机使用技能，具有较好的科研能力和一定的税收综合业务能力，能独立在税务师事务所、会计师事务所、各类企事业单位的涉税岗位、政府财税等部门从事税收业务工作。,https://gaokao.chsi.com.cn/zyk/zybk/detail/73381111
9t437xhnjj0578ck,20203,国际税收,本科（普通教育）,1050,经济学,105002,财政学类,10500202,2025,本专业旨在培养复合型国际税收人才，弥补国际税收合作和反避税领域及“一带一路”建设的人才缺口。在专业建设方向上，主要关注国际税收规则、国际税收协调问题以及国际税收领域新问题，跨学科融合性高，学科交叉性强，是当前新财经战略下，新文科建设的典型学科。,https://gaokao.chsi.com.cn/zyk/zybk/detail/9t437xhnjj0578ck
73381091,20301,金融学,本科（普通教育）,1050,经济学,105002,金融学类,10500203,2025,本专业培养系统掌握金融基本理论、基本知识、基本技能，具备能进行金融实际业务操作和金融风险防范、化解金融风险的基本素质和能力，并注重强化外语和计算机教学，成为具有深厚的金融理论知识，有较强的实践能力、分析综合能力、组织能力、表达能力和创新能力的复合型金融人才。,https://gaokao.chsi.com.cn/zyk/zybk/detail/73381091
73381107,20302,金融工程,本科（普通教育）,1050,经济学,105002,金融学类,10500203,2025,本专业是以现代金融活动为研究对象，以金融创新为核心，综合运用是以数理分析为中心的现代金融理论、工具、技术与方法，创造性地解决金融问题的一门新兴金融学科，具有较强的应用性与技术性。本专业学生应掌握经济学、金融学、经济数学、计算机的基本理论和基础知识，掌握微观金融业务原理与操作实务，具有从事银行、证券、保险、投资、风险管理等相关业务的基本技能；具有较扎实的数理分析基础，熟练掌握现代信息化分析工具的应用；熟悉有关法规、政策和国际金融业的通行规则，了解本学科的发展动态；熟练掌握一门外语，具有较强外语应用能力，能利用外语获取专业信息；能熟练使用计算机从事业务工作。,https://gaokao.chsi.com.cn/zyk/zybk/detail/73381107
73381103,20303,保险学,本科（普通教育）,1050,经济学,105002,金融学类,10500203,2025,本专业培训学生系统学习和掌握经济学、金融学基础理论与基本知识，具有统计学、会计学和民商法基础，全面深入了解风险管理理论，熟悉保险运作、保险运营、保险规划和保险监管，能胜任风险分析与管理、保险产品开发、保险经营管理、保险监管等工作，以及学校、科研单位教学与研究等工作。,https://gaokao.chsi.com.cn/zyk/zybk/detail/73381103
73381127,20304,投资学,本科（普通教育）,1050,经济学,105002,金融学类,10500203,2025,本专业要求学生掌握经济学、金融学、管理学的理论知识，通晓投资相关学科主要理论和方法，熟练掌握金融资产价值与风险评估、组合投资、资本运营、公司理财等微观金融业务技能，熟悉国内外经济形势及投资管理运作，具有较强的投资策划、决策与管理能力，能在政府部门、教学科研单位、金融机构、实业公司、事业单位等从事相关工作。,https://gaokao.chsi.com.cn/zyk/zybk/detail/73381127
164249073,20305,金融数学,本科（普通教育）,1050,经济学,105002,金融学类,10500203,2025,本专业培养学生掌握金融数学与金融经济的基本理论和思想方法，初步掌握使用现代数学与计算技术进行经济、金融信息的分析预测和决策，解决公司财务管理，证券组合分析，投资项目评估，保险精算等金融实际问题，具备较强的数学建模能力，具备初步的科学研究与应用开发的能力。,https://gaokao.chsi.com.cn/zyk/zybk/detail/164249073
73381115,20306,信用管理,本科（普通教育）,1050,经济学,105002,金融学类,10500203,2025,本专业要求学生具备扎实的经济学和金融学理论基础知识，掌握资信评级与信用管理方面的基本理论，熟悉数理统计和计量经济基本分析方法，掌握现代信用管理专业必备的基本理论知识、专门知识和岗位操作技术与能力，能在政府部门、金融部门、企业单位从事信用政策的制定、资信调查、信用评级、企业的客户关系管理、风险控制等相关业务工作，以及在高等院校从事信用管理教学、科研方面的工作。,https://gaokao.chsi.com.cn/zyk/zybk/detail/73381115
73381143,20307,经济与金融,本科（普通教育）,1050,经济学,105002,金融学类,10500203,2025,本专业培养学生具备扎实的经济和金融专业知识和实务，掌握系统的经济学与金融学理论和分析方法，具备解决现代经济特别是金融领域中实际问题的技能，熟悉国内外经济与金融发展动态，能在经济管理部门，证券公司、投资银行、商业银行、保险公司、各类投资基金及管理公司等金融机构和工商企业从事相关工作。,https://gaokao.chsi.com.cn/zyk/zybk/detail/73381143
47e7kv0pns0tma1i,20308,精算学,本科（普通教育）,1050,经济学,105002,金融学类,10500203,2025,精算学是对风险的评价和制定经济安全方案的科学。现代精算学除了应用于保险公司和参与社会保障体系的设计等传统领域，还更广泛地应用于商业银行、投行、金融中介、政府咨询及监管等机构和长期资本项目等。本专业旨在培养具有扎实的经济学、金融学、保险学、统计学、财务等知识，熟练掌握精算基本理论与方法，以及风险管理、投资理财、大数据应用等现代化精算技术，具有创新精神和实践能力的复合型、应用型高级专门人才。,https://gaokao.chsi.com.cn/zyk/zybk/detail/47e7kv0pns0tma1i
k6coqp3m2p59qjni,20309,互联网金融,本科（普通教育）,1050,经济学,105002,金融学类,10500203,2025,本专业以“智慧金融”为特色方向，围绕“金融”与“科技”领域的学科交叉培养掌握现代金融科技技术和金融技能，具备较强金融产品运营和金融数据分析处理能力，能胜任金融行业新型业务需求的高素质应用技术型人才。专业通过应用型建设深入推进与银行、证券以及相关企业的产教融合、凝聚企业导师及学院金融学和信息技术的优秀师资，实施人才培养，以满足当前大数据时代智慧金融发展的需求。,https://gaokao.chsi.com.cn/zyk/zybk/detail/k6coqp3m2p59qjni
2jgwq0d4turhi4og,20310,金融科技,本科（普通教育）,1050,经济学,105002,金融学类,10500203,2025,本专业旨在培养具有国际化视野，系统掌握现代金融学和金融科技基础理论与技术方法，拥有金融与信息技术交叉融合的跨学科知识体系，熟悉金融市场运行机制、金融机构业务经营与风险管理，把握金融科技发展前沿与最新应用场景，能够应用金融大数据挖掘与分析、区块链技术开发、人工智能原理、金融监管科技等相关知识解决金融实际问题、设计或开发新型金融产品，兼具扎实专业基础与实践能力的复合型、创新型金融科技人才。,https://gaokao.chsi.com.cn/zyk/zybk/detail/2jgwq0d4turhi4og
do8xhjlh1kzgdths,20311,金融审计,本科（普通教育）,1050,经济学,105002,金融学类,10500203,2025,本专业顺应经济金融新形势、国家审计事业多学科发展趋势，通过与金融学、审计学、统计学与大数据等知识融合，致力于培养系统掌握金融审计基础知识、基本理论，能够运用金融审计理论知识和业务技能，具有专业胜任能力、逻辑思维能力、大数据分析能力以及良好的沟通能力、契合金融审计领域未来发展需要的“金融 + 审计 + 大数据”的复合型创新拔尖人才。,https://gaokao.chsi.com.cn/zyk/zybk/detail/do8xhjlh1kzgdths
sw0sfnmyken30pfq,20312,数字金融,本科（普通教育）,1050,经济学,105002,金融学类,10500203,,,https://gaokao.chsi.com.cn/zyk/zybk/detail/sw0sfnmyken30pfq
73381083,20401,国际经济与贸易,本科（普通教育）,1050,经济学,105002,经济与贸易类,10500204,2025,本专业以经济学、国际贸易为主干学科，培养学生系统学习国际贸易、国际金融、国际市场营销、国际商法等方面的专门知识和技能，深入了解国际经济的发展趋势及国际市场运行规则，熟悉我国对外经贸方针、政策；使学生掌握分析经济、法律、文化、技术等国际商务环境的基本方法以及计算机等现代科技和管理手段；强调熟练的英语应用能力。,https://gaokao.chsi.com.cn/zyk/zybk/detail/73381083
73381099,20402,贸易经济,本科（普通教育）,1050,经济学,105002,经济与贸易类,10500204,2025,本专业要求学生掌握扎实的经济学和管理学基础理论和方法；掌握内、外贸企业经营管理所需的经济、法律、财会、数学、金融等多方面的基础知识；熟悉国内外市场及其商业模式；熟悉资本市场和企业经营管理知识，具备较高的英语水平；具有较强的科研能力、市场调研和市场预测能力；能熟练运用外语和计算机技术，具备广泛的经济与管理能力。,https://gaokao.chsi.com.cn/zyk/zybk/detail/73381099
u6yv8flxq843ghaf,20403,国际经济发展合作,本科（普通教育）,1050,经济学,105002,经济与贸易类,10500204,2025,本专业致力于以经济学为导引，旨在教授多学科融合的专业理论知识与实证建模检验、“互联网+”大数据分析方法，着重培养跨学科的国际经济和政治理论素养、国际发展战略思维与风险应对意识、国际谈判与沟通技能，促进学生全面了解国际发展合作的学科范畴，熟悉掌握经济与贸易知识在国际发展领域的应用。,https://gaokao.chsi.com.cn/zyk/zybk/detail/u6yv8flxq843ghaf
8eyvhhd2wuposwj3,20404,数字贸易,本科（普通教育）,1050,经济学,105002,经济与贸易类,10500204,,,https://gaokao.chsi.com.cn/zyk/zybk/detail/8eyvhhd2wuposwj3
73381155,30101,法学,本科（普通教育）,1050,法学,105003,法学类,10500301,2025,本专业培养学生具有良好法学思维，掌握法学基本理论和系统法律专业知识；熟悉我国法律法规及有关政策，具有社会责任感和担当精神；了解外国的法律和法学动态；能够独立分析和解决实际法律问题；具有较强的文字和口头表达能力；掌握律师实务、司法鉴定、法医等技术知识；有较好的外语听说读写能力，使学生成为既能从事立法工作和司法实务，又能从事法学教育和研究工作的德才兼备的高级法律专门人才。,https://gaokao.chsi.com.cn/zyk/zybk/detail/73381155
73381159,30102,知识产权,本科（普通教育）,1050,法学,105003,法学类,10500301,2025,本专业旨在培养具有理工科基础，掌握管理和法律知识的知识产权复合型人才；要求学生具有一定的理工科基础知识，了解科技创新和发展规律，掌握知识产权经营、管理与保护实践技能，熟练掌握知识产权法律原理和实务知识，能够从事知识产权管理和法律工作。,https://gaokao.chsi.com.cn/zyk/zybk/detail/73381159
73381163,30103,监狱学,本科（普通教育）,1050,法学,105003,法学类,10500301,2025,本专业培养系统掌握法学基础知识和监狱学、刑罚学、犯罪心理学等专业知识，具有预防和打击刑事犯罪、执行刑罚、管理教育改造罪犯的业务能力，具有一定的计算机知识、外语水平和较强的文字口头表达能力，能在监狱等司法系统从事行政管理和罪犯改造等工作的应用型高级专门人才。,https://gaokao.chsi.com.cn/zyk/zybk/detail/73381163
niknqhvc0v162d65,30104,信用风险管理与法律防控,本科（普通教育）,1050,法学,105003,法学类,10500301,2025,本专业培养具备扎实的法律理论知识、掌握信用风险法律防控专业知识、能够化解信用管理领域法律风险、善于处置经济矛盾纠纷、保障市场主体合法权益、维护交易安全，能在金融机构、信用服务机构、法律部门、工商企业、事业单位、各级政府部门等从事信用风险法律防控等工作，德智体全面发展、有风险管理意识和创新精神的应用型人才。,https://gaokao.chsi.com.cn/zyk/zybk/detail/niknqhvc0v162d65
6nxuqt0c8i3l9ibs,30105,国际经贸规则,本科（普通教育）,1050,法学,105003,法学类,10500301,2025,本专业培养既具备中国法律知识和执业能力，又通晓国际民商事法律制度，精研国际经贸规则，拥有国际视野和跨语言、跨文化沟通能力，能够在世界贸易组织处理国际经贸争端、在国际投资争端解决中心处理国际投资争端、在世界知识产权组织处理跨国知识产权纠纷的国际法官、仲裁员和律师，能够为中国企业“走出去”保驾护航，能够服务“一带一路”建设以及国内自由贸易区、自由贸易港建设的高端经贸法律人才。,https://gaokao.chsi.com.cn/zyk/zybk/detail/6nxuqt0c8i3l9ibs
grni36wigtfkvf54,30106,司法警察学,本科（普通教育）,1050,法学,105003,法学类,10500301,2025,本专业培养政治坚定、忠诚可靠、纪律严明、素质过硬，具有较强的社会责任感、法治意识、创新精神和司法警务实战能力，掌握警察专业基本理论、技能及法学基础知识，熟悉我国司法警察工作的法律、法规、政策，具备保障司法安全的专业核心能力和初步研究能力，能够在人民法院或人民检察院从事司法警察工作的高素质应用型专门人才。,https://gaokao.chsi.com.cn/zyk/zybk/detail/grni36wigtfkvf54
ltqxv23sg1jvupgu,30107,社区矫正,本科（普通教育）,1050,法学,105003,法学类,10500301,2025,本专业培养具有法律、教育、管理、心理、社会工作等专业知识和专业技能，系统掌握社区矫正相关基本理论、基本知识和基本技能，德法兼修、文武兼备，具备较高社会主义法治理论素养和较强教育矫正业务能力，在国家司法行政系统尤其是社区矫正、监狱、基层司法行政、公安等实务部门和其他执法领域从事社区矫正执法管理、教育矫正、社会帮教活动的复合型、应用型高级专门人才。,https://gaokao.chsi.com.cn/zyk/zybk/detail/ltqxv23sg1jvupgu
v2veemtl0b2evkht,30108,纪检监察,本科（普通教育）,1050,法学,105003,法学类,10500301,2025,本专业培养适应国家监察体制改革和反腐败工作的需要，基础扎实，知识面宽，能力强，素质高，具有创新精神、实践能力和自我发展能力，毕业后可以在纪检监察机关、立法机关、司法机关、行政机关和其他机关以及企事业单位、社会团体从事纪检监察工作的高级专门人才。,https://gaokao.chsi.com.cn/zyk/zybk/detail/v2veemtl0b2evkht
a45ws2ur4w5p8t8o,30109,国际法,本科（普通教育）,1050,法学,105003,法学类,10500301,2025,本专业致力于将学生培养成为德才兼备，具有合理的知识结构与宽广的国际视野，具有坚定的社会主义法治理念和良好的法律职业伦理，坚持中国特色社会主义法治体系和通晓国际规则的具备新文科背景的高素质国际法学人才。,https://gaokao.chsi.com.cn/zyk/zybk/detail/a45ws2ur4w5p8t8o
i2o9sw8vl8e1m5oh,30110,司法鉴定学,本科（普通教育）,1050,法学,105003,法学类,10500301,2025,本专业服务国家法治建设需求，适应新时代交叉学科发展趋势，培养具有良好的思想政治素质、法治观念和职业认同感、比较开阔的视野、合理的学科知识结构、较好的检验鉴定能力、一定的科学证据研究能力、良好的协作沟通能力、终身学习发展能力和综合证据分析能力的交叉型、应用型人才。,https://gaokao.chsi.com.cn/zyk/zybk/detail/i2o9sw8vl8e1m5oh
4alrwh6dcras6663,30111,国家安全学,本科（普通教育）,1050,法学,105003,法学类,10500301,2025,本专业致力于培养系统掌握国家安全基础理论，融会贯通多学科知识和实践技能，熟练掌握外语交流能力，具有全球视野、全局观念、战略思维的高素质复合型国家安全专门人才。毕业生可以胜任党政机关、研究机构、企事业单位等的国家安全研究与行政管理岗位以及相关业务工作。,https://gaokao.chsi.com.cn/zyk/zybk/detail/4alrwh6dcras6663
98o6lz97awwoz5vq,30112,海外利益安全,本科（普通教育）,1050,法学,105003,法学类,10500301,2025,本专业立足服务国家安全战略需要，培养政治立场坚定，通晓国际规则，熟悉涉外投资法律法规体系，掌握情报信息处理、安全防卫基本策略战术和技术手段，具备国家安全战略规划、海外投资法律合规、海外利益安全风险评估与治理、海外项目安防与安全事件处置能力的复合型、应用型高层次涉外法治人才。,https://gaokao.chsi.com.cn/zyk/zybk/detail/98o6lz97awwoz5vq
73383203,30201,政治学与行政学,本科（普通教育）,1050,法学,105003,政治学类,10500302,2025,本专业培养学生系统掌握政治学与行政学的理论基础知识，尤其是中外政治思想与文化的核心知识，具备良好的现代政治思想素质；了解中外政治制度及当代中国政府的运作过程及其治理方式，熟悉党和国家的路线、方针、政策和公共管理方面的法律；具有较高的政治理论素质、较强的理论分析能力和组织管理能力；具备熟练应用现代政治科学与行政学有关理论与方法进行调查研究、政策分析、设计解决问题方案的基本能力，并具有良好的从事政治学与行政学教育和研究工作的能力和素质。,https://gaokao.chsi.com.cn/zyk/zybk/detail/73383203
73383207,30202,国际政治,本科（普通教育）,1050,法学,105003,政治学类,10500302,2025,本专业主要培养各级党政机关外交外事部门的涉外工作干部；新闻单位国际报道和评论的专业人才；高等院校和科研机构国际问题教学与研究的专门人才；要求学生掌握扎实的专业基础和广泛的国际问题知识，具有较好的语言文字表达能力，较强的分析能力和社会活动能力，并能熟练地运用英语从事有关实际工作。,https://gaokao.chsi.com.cn/zyk/zybk/detail/73383207
73383211,30203,外交学,本科（普通教育）,1050,法学,105003,政治学类,10500302,2025,本专业培养具有一定的马克思主义理论素养和强烈的爱国心，对国际事务和中国外交有系统全面的了解，有交际和谈判的能力，在政治、业务、作风、纪律和语言方面具有较高的综合素质，能在外交和其他外事部门从事实际工作、国际问题研究和教学工作的外交学高级专门人才。 本专业学生主要学习外语、外交学和国际政治、法律、经济知识，接受有关理论、发展历史和现状等方面的系统教育。,https://gaokao.chsi.com.cn/zyk/zybk/detail/73383211
73383223,30204,国际事务与国际关系,本科（普通教育）,1050,法学,105003,政治学类,10500302,2025,本专业要求学生具备较强的政治素养和敏锐性；掌握扎实的外交外事专业知识；具备一定国际关系理论素养，了解国际关系历史与现状，具备较强的分析问题和解决问题的能力；掌握扎实的英语语言基本功和应用能力，能熟练地运用英语独立从事外事工作；具备资料检索、信息收集和综合分析等基本科研能力；了解我国国情和对象国家的社会和文化；能够胜任外交、外事日常工作，能够参与外交、外事谈判，能够在外交机关和外事部门、涉外企事业单位从事组织、管理、业务和政策调研工作，承担外交方面的口、笔译工作，能在党政机关、企事业单位、高校和科研等部门从事外交、外事、对外宣传等方面工作。,https://gaokao.chsi.com.cn/zyk/zybk/detail/73383223
665465505,30205,政治学、经济学与哲学,本科（普通教育）,1050,法学,105003,政治学类,10500302,2025,本专业培养适应全球化与现代化需要，系统学习中外哲学、政治学与经济学基础理论，掌握用哲学思维来分析政治、经济现象的技能，具备杰出的理论思维能力和语言表达能力；具有高尚的道德品质，严谨的思维方法，扎实的哲学、政治学与经济学专业知识，以及杰出的实际工作能力，品学兼优、德才兼备的复合型人才。,https://gaokao.chsi.com.cn/zyk/zybk/detail/665465505
afzr7xy9kup13nvf,30206,国际组织与全球治理,本科（普通教育）,1050,法学,105003,政治学类,10500302,2025,本专业旨在培养具有良好的政治素质和道德修养，具有扎实的专业理论知识和较强的应用能力，具有全球视野与家国情怀、通晓国际规则、熟悉国际组织运行机制、精通英语、熟练掌握法语，具有出色的跨文化沟通和实践能力，掌握丰富的国际政治、国际法、国际经济专业知识及技能的多语复合型高端国际化人才。,https://gaokao.chsi.com.cn/zyk/zybk/detail/afzr7xy9kup13nvf
73383179,30301,社会学,本科（普通教育）,1050,法学,105003,社会学类,10500303,2025,本专业学生应掌握社会学基本理论和基础知识，具备一定经济学、管理学基础；熟悉社会统计分析方法，熟练运用 STATA、SPSS 等统计软件；具有较高的英语水平；熟练使用计算机；具有组织和实施社会调查、政策研究、项目评估、社会规划和社会治理的能力，能够从事社 会研究、社会管理和公共管理，具备使用社会学理论、社会学的调查研究方法、社会统计学和分析及解决社会问题的能力。,https://gaokao.chsi.com.cn/zyk/zybk/detail/73383179
73383183,30302,社会工作,本科（普通教育）,1050,法学,105003,社会学类,10500303,2025,本专业以社会学、心理学为主干学科，学习社会行政、社会政策、社会福利等宏观理论知识；学习社会工作的主要方法；学习儿童、家庭、学校、企业等领域的社会工作专业知识及具体工作方法；掌握计算机与统计等现代科技手段；强调坚实的理论基础，注重社会实践能力的培养；强调学生的社会责任感，重视人文关怀精神和实际社会服务能力。,https://gaokao.chsi.com.cn/zyk/zybk/detail/73383183
73383191,30303,人类学,本科（普通教育）,1050,法学,105003,社会学类,10500303,2025,人类学是一门以人类体质及文化为研究对象的综合性学科，它与考古学、语言学、政治学、经济学、社会学、宗教学和心理学等其他学科有着密切的联系；人类学既研究传统社会，也研究现代社会，既研究陌生的异文化，也研究熟悉的本文化。本专业强调知识传授的系统性，注重田野调查和社会研究方法的整体训练，培养学生具备人文社会科学的综合素质和实践能力，适应国家和社会的现实需求。,https://gaokao.chsi.com.cn/zyk/zybk/detail/73383191
73383195,30304,女性学,本科（普通教育）,1050,法学,105003,社会学类,10500303,2025,女性学专业旨在培养德智体美全面发展，具有“四自”精神、公益意识、性别平等意识，掌握女性学基本理论、基础知识和基本方法，了解社会学、管理学、政治学等多学科和跨学科知识，了解国内外妇女发展状况以及与妇女有关的法律政策与条约，能够在党政部门、企事业单位和妇女组织中从事相关工作，并具备性别研究能力的复合型人才。,https://gaokao.chsi.com.cn/zyk/zybk/detail/73383195
73383187,30305,家政学,本科（普通教育）,1050,法学,105003,社会学类,10500303,2025,家政学是教育学、心理学、管理学及营养学等多学科交叉的专业，本专业要求学生接受严格的家政学基础训练，广泛了解家政学基本理论和相关学科知识，熟练掌握家政学基本研究方法，掌握家政产业的市场策划、运作和预测技能，能够运用所学知识科学指导家庭生活，同时具备传授家庭生活知识的教育能力，能够胜任社区工作、家庭和城市社区生活指导、科学生活模式的研究及教学，并且能够指导城市社区及家庭建设、管理，胜任政府部门和社区、公司等相关服务与管理工作。,https://gaokao.chsi.com.cn/zyk/zybk/detail/73383187
bwagx3ljccbe9r3g,30306,老年学,本科（普通教育）,1050,法学,105003,社会学类,10500303,2025,老年学是一个致力于增进老龄福祉，具有交叉学科性质的专业，是为适应我国人口老龄化快速发展对养老服务与管理人才的迫切需求而开设的特色专业。老年学研究人类个体和群体老龄化的现象、过程及规律，关注人口老龄化与社会经济发展之间的关系，侧重老龄治理、养老服务、老龄健康、涉老产业、为老维权、老年社会组织、智慧养老应用等领域。该专业立足老龄社会新形态的时代需求，运用多学科的理论与方法提升老龄事业的服务与管理水平。,https://gaokao.chsi.com.cn/zyk/zybk/detail/bwagx3ljccbe9r3g
po2fwln5p5cqet95,30307,社会政策,本科（普通教育）,1050,法学,105003,社会学类,10500303,2025,本专业培养具备良好的思想政治素质、道德素养和学术修养，具有社会责任感、事业心以及全球视野和创新意识，能够系统掌握和熟练运用社会政策及相关学科的基本理论和方法来解决社会问题的高层次专业人才。,https://gaokao.chsi.com.cn/zyk/zybk/detail/po2fwln5p5cqet95
73383759,30401,民族学,本科（普通教育）,1050,法学,105003,民族学类,10500304,2025,本专业培养学生掌握系统扎实的民族学专业知识，熟悉我国民族理论和政策，了解国内外各民族的社会与文化，掌握民族学基本理论和调查方法，具备实地搜集资料、民族田野调查的能力，最终可从事民族文化研究和管理、民俗文化导游、民族事务服务、民族地区经济建设的咨询服务等工作。本专业学生主要学习民族学的基本理论，了解中国民族和族群、中国社会与文化的基本情况；掌握民族学研究的基本方法；受到人类学、社会学及历史学等方面的基本训练。,https://gaokao.chsi.com.cn/zyk/zybk/detail/73383759
164249093,30501,科学社会主义,本科（普通教育）,1050,法学,105003,马克思主义理论类,10500305,2025,本专业致力于为新时代培养一批“理想信念坚定、专业本领过硬、知识技能广博、品德修为高尚、家国情怀浓厚”的马克思主义高端人才、社会主义建设者和接班人。,https://gaokao.chsi.com.cn/zyk/zybk/detail/164249093
73383171,30502,中国共产党历史,本科（普通教育）,1050,法学,105003,马克思主义理论类,10500305,2025,本专业培养具有坚定的马克思主义信仰和中国特色社会主义信念、自觉践行社会主义核心价值观；具有较高的马克思主义理论素养、系统的中国共产党历史知识和合理的知识结构；能运用马克思主义的立场、观点和方法分析与解决实际问题，具备从事党史党建或相关学科研究的基本素养，能在学校、党政群团、企事业单位从事中共党史党建教育教学、理论研究、思想宣传、组织管理等工作的高素质人才。,https://gaokao.chsi.com.cn/zyk/zybk/detail/73383171
73383215,30503,思想政治教育,本科（普通教育）,1050,法学,105003,马克思主义理论类,10500305,2025,本专业要求学生在掌握扎实的马克思主义理论功底的同时，广泛涉猎哲学、法学、政治学、管理学、社会学、心理学、教育学等多学科知识基础；学生要在理解人类文明发展史的基础上掌握马克思主义基本理论；要在对中国现代化历史和现实的学习中深刻理解中国的国情、社情、人情；理解中国特色社会主义的理论与实践；要在对思想政治教育及相关知识技能的学习中掌握思想政治工作的基本能力。,https://gaokao.chsi.com.cn/zyk/zybk/detail/73383215
qu1quiwlzpc0jjm6,30504,马克思主义理论,本科（普通教育）,1050,法学,105003,马克思主义理论类,10500305,2025,旨在培养具有坚定的马克思主义信仰、扎实的马克思主义基础知识、科学的马克思主义思想体系、丰厚的马克思主义理论素养，自觉运用马克思主义立场、观点和方法分析和解决实际问题，具有较强的社会实践能力和一定的学术创新能力，切实做到对马克思主义的真学、真懂、真信、真用；能够胜任与马克思主义理论相关的教育教学、科学研究、思想宣传等工作，能够胜任学校学生管理以及党政群团、企事业单位的实际工作的复合型人才。,https://gaokao.chsi.com.cn/zyk/zybk/detail/qu1quiwlzpc0jjm6
wmatx8ubacu4rbao,30505,工会学,本科（普通教育）,1050,法学,105003,马克思主义理论类,10500305,2025,本专业以“厚基础、宽口径、高素质、强能力、重创新”为基本要求，培养政治素质过硬、劳动情怀深厚、热爱工会工作，系统掌握马克思主义理论学科基本知识、中国特色社会主义工会学基本理论和工会工作方法，具备工会工作基本能力和素养，能够解决工会实际问题，适应工会事业和工会工作高质量发展、创新发展、国际化发展需要的高素质应用型、复合型、专业化人才。,https://gaokao.chsi.com.cn/zyk/zybk/detail/wmatx8ubacu4rbao
73383227,30601,治安学,本科（普通教育）,1050,法学,105003,公安学类,10500306,2025,治安学是综合运用行政管理学、法学、社会学、侦查学、犯罪学、信息学等相关学科的理论与技术，研究社会治安现象及其演变规律，探讨治安管理、防控对策与公共安全危机管理的公安应用性学科。学生要熟悉掌握治安学专业的基础知识、基本理论与基本技能，具有较高的查处治安案件、侦办治安部门管辖刑事案件与管控公共安全危机事务的技能与水平，能够适应现代社会治安形势所需的、“打、防”知识兼备的治安管理工作。,https://gaokao.chsi.com.cn/zyk/zybk/detail/73383227
73383231,30602,侦查学,本科（普通教育）,1050,法学,105003,公安学类,10500306,2025,本专业要求学生具备坚定正确的政治方向、严格的组织纪律观念和良好的职业道德，系统掌握侦查学的基本理论、基本知识和基本技能，具有较强的实践能力和创新能力；毕业生除公共课知识外，需掌握法学、侦查学的基本理论、基础能力，熟悉侦查方法和技术，掌握侦查学理论研究的基本方法，具备一定的科研和实际工作能力，能够在公安、检察、国家安全、军队保卫、海关、工商、税务、金融机构、监察、审计、高校及科研机构等部门从事侦查、稽查、刑事执法、专业教学、科研等工作。,https://gaokao.chsi.com.cn/zyk/zybk/detail/73383231
73383235,30603,边防管理,本科（普通教育）,1050,法学,105003,公安学类,10500306,2025,本专业要求学生熟练掌握边防管理学的基本理论与方法，具备从事国（边）境出入管理、缉私、缉毒案件侦查等工作的基本技能； 熟悉边防管理工作的各项法律、法规； 了解边防管理的理论动态、边防工作的实际情况以及其他国家的边防管理的情况； 熟练掌握各项警务技能（边防战术、勤务、擒拿格斗、射击、驾驶技能）； 具有良好的身体素质； 具有较强的思维能力、决策能力、解决问题的能力； 具有较强语言表达能力、写作能力、外事交往能力； 具有严格的组织纪律性、强烈的国家荣誉感、高尚的道德品质；有较强的计算机应用能力，能在相关部门从事边防管理、刑事执法及社会服务等实务工作和理论研究。,https://gaokao.chsi.com.cn/zyk/zybk/detail/73383235
73383243,30604,禁毒学,本科（普通教育）,1050,法学,105003,公安学类,10500306,2025,本专业要求学生具备良好的政治素质和人文素质，全面系统地掌握禁毒学基础理论和基本知识，了解禁毒工作的发展现状，掌握禁毒工作基本技能，熟悉相关法律、法规，能够适应公安机关、检察院、法院、司法机关、海关及政府各级禁毒部门开展禁毒工作需要，能在相关部门从事毒品预防、戒毒、禁毒及社会服务等实务工作和理论研究等工作。,https://gaokao.chsi.com.cn/zyk/zybk/detail/73383243
73383247,30605,警犬技术,本科（普通教育）,1050,法学,105003,公安学类,10500306,2025,警犬技术是一门为侦查破案和安全防范服务的综合性应用科学，是刑事侦查和治安防范科学的组成部分，在公安、司法、国家安全等部门广泛应用。警犬技术专业主要培养公安业务基础扎实，精通警犬技术，有教学、科研和实践能力的警犬技术应用型人才。,https://gaokao.chsi.com.cn/zyk/zybk/detail/73383247
73383251,30606,经济犯罪侦查,本科（普通教育）,1050,法学,105003,公安学类,10500306,2025,本专业学生通过系统学习刑事法学、经济法学、案件侦查、犯罪防范、财税金融、物证技术、司法会计等专业基本理论和基础知识，掌握涉及经济犯罪的法律法规，熟悉经济犯罪侦查和防范的基本理论、方法和技能，熟练运用经济侦查策略方法和物证分析技术，培养既有丰富的经济学知识，又有从事经济犯罪侦查防控工作的基本素质和实践能力的综合性应用型专门人才。,https://gaokao.chsi.com.cn/zyk/zybk/detail/73383251
73383255,30607,边防指挥,本科（普通教育）,1050,法学,105003,公安学类,10500306,,,https://gaokao.chsi.com.cn/zyk/zybk/detail/73383255
73383259,30608,消防指挥,本科（普通教育）,1050,法学,105003,公安学类,10500306,2025,本专业培养系统掌握危机管理、火场供水、灾害事故应急处置技术、灭火战术、灭火救援指挥理论、应急管理基础等相关理论与知识，具备消防队伍执勤训练与管理、各类火灾灭火救援预案制定、现场战斗组织与力量部署、指挥决策与危机应对等能力，能够从事灭火救援、应急决策、队伍管理、装备保障、安全教育和科学研究的高素质应用型复合型专业技术人才。,https://gaokao.chsi.com.cn/zyk/zybk/detail/73383259
73383263,30609,警卫学,本科（普通教育）,1050,法学,105003,公安学类,10500306,2025,本专业培养能够在相关安全保卫机构及安全服务相关岗位从事要人保卫、重大活动安全保障、安全基础工作、防爆安全检查等工作的高素质应用型复合型警务人才。,https://gaokao.chsi.com.cn/zyk/zybk/detail/73383263
73383267,30610,公安情报学,本科（普通教育）,1050,法学,105003,公安学类,10500306,2025,本专业要求学生具备良好的政治素质、科学文化素质和警察职业素质，掌握较扎实的公安学和公安情报学基础理论、基本知识和基本技能，具有从事公安情报信息获取、加工、管理以及分析研判工作需要的实践应用能力和初步研究能力，能在公安部门从事情报搜集、整理、分析、综合研判及应用工作和在国家安全、边防检查等部门从事相关工作以及在相关领域从事教学、科研工作。,https://gaokao.chsi.com.cn/zyk/zybk/detail/73383267
73383271,30611,犯罪学,本科（普通教育）,1050,法学,105003,公安学类,10500306,2025,本专业要求学生具有良好职业素养、科学素质和人文素养，熟悉党和国家的路线、方针、政策，掌握本专业基础理论、基本知识与基本技能，具备开展违法犯罪矫治矫正、群众工作及犯罪预防、公安民警心理健康工作的职业核心能力和创新精神，能够在公安派出所从事社区矫正、犯罪预防、纠纷调解等工作，在公安监管场所从事违法犯罪人员的矫治矫正工作，在公安政工部门从事民警心理健康工作，以及在其他政法机关从事相关工作。,https://gaokao.chsi.com.cn/zyk/zybk/detail/73383271
73383275,30612,公安管理学,本科（普通教育）,1050,法学,105003,公安学类,10500306,2025,本专业培养适应全面建成小康社会需要，掌握马克思主义基本原理，政治坚定，具有良好职业素养、科学素养和人文素养，熟悉党和国家的路线、方针、政策，掌握本专业基础理论、基本知识与基本技能，具备开展公安机关综合管理工作、政治工作和警务保障等工作的职业核心能力和创新精神，能够在公安机关各部门从事综合管理、公安政治工作、公安文秘和警务保障或在其他政法机关从事相关工作的应用型高级专门人才。,https://gaokao.chsi.com.cn/zyk/zybk/detail/73383275
73383279,30613,涉外警务,本科（普通教育）,1050,法学,105003,公安学类,10500306,2025,本专业要求学生掌握马克思主义基本原理，政治坚定，具有良好职业素养、科学素养和人文素养，熟悉党和国家的路线、方针、政策，掌握本专业基础理论、基本知识与基本技能，具备开展涉外警务工作的专业核心能力和创新精神，能够在各级公安机关从事涉外警务工作以及在其他政法机关从事相关工作。,https://gaokao.chsi.com.cn/zyk/zybk/detail/73383279
213783546,30614,国内安全保卫,本科（普通教育）,1050,法学,105003,公安学类,10500306,2025,本专业培养掌握马克思主义基本原理，具有良好的科学素质与人文素养、警察基本素质和技术技能，具备扎实的国内安全保卫方面的基础理论、基本知识和基本技能，能在公安机关等政法机关从事国内安全保卫工作及相关业务工作的应用型高级专门人才。,https://gaokao.chsi.com.cn/zyk/zybk/detail/213783546
213768887,30615,警务指挥与战术,本科（普通教育）,1050,法学,105003,公安学类,10500306,2025,本专业要求学生熟悉和掌握公安各主要业务工作及法律知识，全面系统掌握警务指挥与战术的基本理论与应用技术，具备较高的战术素养和作战技能；较全面系统地掌握反恐、处突、防暴的基本理论与应用技战术，具备较高的执法作战技能，能够在公安一线从事防暴处突，在各级公安部门从事执法行动指挥及警务指挥，或在公安机关从事警务实战训练工作。,https://gaokao.chsi.com.cn/zyk/zybk/detail/213768887
9w7kjj5hdxm3g3ns,30616,技术侦查学,本科（普通教育）,1050,法学,105003,公安学类,10500306,,,https://gaokao.chsi.com.cn/zyk/zybk/detail/9w7kjj5hdxm3g3ns
0xtp4lq1ux91vtwv,30617,海警执法,本科（普通教育）,1050,法学,105003,公安学类,10500306,,,https://gaokao.chsi.com.cn/zyk/zybk/detail/0xtp4lq1ux91vtwv
x8y810a9i4t4nj1j,30618,公安政治工作,本科（普通教育）,1050,法学,105003,公安学类,10500306,2025,本专业培养对党忠诚、服务人民、执法公正、纪律严明，具有较强的社会责任感、法治意识、科学素养、创新精神和公安实战能力，熟悉党和国家的路线、方针、政策，能够按照公安工作专业化、职业化、实战化要求，掌握本专业基本理论、基本知识、基本技能，具备开展公安思想政治工作、公安队伍组织管理、公安人力资源开发与测评、公安宣传与舆论引导、警察公共关系、公安监督、公安党建等职业核心能力，同时具备从事公安基层业务工作所需要基本知识和能力、创新意识突出的应用型高级专门人才。,https://gaokao.chsi.com.cn/zyk/zybk/detail/x8y810a9i4t4nj1j
vggrost1x57eq9p6,30619,移民管理,本科（普通教育）,1050,法学,105003,公安学类,10500306,2025,本专业培养具备跨文化沟通能力与安全治理协作意识，具备涉外法律素养，系统掌握移民活动原理、移民法律政策、移民事务管理等相关理论与知识，具备服务经济建设和社会发展，维护移民管理秩序、防范和打击移民管理领域违法犯罪活动的能力的高素质应用型复合型警务人才。,https://gaokao.chsi.com.cn/zyk/zybk/detail/vggrost1x57eq9p6
2u21i03gri80g5xb,30620,出入境管理,本科（普通教育）,1050,法学,105003,公安学类,10500306,2025,本专业培养系统掌握出入境管理法律政策、出入境事务管理、出入境管理信息技术等专业理论知识，具备运用法治思维和专业知识解决实际问题的能力的高素质应用型复合型警务人才。,https://gaokao.chsi.com.cn/zyk/zybk/detail/2u21i03gri80g5xb
jf6i5hcyniy3dor3,30621,反恐警务,本科（普通教育）,1050,法学,105003,公安学类,10500306,2025,本专业培养对党忠诚、服务人民、执法公正、纪律严明，具有较强社会责任感、法治意识、创新精神和公安实战能力，能够适应公安工作专业化、职业化、实战化要求，熟悉相关政策法律和行业规范，系统掌握反恐警务基本理论、基本知识、基本技能，具有从事反恐警务及相关专业实际工作的专业核心能力和初步的研究创新能力，能够从事公安机关及相关部门工作的应用创新型专门人才。,https://gaokao.chsi.com.cn/zyk/zybk/detail/jf6i5hcyniy3dor3
n0um0y713mkmqd8i,30622,消防政治工作,本科（普通教育）,1050,法学,105003,公安学类,10500306,2025,本专业培养基础理论扎实，专业知识深厚，具备政治教育、组织建设、文化建设、正规化管理、心理疏导等专业素质和核心能力，具备开展消防政治工作的专业素质和德智体美劳全面发展的综合素质的复合应用型政工人才。,https://gaokao.chsi.com.cn/zyk/zybk/detail/n0um0y713mkmqd8i
48d4vhu26n0l4mtm,30623,铁路警务,本科（普通教育）,1050,法学,105003,公安学类,10500306,2025,本专业培养“对党忠诚、服务人民、执法公正、纪律严明”，具有较强的社会责任感、法治意识、科学素养、创新精神和公安实战能力，熟悉公安工作相关政策和法律规范，系统掌握铁路警务基础理论、基本知识、基本技能，具备从事铁路站车线安全防范、治安秩序维护、违法犯罪打击等专业核心能力、持续学习能力和一定的研究创新能力，胜任铁路公安执法勤务工作的高素质应用型公安专业人才。,https://gaokao.chsi.com.cn/zyk/zybk/detail/48d4vhu26n0l4mtm
lc4lea28zh7u3ifg,30624,森林消防,本科（普通教育）,1050,法学,105003,公安学类,10500306,,,https://gaokao.chsi.com.cn/zyk/zybk/detail/lc4lea28zh7u3ifg
iwe020u3ribbhwmp,30625,政治安全保卫,本科（普通教育）,1050,法学,105003,公安学类,10500306,,,https://gaokao.chsi.com.cn/zyk/zybk/detail/iwe020u3ribbhwmp
73383287,40101,教育学,本科（普通教育）,1050,教育学,105004,教育学类,10500401,2025,教育学专业旨在培养具有良好的教育理论素养，较强的教学能力及一定的教育管理和教育科研能力的专门人才。本专业致力于培养学生具有较宽的知识面，德、智、体、美全面发展，使学生掌握系统的教育科学理论知识，培养学生的教育实践能力及创新精神，为进修深造奠定扎实的学术基础。学生毕业后适合从事中小学教育教学工作、教育行政机构管理工作、社会教育机构的咨询、管理及教学工作及中小学教育科研工作。,https://gaokao.chsi.com.cn/zyk/zybk/detail/73383287
73383315,40102,科学教育,本科（普通教育）,1050,教育学,105004,教育学类,10500401,2025,本专业是一个化学、物理、生物和地理交叉学科，属于师范类本科。培养具有现代教育思想观念，德、智、体全面发展，掌握自然科学基础知识、基本理论和实验技能，掌握科学教学的基本原理、方法和现代教育技术，具有良好的科学教育素质和职业技能，能胜任《综合理科》或《科学》课程的教学与研究工作，在教育、科研部门、公共事业单位从事教学科学教育研究、科学普及教育和教育管理的高级复合型专业人才。,https://gaokao.chsi.com.cn/zyk/zybk/detail/73383315
73383311,40103,人文教育,本科（普通教育）,1050,教育学,105004,教育学类,10500401,2025,"本专业要求学生掌握历史与社会的基础知识、基本理论和基本技能；具有较宽厚的人文社会科学知识，并了解一定的现代科学技术知识，应用现代化的教学设备教学；具有较强的教学研究能力、社会实践和社会调查的能力；掌握人文科学教育教学规律，具有扎实的教师基本技能，具备完备人文社会科学的教学能力和较强的班级管理能力，能在基础教育学校和中等职业教育学校从事人文学科综合课程及相关分科课程教学工作。
",https://gaokao.chsi.com.cn/zyk/zybk/detail/73383311
73383299,40104,教育技术学,本科（普通教育）,1050,教育学,105004,教育学类,10500401,2025,教育技术学是现代信息技术和教育学的一门交叉学科，本专业学生主要学习教育技术学和计算机科学及相关学科的基本知识，接受教学设计、教育软件设计与开发、教育信息系统建设等方面的基本训练，具备新技术教育应用及教育软件的设计、制作的能力，熟练掌握教学设计和教学平台及资源开发技术，适宜到各教育信息化资源建设和管理单位、各教育软件开发公司的应用型高级专门人才和职业教育领域“一体化”师资。,https://gaokao.chsi.com.cn/zyk/zybk/detail/73383299
73383307,40105,艺术教育,本科（普通教育）,1050,教育学,105004,教育学类,10500401,2025,本专业实现多种艺术的交叉与融合，培养学生具备一定的音乐基本理论素养和系统的专业基本知识，具备一定的音乐、舞蹈、美术(含书法)的实践技能和教学能力，能在中、小学校特别是基层、中等师范学校、幼儿师范学校和艺术馆(所)从事教学研究工作，也能在群众和文化团体从事管理和宣传方面工作。,https://gaokao.chsi.com.cn/zyk/zybk/detail/73383307
73383291,40106,学前教育,本科（普通教育）,1050,教育学,105004,教育学类,10500401,2025,本专业要求学生掌握学前教育的基本理论，形成正确的儿童观和教育观；树立学前教育工作者的专业意识，了解学前教育工作者的基本职责；对学前教育工作拥有热情与兴趣 ；具备基本的钢琴演奏、绘画和手工、舞蹈等艺术教学技能，及运用现代化教育技术手段开展教育、教学的能力； 培养具备全面的学前教育专业知识与技能，较强的教育心理科学素养，能在各种儿童教育机构、教育行政与科研部门、广播电视和图书出版部门，以及各级各类师资培训部门等从事儿童教育、教学科研等工作的高级专门人才。,https://gaokao.chsi.com.cn/zyk/zybk/detail/73383291
73383303,40107,小学教育,本科（普通教育）,1050,教育学,105004,教育学类,10500401,2025,本专业要求学生具有良好的思想品德、社会公德和教师职业道德以及求实创新精神；具有扎实、宽厚的文化科学知识，具有较为扎实、系统的学科专业的基本理论、基础知识和基本技能，具有较为系统的小学教育理论知识，能承担活动课教学，具有基本的教育教学能力、教育管理能力和教育科研能力，能从事小学教育、教学、研究和管理工作。,https://gaokao.chsi.com.cn/zyk/zybk/detail/73383303
73383295,40108,特殊教育,本科（普通教育）,1050,教育学,105004,教育学类,10500401,2025,本专业主要学习教育学、特殊教育学、心理学的基本理论和基本知识；接受特殊教育、教学和特殊教育研究的基本训练，获得特殊教育教学、特殊需要教育康复的相关知识和能力；具有良好的人文素养和教师职业素养；初步具备从事特殊教育教学、管理、科研和社会工作能力。具有合理的知识结构、较强的创新意识、创新能力。,https://gaokao.chsi.com.cn/zyk/zybk/detail/73383295
164249137,40109,华文教育,本科（普通教育）,1050,教育学,105004,教育学类,10500401,2025,本专业旨在为海外培养系统地掌握教育学和中国语言文学方面的基本知识和专业技能，具有较强的汉语应用能力，熟悉中国文化，能从事华文教学与研究、学校教学管理、汉语应用等方面工作的本土化、复合型、应用型人才。,https://gaokao.chsi.com.cn/zyk/zybk/detail/164249137
437286867,40110,教育康复学,本科（普通教育）,1050,教育学,105004,教育学类,10500401,2025,本专业在“医教结合、综合康复”理念指导下，整合教育与康复的手段和方法，旨在培养富有爱心、素质优良、具备较为扎实的特殊教育、学科教育教学、康复训练的复合型知识技能，从事言语障碍、听觉障碍、认知障碍、心理障碍、运动障碍等的评定、康复、教育、咨询及康复辅具研发的集教育和康复两种技能于一身的双师型专业工作者。,https://gaokao.chsi.com.cn/zyk/zybk/detail/437286867
5capftyxijxyhejf,40111,卫生教育,本科（普通教育）,1050,教育学,105004,教育学类,10500401,2025,本专业培养具有教育学、心理学、儿童保健和公共卫生的基本知识和基本技能，能够在中小学校、托幼机构及医疗卫生机构等相关单位中开展卫生教育与管理、健康教育与健康促进、疾病预防与控制及心理辅导等工作，具有爱国守法爱岗敬业、关爱学生、教书育人、为人师表、终身学习职业道德的复合应用型学校卫生教育专门人才。,https://gaokao.chsi.com.cn/zyk/zybk/detail/5capftyxijxyhejf
xajlegr3v4jh768x,40112,认知科学与技术,本科（普通教育）,1050,教育学,105004,教育学类,10500401,2025,本专业培养具有人文精神、科学精神与民族团结精神，具有认知科学的基础理论、专业知识与技能，能够服务地方经济社会发展，符合脑与认知科学发展的需求，能在教育、科研、社会管理等机构从事认知能力开发、逻辑思维训练、心理评测、脑与认知训练、人工智能与人机交互等相关领域的高素质应用型人才。,https://gaokao.chsi.com.cn/zyk/zybk/detail/xajlegr3v4jh768x
n5anrzgqpc3qjlkw,40113,融合教育,本科（普通教育）,1050,教育学,105004,教育学类,10500401,2025,本专业的开设为适应我国特殊儿童事业发展需要，致力于推进融合教育，办好特殊教育，使特殊需要儿童获得公平而有质量的教育。旨在培养具有先进的融合教育理念、高尚的师德，具备扎实的融合教育理论基础、较强的实践能力和创新精神，能在幼儿园、小学等各类教育机构中，从事融合教育教学实践、科研、管理等工作的德智体美劳全面发展的高素质、应用型、专业化的教师。,https://gaokao.chsi.com.cn/zyk/zybk/detail/n5anrzgqpc3qjlkw
1o8ybtt67lekjdka,40114,劳动教育,本科（普通教育）,1050,教育学,105004,教育学类,10500401,2025,本专业培养熟悉掌握中小学劳动教育课程标准，践行教育家精神和工匠精神，具备专业的劳动教育教学能力，能够进行劳动课程开发和教学，能够进行劳动实践活动的组织实施，能够在中小学校、教育管理部门、教科研机构以及各类教育实践基地从事劳动教育教学、研究与管理工作的高素质劳动教育师资。,https://gaokao.chsi.com.cn/zyk/zybk/detail/1o8ybtt67lekjdka
dn3n438ngu6tmqn4,40115,家庭教育,本科（普通教育）,1050,教育学,105004,教育学类,10500401,2025,本专业旨在培养具有公益意识、创新精神，具有以提升儿童和家庭福祉为本的现代家庭教育理念，尊重与关怀不同类型的家庭，具备扎实的家庭教育基本理论与专业知识，熟悉家庭教育政策法规，能够在各级人民政府、教育行政部门、妇联、家长学校、媒体和社会机构等从事家庭教育管理、指导和服务的高素质应用型人才。,https://gaokao.chsi.com.cn/zyk/zybk/detail/dn3n438ngu6tmqn4
rmr2cux3v7iipeau,40116,孤独症儿童教育,本科（普通教育）,1050,教育学,105004,教育学类,10500401,2025,本专业面向特殊教育学校、普通学校、教育康复机构等，培养德、智、体、美、劳全面发展，适应当代孤独症儿童教育事业发展需要，扎实掌握以孤独症为主的特殊儿童发展和教育理论，具备对孤独症及其他发展性障碍儿童开展教育教学及相关支持服务的专业技能，热爱特殊教育事业的创新性、复合型本科人才。,https://gaokao.chsi.com.cn/zyk/zybk/detail/rmr2cux3v7iipeau
uaambdlijbr4qzi2,40117,人工智能教育,本科（普通教育）,1050,教育学,105004,教育学类,10500401,2025,本专业旨在培养具备扎实的人工智能理论知识、实践能力以及教育教学技能的复合型人才。毕业生应能够适应未来教育技术发展的需求，掌握人工智能领域的前沿技术，具备在中小学开展人工智能教育的能力，能够进行课程设计、教学实施及教育技术研究。,https://gaokao.chsi.com.cn/zyk/zybk/detail/uaambdlijbr4qzi2
92rn71vlh2n621hy,40118,婴幼儿发展与健康管理,本科（普通教育）,1050,教育学,105004,教育学类,10500401,2025,本专业培养热爱婴幼儿发展与健康管理事业，具有高尚的职业道德，较高的科学、人文和数字素养，较强的创新精神和专业发展意识，广博精深的婴幼儿发展与健康管理专业知识，突出的婴幼儿回应性照护、游戏活动设计与实施、婴幼儿观察与评估、养育咨询与指导、托育机构筹建与管理等能力，能够在托育综合服务中心、托育机构、幼儿园、家庭托育园等婴幼儿服务相关单位从事婴幼儿保育与教育、研究与管理工作的高素质、应用型复合人才。,https://gaokao.chsi.com.cn/zyk/zybk/detail/92rn71vlh2n621hy
73383331,40201,体育教育,本科（普通教育）,1050,教育学,105004,体育学类,10500402,2025,本专业要求学生掌握较系统的教育心理科学、体育生物科学、体育社会科学和体育技术学科的基础理论，全面掌握体育教育的基本理论、基本技术和基本技能，并在全面发展的基础上有所专长，毕业后能够胜任学校体育教学、课余运动训练、体育部门的管理和科研工作。,https://gaokao.chsi.com.cn/zyk/zybk/detail/73383331
73383335,40202,运动训练,本科（普通教育）,1050,教育学,105004,体育学类,10500402,2025,本专业要求学生掌握运动技术学科、运动人体学科、教育心理学科的基本理论、基本知识；掌握一般运动训练和专项运动训练的分析方法和技术；具有从事专项运动训练与教学、竞赛组织与裁判等工作的基本能力；熟悉我国体育工作运动训练、运动竞赛等方面的方针、政策和法规；了解一般运动训练和专项运动训练的发展动态；能够在专业运动队、各类体育院校、普通高等院校运动队、体育传统项目学校、各级体育俱乐部、业余体育学校等单位从事运动训练、教学、科研和管理等工作。,https://gaokao.chsi.com.cn/zyk/zybk/detail/73383335
73383339,40203,社会体育指导与管理,本科（普通教育）,1050,教育学,105004,体育学类,10500402,2025,本专业要求学生掌握社会体育方面的基础理论和基本知识，掌握指导大众体育、养生健身、休闲娱乐及特殊人群运动、健身的基本技能，毕业后能够胜任社会体育领域中的实际工作和理论研究；能够把握休闲体育活动规律和洞察体育休闲市场变化，在休闲体育活动中，有效地从事推广、指导、经营、和规划工作，有效地进行产品策划、设计与开发，并组织各种休闲类体育活动。,https://gaokao.chsi.com.cn/zyk/zybk/detail/73383339
73383347,40204,武术与民族传统体育,本科（普通教育）,1050,教育学,105004,体育学类,10500402,2025,本专业要求学生掌握武术、传统体育养生、民族民间体育的基本理论与基本知识；掌握本专业的技术技能与功法；具有在本专业领域进行教学、训练、指导与管理的基本能力；熟悉国家所制定的与本专业有关的方针、政策与法规；了解本专业的国内外发展动态；能从事武术、传统体育养生及民族民间体育工作。,https://gaokao.chsi.com.cn/zyk/zybk/detail/73383347
73383343,40205,运动人体科学,本科（普通教育）,1050,教育学,105004,体育学类,10500402,2025,本专业要求学生掌握生物科学、临床医学和体育学的基本理论、基本知识；掌握体育保健与康复的工作方法、运动员身体机能诊断与评价；掌握文献检索的基本方法，具有从事运动人体科学教学、研究和实验操作的基本能力；熟悉党和国家体育事业、科学研究、社会发展方针、政策和法规；了解本专业及相关学科的发展动态和理论前沿；能从事运动人体科学、体育保健康复方面的健身指导、治疗、教学、科研及竞技运动科研攻关、服务等工作。,https://gaokao.chsi.com.cn/zyk/zybk/detail/73383343
73383351,40206,运动康复,本科（普通教育）,1050,教育学,105004,体育学类,10500402,2025,本专业培养掌握基础医学、预防医学、临床医学、人体运动科学基础理论、基本知识的基础上，系统掌握现代康复医学和健康科学的基本理论、基本技能、基本方法，具有较强实践能力和创新精神，能在各类康复医疗机构和健康机构从事康复治疗及健康服务与管理的高级康复治疗师。要求学生熟悉国家体育卫生的工作方针、政策及有关法规，掌握运动康复与健康专业的基础理论、基本知识、基本技能，了解中外运动康复与健康方面的学术动态和发展趋势；具备独立思考、合作精神和从事康复治疗工作的实际能力。,https://gaokao.chsi.com.cn/zyk/zybk/detail/73383351
73383355,40207,休闲体育,本科（普通教育）,1050,教育学,105004,体育学类,10500402,2025,本专业要求学生掌握休闲体育相关学科的基本理论、基本知识；掌握指导休闲体育、大众健身、体育旅游、体育赛事相关的运动技术和技能；具有从事休闲体育活动的组织管理、咨询指导、经营开发及教学等方面的基本能力；了解国内外在休闲体育的前沿状况和发展动态；掌握指导与服务、开发与管理、策划与设计的基本能力；能从事休闲体育健身俱乐部工作、休闲体育指导与服务、体育旅游项目开发与管理、休闲体育产品策划与设计等工作。,https://gaokao.chsi.com.cn/zyk/zybk/detail/73383355
u1uwqliew8nnhg8q,40208,体能训练,本科（普通教育）,1050,教育学,105004,体育学类,10500402,2025,体能训练是以运动科学为基础，旨在通过科学运动提高人体健康水平和挖掘人体运动潜力的一门应用型学科。本专业旨在培养掌握系统的运动科学知识与体能训练基础理论、具备制定科学体能训练计划、能够在各级运动队、体育科研机构、运动健康机构、各类学校从事体能训练指导的应用型体育人才。,https://gaokao.chsi.com.cn/zyk/zybk/detail/u1uwqliew8nnhg8q
5m6923iuhuubjfpy,40209,冰雪运动,本科（普通教育）,1050,教育学,105004,体育学类,10500402,2025,本专业培养具有较高人文素养、科学素养和专业素质，掌握丰富的冰雪运动基础理论知识和冰雪体育俱乐部经营、管理、竞赛、培训组织等方面的知识，掌握较高的冰雪运动技能，能在中小学校、冰雪体育俱乐部、体育行政部门从事冰雪运动技术教学、训练、竞赛组织、运动防护、科学管理、组织培训等方面工作的冰雪应用型专门人才。,https://gaokao.chsi.com.cn/zyk/zybk/detail/5m6923iuhuubjfpy
dexczvls1yyktq1z,40210,电子竞技运动与管理,本科（普通教育）,1050,教育学,105004,体育学类,10500402,2025,本专业面向区域经济和电子竞技、数字体育产业发展需要，培养系统地掌握数字体育、电子竞技运动与管理所必须的基本理论、知识、技能与方法，充分了解数字体育基本规律、体育与管理科学的基本理论，熟悉计算机科学、数据分析等信息技术，具备一定的政治素质、人文背景、实际问题解决能力和创新创业意识，能够承担数字体育研发、教学训练、数字体育赛事组织运营、数字体育产业分析、数字体育解说传播、数字体育运动队运营与管理等工作的高素质应用型人才。,https://gaokao.chsi.com.cn/zyk/zybk/detail/dexczvls1yyktq1z
4fd8hx7si7z3s9fo,40211,智能体育工程,本科（普通教育）,1050,教育学,105004,体育学类,10500402,2025,本专业培养符合新时代体育事业发展需要的创新型体育科技人才。在人才培养工作中，注重学科交叉和创新实践，培养掌握体育学、计算机科学、信息科学相关基础理论知识，具备信息处理与控制相关应用能力和较强实践工作能力，能在智能体育、体育大数据、互联网、计算机技术及其他电子技术等方面从事教学、科研和管理的高水平复合型体育科技人才。,https://gaokao.chsi.com.cn/zyk/zybk/detail/4fd8hx7si7z3s9fo
aig0lwab85otna9n,40212,体育旅游,本科（普通教育）,1050,教育学,105004,体育学类,10500402,2025,本专业培养掌握体育旅游管理和技术指导的基本理论与方法，具备体育旅游工作所需的经营管理、营销策划、服务咨询和休闲运动项目技术指导等综合实践能力，精策划、善经营、懂指导、能导游，适宜在政府旅游管理部门、体育旅游企业、体育赛事组织与经纪公司、体育休闲度假中心、旅游景区与公园、户外俱乐部等企事业单位从事经营管理、策划咨询、市场开发和教育培训等工作的高素质应用复合型人才。,https://gaokao.chsi.com.cn/zyk/zybk/detail/aig0lwab85otna9n
6s2neui1nb0ilaa0,40213,运动能力开发,本科（普通教育）,1050,教育学,105004,体育学类,10500402,2025,本专业致力于培养深入了解运动科学知识，能测量和监控不同人群运动过程中的表现，并为参与体育运动人群提供运动能力提升建议；能向各类人群传播运动科学知识、制定运动处方并指导训练实践；同时擅长通过数理统计分析运动员比赛和训练中的运动表现并提供改善方案；能胜任大众健身和体育健康机构运动训练指导、体育科研机构学术研究和实践探索、各类职业和社会体育运动团体数据分析及运动表现提升工作的高水平复合型人才。,https://gaokao.chsi.com.cn/zyk/zybk/detail/6s2neui1nb0ilaa0
jhhw6vo5tp0yby59,40214,足球运动,本科（普通教育）,1050,教育学,105004,体育学类,10500402,2025,本专业服务体育强国战略，适应足球行业发展对高水平专门人才的需求，培养掌握扎实的现代足球运动理论与方法，熟悉足球相关领域多学科交叉融合的基本知识，突出足球专项实践能力和行业的组织与协调能力，具有国际视野、创新精神，能够在学校、专业运动队、体育俱乐部和社会（体育培训）机构中从事足球教学与训练指导、足球运动竞赛组织与管理、足球文化推广、足球产业开发等工作的实践能力强、综合素质高、发展潜力大的复合应用型人才。,https://gaokao.chsi.com.cn/zyk/zybk/detail/jhhw6vo5tp0yby59
wbvrdttkg0qj01v7,40215,马术运动与管理,本科（普通教育）,1050,教育学,105004,体育学类,10500402,2025,本专业按照我国马术产业发展的要求，培养掌握体育学、管理学的基本理论知识，具备马业科学管理、休闲骑乘指导、马匹调教、赛马赛事组织与管理、马房管理等实践能力，能胜任马术骑乘指导与服务、马匹调教、马术赛事活动组织与策划、马术俱乐部运营与管理等工作的应用型高级专门人才。,https://gaokao.chsi.com.cn/zyk/zybk/detail/wbvrdttkg0qj01v7
nz7ugw6lkokuzfc2,40216,体育康养,本科（普通教育）,1050,教育学,105004,体育学类,10500402,2025,体育康养专业以全生命周期特别是老年人群为服务对象，以“体医融合”理念设置相关专业课程，以体育学和医学为主干学科，课程内容注重强化体育与健康管理、预防干预、养生保健、健康养老等方面的交叉融合，培养具备健康风险因素的运动干预服务与管理技能，能从事运动养生、康体休闲、康复疗养、运动健身、运动营养、健康管理等领域的教育、技术指导与咨询类相关工作，并具有创新精神、实践能力、健全人格和善于沟通的应用型人才。,https://gaokao.chsi.com.cn/zyk/zybk/detail/nz7ugw6lkokuzfc2
5d47bynqefxhr164,40217,航空运动,本科（普通教育）,1050,教育学,105004,体育学类,10500402,2025,本专业立足于我国经济社会发展和航空体育产业发展的需要，培养系统的掌握滑翔伞、动力伞、无人机、航模运动基础理论、基本知识、飞行技能、教学指导技能、航空运动赛事组织与裁判、航空飞行营地的运营及管理、航空飞行活动的组织与策划等相关知识技能，能在航空运动及相关产业领域从事教学与指导、航空旅游活动推广组织与策划、航空飞行营地运营与管理、旅游飞行体验、航空运动赛事组织与管理工作，具有“善飞行、能指导，懂经营、会策划”高素质能力的航空运动应用型人才。,https://gaokao.chsi.com.cn/zyk/zybk/detail/5d47bynqefxhr164
elcz4myciidyd3k4,40218,太极拳,本科（普通教育）,1050,教育学,105004,体育学类,10500402,,,https://gaokao.chsi.com.cn/zyk/zybk/detail/elcz4myciidyd3k4
73383455,50101,汉语言文学,本科（普通教育）,1050,文学,105005,中国语言文学类,10500501,2025,本专业培养能够从事语言文学教学与研究工作或与专业相关的工作的专门人才。通过本专业的学习，使学生具有坚实宽厚的文史哲基础知识和理论，较高的文学修养、鉴赏和评论能力，较强的写作能力、古籍阅读能力、外语能力和一定的科研能力。,https://gaokao.chsi.com.cn/zyk/zybk/detail/73383455
73383459,50102,汉语言,本科（普通教育）,1050,文学,105005,中国语言文学类,10500501,2025,本专业培养能够从事语言文字教学与研究工作或与此专业相关工作的专门人才。通过本专业的学习，使学生具有坚实宽厚的文史哲基础知识和理论，扎实的语言学理论基础和汉语及汉语史知识，一定的语言分析能力，较强的写作能力，古籍阅读能力和外语能力。,https://gaokao.chsi.com.cn/zyk/zybk/detail/73383459
73383463,50103,汉语国际教育,本科（普通教育）,1050,文学,105005,中国语言文学类,10500501,2025,本专业要求学生熟练掌握汉语言文学的基本理论和知识，具备良好的汉语言文字学和文学修养；具备良好的普通语言学基本知识和基本理论，掌握第二语言习得理论和非母语汉语教学基本理论，受到教育学、心理学和教学法的指导和训练；具备坚实的文史基础以及较宽广的文化视野，对中国和世界文化、历史、艺术及相关的社会科学、人文科学与自然科学有一定的了解；熟悉教育法规、现代教育理念，掌握现代信息技术，有较强的计算机操作能力和运用现代教育技术辅助教学的能力；英文基础扎实，有良好的听、说、读、写以及翻译能力；有较高的普通话水平，较强的沟通能力，良好的口语和书面语表达能力以及应变开拓能力，能在国内外相关学校或企事业单位从事汉语教学、跨文化传播及相关工作的专业人才。,https://gaokao.chsi.com.cn/zyk/zybk/detail/73383463
73383467,50104,中国少数民族语言文学,本科（普通教育）,1050,文学,105005,中国语言文学类,10500501,2025,本专业要求学生掌握本专业的基本知识以及与专业有关的新闻、历史、哲学、艺术、计算语言学、心理学、教育学、行政管理学、文书学、逻辑学、民族学等相关学科的知识； 具有较强的语言、文学修养和鉴赏能力，能阅读古典文献； 了解我国关于民族语言文字和文学艺术的方针、政策及法规； 了解本学科的前沿成就和发展前景； 掌握有关民族文献资料的查询方法，有较强的写作能力和一定的实际工作能力以及初步的科研能力；在少数民族教育文化部门及相关单位从事有关少数民族语、文字、文学、文献的教学、研究、编辑、翻译、新闻、文学创作等方面的工作。,https://gaokao.chsi.com.cn/zyk/zybk/detail/73383467
73383471,50105,古典文献学,本科（普通教育）,1050,文学,105005,中国语言文学类,10500501,2025,古典文献学是关于中国古代文献研究和整理的一门学问，其研究内容包括古文献的形体（含古文献的载体、体裁和体例）、古文献整理的方法、古典文献学的历史、古典文献学的理论等。古典文献学专业的学生除了需要学习目录学、版本学、校勘学等知识，还需要同时学习古代汉语、古代文学、中国文化史等方面的知识，以便于今后进一步深造及从事相关专业工作。根据培养要求，本专业毕业生应该具有文、史、哲的基本知识，阅读古籍的基本能力，从事古籍整理研究以及用书面形式表达研究成果的基本能力。,https://gaokao.chsi.com.cn/zyk/zybk/detail/73383471
164246985,50106,应用语言学,本科（普通教育）,1050,文学,105005,中国语言文学类,10500501,2025,本专业培养语言文字应用、管理和研究方面的高级复合型、应用型人才。学生通过本专业的学习，应具备系统的汉语言文化和语言应用等方面的基础知识，掌握基本的语言学理论和方法，具备初步的语言研究能力，同时具备熟练地驾驭语言文字并运用现代办公和传媒工具进行语言文字处理和排版编辑的能力。,https://gaokao.chsi.com.cn/zyk/zybk/detail/164246985
73383435,50107,秘书学,本科（普通教育）,1050,文学,105005,中国语言文学类,10500501,2025,本专业学生应具有广博的基础知识和精深的专业知识，系统掌握秘书学、文书学、逻辑学、应用写作、档案管理、形象礼仪、现代办公、企业和行政管理等方面的基本知识；熟悉现代办公流程，全面掌握打印机、复印机、多功能一体机、扫描仪和传真机等办公设备的操作及维护；具有良好的职业精神、深厚的语言文化素养和较强的企业与行政管理能力；具备适合秘书要求的听、说、写、做的能力，能够胜任行政机关、企事业单位、社会团体等部门从事文秘工作的应用型文秘人才。,https://gaokao.chsi.com.cn/zyk/zybk/detail/73383435
qxw4vl6wq58fajid,50108,中国语言与文化,本科（普通教育）,1050,文学,105005,中国语言文学类,10500501,2025,中国语言与文化隶属于中国语言文学类，主要研究中国语言及文化的相关历史与知识，从而为文化传播，历史传承提供底蕴及支持。本专业培养人文素养全面发展、热爱中华民族优秀传统文化，拥有广阔的人文视野和深厚的文化传播意识，系统掌握汉语言文学、中国传统文化、文化产业、新媒体等学科基础知识，具备数智技术应用能力，语言表达能力、文案写作能力以及文化策划能力，能在政府机关、文化产业、传媒机构等从事文案写作、文化策划、宣传、编辑等工作的基础实、能力强、素质高的应用型人才。,https://gaokao.chsi.com.cn/zyk/zybk/detail/qxw4vl6wq58fajid
ps86fizzqd8l0ra9,50109,手语翻译,本科（普通教育）,1050,文学,105005,中国语言文学类,10500501,2025,本专业培养具有博爱精神和人文情怀，扎实的手语、汉语基础，广博的多元文化知识和较强的手语汉语互译能力和多元文化交际与沟通能力，且具有较强的社会责任感和职业道德的高素质应用型手语翻译工作者。,https://gaokao.chsi.com.cn/zyk/zybk/detail/ps86fizzqd8l0ra9
qwlfp9zn3irn0ndh,50110,数字人文,本科（普通教育）,1050,文学,105005,中国语言文学类,10500501,2025,本专业主要培养了解人文领域、掌握数字记忆理念、数字人文理论、人文数据构建与可视化、数字人文应用技术等方面知识、技能和方法，能够服务国家和社会重大战略需求的高级数字人文人才。,https://gaokao.chsi.com.cn/zyk/zybk/detail/qwlfp9zn3irn0ndh
8dhbah394ny5cg4d,50111,中国古典学,本科（普通教育）,1050,文学,105005,中国语言文学类,10500501,2025,本专业以中国古代经典研究为核心，旨在培养能继承并精通中国古代语言文字和古代经典，掌握中国传统学术路径，熟悉中国古典知识体系，具备世界人文学术视野，善于从大人文的视角从事古代中国研究的学生。学生经过专业学习，能充分理解中华优秀传统文化内涵，并具备对中华优秀传统文化创造性转化和创新性发展的能力。,https://gaokao.chsi.com.cn/zyk/zybk/detail/8dhbah394ny5cg4d
1fcapazqqfqc76te,50112,汉学与中国学,本科（普通教育）,1050,文学,105005,中国语言文学类,10500501,2025,本专业培养有志于学习和研究历史中国和当代中国的高级专业人才，包括汉学家、中国研究专家、国际职场“中国通”。 学生完成学业后，将具有扎实的汉学基础、全面的关于中国历史与文明的认识、深刻的关于中国历史与现实的理解，并形成较高的中外文化交流与文明对话的能力，未来可以在与中国历史与文明相关的公共服务、国际组织、民间社会组织任职，或在高等院校、国际汉学与中国学研究机构从事相关的教学与科研工作。,https://gaokao.chsi.com.cn/zyk/zybk/detail/1fcapazqqfqc76te
zv2671ouo0d1fksx,50113,应用中文,本科（普通教育）,1050,文学,105005,中国语言文学类,10500501,2025,本专业培养有国际化视野和人文情怀，了解中国国情文化，适应数字时代文化创意与教育传播需求，具备汉语基本理论知识及中国文化和社会科学知识，具有较高的中文语言交际能力和跨文化交际能力，熟悉中国经贸、工商、旅游的相关政策，具备运用中文从事相关行业领域工作的基本能力，具有良好的职业道德和人文素养，服务于中外经济、文化、教育等多领域合作交流的应用型、复合型国际化人才。,https://gaokao.chsi.com.cn/zyk/zybk/detail/zv2671ouo0d1fksx
34054ew1bqc0ai8r,50114,语言科学,本科（普通教育）,1050,文学,105005,中国语言文学类,10500501,,,https://gaokao.chsi.com.cn/zyk/zybk/detail/34054ew1bqc0ai8r
eohn5eunooflxc27,50200,桑戈语,本科（普通教育）,1050,文学,105005,外国语言文学类,10500502,,,https://gaokao.chsi.com.cn/zyk/zybk/detail/eohn5eunooflxc27
73383483,50201,英语,本科（普通教育）,1050,文学,105005,外国语言文学类,10500502,2025,本专业旨在培养具有较扎实的英语语言知识基础、较强的英语运用能力和广泛的人文、科技、经贸等专业基础知识，毕业后能从事翻译、教学、商贸、管理、国际文化与科技交流领域工作的高级英语人才。 英语专业学生主要学习英语语言、文学，英美等英语国家历史、政治、经济、外交、社会文化等方面基本理论和基本知识，受到英语听、说、读、写、译等方面的良好的技巧训练，掌握一定的科研方法，具有从事翻译、研究、教学、管理工作的业务水平及较好的素质与能力。,https://gaokao.chsi.com.cn/zyk/zybk/detail/73383483
73383487,50202,俄语,本科（普通教育）,1050,文学,105005,外国语言文学类,10500502,2025,"本专业学生主要学习俄罗斯语言、文学、历史、政治、经济、社会文化等方面的基本知识,受到俄语听、说、读、写、译等方面的语言基本技能训练；要求学生掌握扎实的俄语语言基础知识和语言基本技能，熟练俄语语言运用能力，并能通过教育理论课程和教育实习环节形成良好的教师素养，获得从事俄语教学和俄语教育研究的基本能力，以及胜任各种口笔语交际和翻译工作。",https://gaokao.chsi.com.cn/zyk/zybk/detail/73383487
73383491,50203,德语,本科（普通教育）,1050,文学,105005,外国语言文学类,10500502,2025,本专业培养具有扎实的德语语言基础，对德语国家的文化、历史、文学和政治、经济现状有较全面的了解，具有较好的听、说、读、写、译的技能，了解科技德语的主要特点，掌握科技德语的阅读、写作和翻译技巧，能从事外语教学、国际交流和一般性科研工作的德语高级专门人才。,https://gaokao.chsi.com.cn/zyk/zybk/detail/73383491
73383495,50204,法语,本科（普通教育）,1050,文学,105005,外国语言文学类,10500502,2025,本专业培养学生系统掌握法语的词汇、语法、口笔头理解与表达等基础知识；培养学生全面了解法国的历史、文化，熟悉当代法国在社会、教育、经济、外贸、文化、艺术、科技等方面的现状；要求学生备法语听、说、读、写、译五种实际应用能力、中法跨文化交际工作能力，具备扎实的人文素养和开阔的当代国际视野；能熟练地运用法语，在外事、经贸、文化、新闻出版、教育、科研、旅游等部门从事翻译、研究、教学、咨询、管理等工作。,https://gaokao.chsi.com.cn/zyk/zybk/detail/73383495
73383499,50205,西班牙语,本科（普通教育）,1050,文学,105005,外国语言文学类,10500502,2025,本专业培养具有西班牙语听、说、读、写、译扎实的基本技能和功底，且具有广博的文化知识和良好的文化沟通能力，综合素质较高的高级专业人才。强调语言基本技能和语言交流能力，将西班牙语专业知识与实践相结合，着重培养学生的交流技能和翻译能力。,https://gaokao.chsi.com.cn/zyk/zybk/detail/73383499
73383503,50206,阿拉伯语,本科（普通教育）,1050,文学,105005,外国语言文学类,10500502,2025,本专业培养具有扎实阿拉伯语语言基础、比较广泛的科学文化知识、一定社会、自然科学文化素养及相关专业基础知识，能在外事、经贸、新闻出版、教育、旅游、文化、科研等部门从事翻译、教学、管理和研究工作的复合型阿拉伯语高级人才。要求学生掌握阿拉伯语语言、文学、历史、政治、经济、外交、社会文化等方面的基本理论和知识，接受阿拉伯语听、说、读、写、译等方面的良好训练，具备 较强的阿拉伯语和汉语表达能力和从事中外跨文化交流所需要的专门知识技能，具有从事翻译、教学、管理和科研工作的专业素质和运用能力。,https://gaokao.chsi.com.cn/zyk/zybk/detail/73383503
73383507,50207,日语,本科（普通教育）,1050,文学,105005,外国语言文学类,10500502,2025,本专业学生主要学习相应语语言、文学、历史、政治、经济、外交、社会文化等方面的基本理论和基本知识，受到相应语听、说、读、写、译等方面的良好的熟巧训练，掌握一定的科研方法，具有从事翻译、研究、教学、管理工作的业务水平及较好的素质和较强的能力。,https://gaokao.chsi.com.cn/zyk/zybk/detail/73383507
73383511,50208,波斯语,本科（普通教育）,1050,文学,105005,外国语言文学类,10500502,2025,本专业旨在培养具有良好语言技能及研究能力的高端应用型及研究型人才，培养学生在掌握波斯语的同时，具有研究伊朗社会、政治、历史、宗教、艺术和国际关系的能力，为学生阅读一手文献资料、分析当代伊朗社会话语打下扎实基础。,https://gaokao.chsi.com.cn/zyk/zybk/detail/73383511
73383515,50209,朝鲜语,本科（普通教育）,1050,文学,105005,外国语言文学类,10500502,2025,本专业以培养学生听、说、读、写、译为基本出发点，训练、提高学生的语言运用能力；培养具有全面扎实的韩国语基础知识和运用能力，能在外事、经贸、文化、新闻出版、教育、科研、旅游、管理等部门工作的韩国语专门人才。,https://gaokao.chsi.com.cn/zyk/zybk/detail/73383515
164246997,50210,菲律宾语,本科（普通教育）,1050,文学,105005,外国语言文学类,10500502,2025,本专业旨在培养热爱祖国，具有国际视野、通晓国际规则，掌握对象国语言、文学和文化等相关知识，具备语言运用能力、跨文化能力，能够参与国际事务和国际竞争，能够从事语言服务、外语教育以及涉外工作，并具有一定研究能力的国际化、多元化菲律宾语人才。,https://gaokao.chsi.com.cn/zyk/zybk/detail/164246997
2fcpkudir50by4mh,502100,语言学,本科（普通教育）,1050,文学,105005,外国语言文学类,10500502,2025,本专业培养具有较高的人文素养、科学精神及创新能力的语言科学复合型、国际化人才。学科要求其具备优秀的中英双语能力，具备跨学科研究的基本思想，掌握语言学的基础知识和研究方法，掌握与语言信息处理相关的自然科学基础知识，初步掌握运用信息科技手段研究语言的方法、标准和工具，最终成为适应各种高科技工作岗位的新型语言工作者。,https://gaokao.chsi.com.cn/zyk/zybk/detail/2fcpkudir50by4mh
42cees1r3vw7zdbi,502101,塔玛齐格特语,本科（普通教育）,1050,文学,105005,外国语言文学类,10500502,,,https://gaokao.chsi.com.cn/zyk/zybk/detail/42cees1r3vw7zdbi
eym323v73wv8lv49,502102,爪哇语,本科（普通教育）,1050,文学,105005,外国语言文学类,10500502,,,https://gaokao.chsi.com.cn/zyk/zybk/detail/eym323v73wv8lv49
4hv7d6elu74sh480,502103,旁遮普语,本科（普通教育）,1050,文学,105005,外国语言文学类,10500502,,,https://gaokao.chsi.com.cn/zyk/zybk/detail/4hv7d6elu74sh480
ao604aw7eqjj2s90,502104,区域国别学,本科（普通教育）,1050,文学,105005,外国语言文学类,10500502,2025,本专业旨在培养熟悉对象国及区域的语言和发展状况，掌握区域国别学人才应具备的政治、经济、历史、语言文化等领域的基础理论与研究方法，并对于国际政治经济、区域与全球治理等领域有一定研究基础，具备较高政治思想理论素养、宽广的全球视野和家国情怀的“新文科”复合型专业人才。,https://gaokao.chsi.com.cn/zyk/zybk/detail/ao604aw7eqjj2s90
19amnt1ox1oq7246,502105,法律英语,本科（普通教育）,1050,文学,105005,外国语言文学类,10500502,,,https://gaokao.chsi.com.cn/zyk/zybk/detail/19amnt1ox1oq7246
audadl2idwdkkao7,502106,计算语言学,本科（普通教育）,1050,文学,105005,外国语言文学类,10500502,,,https://gaokao.chsi.com.cn/zyk/zybk/detail/audadl2idwdkkao7
34xtrt2bbf2bky68,502107,语言智能,本科（普通教育）,1050,文学,105005,外国语言文学类,10500502,,,https://gaokao.chsi.com.cn/zyk/zybk/detail/34xtrt2bbf2bky68
164247001,50211,梵语巴利语,本科（普通教育）,1050,文学,105005,外国语言文学类,10500502,2025,本专业以梵语巴利语语言教学为主，以文学艺术、宗教哲学、历史社会等学科文献为研读内容，培养学生扎实的语言能力和良好的学科素养；鼓励学生学习英语、印地语、藏语等相关语言，辅修双学位；带领学生参与印度学、佛教学、科学史等科研项目，培养学生初步的独立学术研究能力和处理行政事务的能力，为教育文化、外交外事、新闻出版、经贸旅游等领域培养多语种、跨学科、跨文化人才。,https://gaokao.chsi.com.cn/zyk/zybk/detail/164247001
73383519,50212,印度尼西亚语,本科（普通教育）,1050,文学,105005,外国语言文学类,10500502,2025,本专业培养学生具有扎实的语言文学理论基础，熟练掌握印度尼西亚语听、说、读、写、译等方面的语言技能，学习印度尼西亚政治、经济、文化各领域的基本知识，毕业后能从事外语翻译、教学研究和对外经贸管理等工作。,https://gaokao.chsi.com.cn/zyk/zybk/detail/73383519
73383523,50213,印地语,本科（普通教育）,1050,文学,105005,外国语言文学类,10500502,2025,本专业旨在培养具有扎实的印地语语言基础和熟练的听、说、读、写、译能力，熟悉我国有关的方针、政策和法规，并对印度社会、经济和文化有广泛了解，且具有良好的印地语交际和汉印互译能力，能从事初步科研工作的人才。,https://gaokao.chsi.com.cn/zyk/zybk/detail/73383523
73383527,50214,柬埔寨语,本科（普通教育）,1050,文学,105005,外国语言文学类,10500502,2025,本专业培养学生具有扎实的语言文学理论基础，又熟练掌握柬埔寨语听、说、读、写、译等方面的语言技能，掌握柬埔寨政治、经济、文化各领域的基本知识，毕业后能从事教学、研究、外事翻译和对外经贸管理工作。,https://gaokao.chsi.com.cn/zyk/zybk/detail/73383527
73383531,50215,老挝语,本科（普通教育）,1050,文学,105005,外国语言文学类,10500502,,,https://gaokao.chsi.com.cn/zyk/zybk/detail/73383531
73383535,50216,缅甸语,本科（普通教育）,1050,文学,105005,外国语言文学类,10500502,2025,本专业学生主要学习缅甸语语言、文学、历史、政治、经济、社会文化等方面的基本理论和基本知识，接受听、说、读、写、译基本技能的训练，有较广的知识面和较强的 独立处事能力，有较高的综合素质，培养能在旅游、外事、外贸、文化、教研、国际广播电台、外文出版社等部门从事翻译、研究、管理工作的缅甸语的高级专门人 才。,https://gaokao.chsi.com.cn/zyk/zybk/detail/73383535
164247005,50217,马来语,本科（普通教育）,1050,文学,105005,外国语言文学类,10500502,2025,绘本专业培养学生具有扎实的语言文学理论基础，熟练掌握马来语听、说、读、写、译等方面的语言技能，学习马来西亚政治、经济、文化各领域的基本知识，毕业后能从事外语翻译、教学研究和对外经贸管理等工作。,https://gaokao.chsi.com.cn/zyk/zybk/detail/164247005
164247009,50218,蒙古语,本科（普通教育）,1050,文学,105005,外国语言文学类,10500502,2025,蒙古语专业以促进跨文化交流与合作、增进中蒙文化理解为导向，致力于为对外交流、贸易合作、文化传播、教学科研等领域培养兼具人文素养与国际视野的专业人才，培养具有扎实的蒙古语基础知识和较强的蒙古语应用能力及英语应用能力，掌握蒙古国社会、文化、经济等国情知识，能在政府、企事业单位从事国际贸易、文秘、旅游、翻译等相关工作的应用性、复合型、外向型人才。,https://gaokao.chsi.com.cn/zyk/zybk/detail/164247009
164247013,50219,僧伽罗语,本科（普通教育）,1050,文学,105005,外国语言文学类,10500502,2025,本专业培养适应社会经济发展需要，具有扎实的僧伽罗语语言基础和比较广泛的科学文化知识，能在外事、经贸、文化、新闻出版、教育、科研、旅游等部门从事翻译、研究、教学、管理工作的高素质、高水平的复语型、复合型僧伽罗语高级专门人才。本专业学生主要学习僧伽罗语言、文学、历史、政治、经济、外交、社会文化等方面的基本理论和基本知识，接受僧伽罗语听、说、读、写、译等方面的系统训练，掌握一定的科研方法，具有从事翻译、研究、教学、管理工作的较好的素质和较强的能力。,https://gaokao.chsi.com.cn/zyk/zybk/detail/164247013
73383539,50220,泰语,本科（普通教育）,1050,文学,105005,外国语言文学类,10500502,2025,本专业旨在培养具有扎实的泰语语言基础和熟练的听、说、读、写、译能力，熟悉我国有关的方针、政策和法规，并对泰国社会、经济和文化有广泛了解，且具有良好的泰语交际和汉泰互译能力，能从事初步科研工作的人才。,https://gaokao.chsi.com.cn/zyk/zybk/detail/73383539
164247017,50221,乌尔都语,本科（普通教育）,1050,文学,105005,外国语言文学类,10500502,2025,本专业培养既有扎实乌尔都语语言基础知识和熟练的听、说、读、写、译等技能，能较深入地了解巴基斯坦的地理、历史和文化概况，同时能掌握较强的英语基础知识与英语交际能力，并掌握一定的科研方法，能够在外事、经贸、文化、新闻出版、教育、科研、旅游等部门从事翻译、研究、教育、管理工作的高级乌尔都语+英语双语人才。,https://gaokao.chsi.com.cn/zyk/zybk/detail/164247017
164247021,50222,希伯来语,本科（普通教育）,1050,文学,105005,外国语言文学类,10500502,,,https://gaokao.chsi.com.cn/zyk/zybk/detail/164247021
73383543,50223,越南语,本科（普通教育）,1050,文学,105005,外国语言文学类,10500502,2025,本专业培养能在外事、教育、科研、旅游、外经贸、文化管理等部门从事翻译、教学、管理工作的应用型人才。要求学生具有扎实的越南语语言基础知识，了解越南国情概况，掌握越南语听、说、读、写、译等专业技能和实际运用能力，同时掌握对外交往、管理及教学方面的相关知识与技能。,https://gaokao.chsi.com.cn/zyk/zybk/detail/73383543
164247025,50224,豪萨语,本科（普通教育）,1050,文学,105005,外国语言文学类,10500502,2025,本专业培养具有国际视野，既具备扎实的语言基础知识和技能，又具有较强的英语交际能力，能在外事、经贸、文化、新闻出版、教育、科研、旅游等部门从事翻译、研究、教学、管理工作的豪萨语专门人才。,https://gaokao.chsi.com.cn/zyk/zybk/detail/164247025
73383547,50225,斯瓦希里语,本科（普通教育）,1050,文学,105005,外国语言文学类,10500502,2025,本专业旨在培养具有国际视野、通晓国际规则、具有较高的人文知识素养，掌握斯瓦希里语语言、文学和文化等相关知识，具有熟练的斯瓦希里语语言运用能力、一定的英语语言运用能力、较强的跨文化能力，能够参与国际事务和国际竞争，能够从事语言服务、外语教育以及涉外工作，并具有一定研究能力的应用型、复合型外语人才。,https://gaokao.chsi.com.cn/zyk/zybk/detail/73383547
164247029,50226,阿尔巴尼亚语,本科（普通教育）,1050,文学,105005,外国语言文学类,10500502,2025,本专业培养有家国情怀、有全球视野、有专业本领，适应社会经济发展需要，具有扎实的阿尔巴尼亚语语言基础及比较广泛的人文社科知识，具备良好的综合素质，较强的综合运用语言进行交际的能力，适应数智时代并熟练运用人工智能等科技手段，能在外交、外事、经贸、文化、新闻、教育、科研、技术、旅游等部门及企业单位从事翻译、研究、教学、管理等工作的复合型、复语型人才。,https://gaokao.chsi.com.cn/zyk/zybk/detail/164247029
164247033,50227,保加利亚语,本科（普通教育）,1050,文学,105005,外国语言文学类,10500502,2025,本专业培养具有较高的综合素质、熟练的保加利亚语语言技能和扎实的保加利亚语言文学专业知识和其他相关专业知识，能够运用保加利亚语和母语从事翻译、外事、外贸、教育、管理、研究等各领域工作，具备较强自主学习能力和跨文化能力的应用型、复合型、外向型保加利亚语专业人才。,https://gaokao.chsi.com.cn/zyk/zybk/detail/164247033
164247037,50228,波兰语,本科（普通教育）,1050,文学,105005,外国语言文学类,10500502,2025,本专业旨在培养德、智、体、美全面发展，具有国际化视野和创新意识、扎实的波兰语基本功、良好的跨文化交际能力和外贸外事活动能力的国际化应用人才，能从事与对象国波兰有关的对外经贸、文化交流、翻译、新闻出版、涉外旅游等方面工作。,https://gaokao.chsi.com.cn/zyk/zybk/detail/164247037
164247041,50229,捷克语,本科（普通教育）,1050,文学,105005,外国语言文学类,10500502,2025,本专业旨在培养系统掌握捷克语言、文学、历史、政治、经济、艺术、社会等相关知识，具有扎实的捷克语听、说、读、写、译基本技能及语言综合运用能力以及较强的创新创业能力，能够适应区域经济文化交流需求，德智体美劳全面发展，具有人文素养、国际视野和跨文化交际能力，能胜任国际经贸、跨境电商、文化交流、旅游管理等工作的高素质应用型人才。,https://gaokao.chsi.com.cn/zyk/zybk/detail/164247041
73383575,50230,斯洛伐克语,本科（普通教育）,1050,文学,105005,外国语言文学类,10500502,,,https://gaokao.chsi.com.cn/zyk/zybk/detail/73383575
73383551,50231,罗马尼亚语,本科（普通教育）,1050,文学,105005,外国语言文学类,10500502,2025,本专业以罗英双语为基础，培养具备深厚人文素养、跨文化沟通能力，罗英专业知识和专业技能精深，通晓国别区域与领域，具有全球视野、专业本领的罗马尼亚语高级专门人才。,https://gaokao.chsi.com.cn/zyk/zybk/detail/73383551
73383555,50232,葡萄牙语,本科（普通教育）,1050,文学,105005,外国语言文学类,10500502,2025,本专业培养具有扎实的葡萄牙语语言基础和较强的语言实际应用能力的专业人才，学生通过四年的学习掌握较系统的葡萄牙语语言、文学和文化基础知识和基本原理， 能熟练使用葡萄牙语进行听、说、读、写、译的综合交际能力，能在外交、外贸、文化、教育、新闻出版、旅游等部门从事翻译、调研、教学、管理等工作。,https://gaokao.chsi.com.cn/zyk/zybk/detail/73383555
73383559,50233,瑞典语,本科（普通教育）,1050,文学,105005,外国语言文学类,10500502,2025,本专业培养能在外事、外贸、科研、教育、涉外企业等部门从事翻译、教学、研究、管理等工作的德才兼备的高级专门人才。实行瑞典语—英语双语教学制，主修瑞典语。经过4年的系统学习和训练，要求学生熟练掌握瑞典语听、说、读、写、译等基本技能和瑞典语语言文学的基本知识，了解瑞典的历史、文化、地理等概况，英语达到英语专业四级水平，具有较好的口、笔译能力，毕业后能独立从事相关工作。,https://gaokao.chsi.com.cn/zyk/zybk/detail/73383559
164247081,50234,塞尔维亚语,本科（普通教育）,1050,文学,105005,外国语言文学类,10500502,2025,本专业培养具有开阔国际视野、高度文化自信、良好思维品质，掌握塞尔维亚语言、文学、文化和国情知识，经贸、商务等相关专业领域知识，通晓英语，具备人文与科学素养，综合语言运用能力、跨文化交际能力、思辨能力和创新能力，能在经贸、商务等部门从事与塞尔维亚语相关的翻译、管理、文化交流等工作的高素质应用型、复合型、外向型人才。,https://gaokao.chsi.com.cn/zyk/zybk/detail/164247081
164247045,50235,土耳其语,本科（普通教育）,1050,文学,105005,外国语言文学类,10500502,,,https://gaokao.chsi.com.cn/zyk/zybk/detail/164247045
73383563,50236,希腊语,本科（普通教育）,1050,文学,105005,外国语言文学类,10500502,2025,本专业培养具有坚定理想信念、高度文化自信、开阔国际视野，希腊语专业知识、专业技能扎实，通晓英语，掌握国际经贸等领域知识，人文与科学素养好，综合语言运用能力强，跨文化交际能力突出，具备思辨能力、创新能力、自主学习与自我管理能力，能够在经贸等领域从事翻译、管理等工作的应用型、复合型、外向型人才。,https://gaokao.chsi.com.cn/zyk/zybk/detail/73383563
73383567,50237,匈牙利语,本科（普通教育）,1050,文学,105005,外国语言文学类,10500502,2025,本专业培养具有开阔国际视野、高度文化自信、良好思维品质，掌握匈牙利语言、文学、文化和匈牙利国情知识，经贸、商务等相关领域专业知识，通晓英语，具备人文与科学素养，综合语言运用能力、跨文化交际能力、思辨能力和创新能力，能在经贸、商务等领域从事与匈牙利语相关的翻译、管理、文化交流等工作的高素质应用型、复合型、外向型人才。,https://gaokao.chsi.com.cn/zyk/zybk/detail/73383567
73383571,50238,意大利语,本科（普通教育）,1050,文学,105005,外国语言文学类,10500502,2025,本专业学生主要学习意大利语语言、文学、历史、政治、经济、外交、社会文化等方面的基本理论和基本知识，受到意大利语听、说、读、写、译等方面良好的熟巧训练，掌握一定的科研方法，具有从事翻译、研究、教学、管理工作的业务水平及较好的素质和较强能力。,https://gaokao.chsi.com.cn/zyk/zybk/detail/73383571
164247049,50239,泰米尔语,本科（普通教育）,1050,文学,105005,外国语言文学类,10500502,2025,本专业旨在培养具有国际视野、通晓国际规则，掌握对象国语言、文学、文化等相关知识，具备语言运用能力、跨文化交际能力，能够参与国际事务和国际竞争，能够从事语言服务、外语教育以及涉外工作，并具有一定研究能力的国际化、多元化泰米尔语人才。,https://gaokao.chsi.com.cn/zyk/zybk/detail/164247049
164247053,50240,普什图语,本科（普通教育）,1050,文学,105005,外国语言文学类,10500502,2025,本专业旨在培养具有良好的综合素质、扎实的外语基本功和专业知识与能力，掌握相关专业知识，适应我国对外交流、国家与地方经济社会发展、各类涉外行业、外语教育与学术研究需要的各外语语种专业人才和复合型外语人才。,https://gaokao.chsi.com.cn/zyk/zybk/detail/164247053
164247057,50241,世界语,本科（普通教育）,1050,文学,105005,外国语言文学类,10500502,2025,本专业旨在培养热爱祖国，具有国际视野，掌握世界语和英语相关的文学和文化等知识，具备较强的语言运用能力、跨文化能力，能够参与国际事务和竞争，能够从事教育、传媒、经贸、文化、旅游等工作，并具有一定研究能力的国际化、多元化世界语人才。,https://gaokao.chsi.com.cn/zyk/zybk/detail/164247057
164247061,50242,孟加拉语,本科（普通教育）,1050,文学,105005,外国语言文学类,10500502,2025,本专业旨在培养热爱祖国，具有国际视野、通晓国际规则，掌握对象国语言、文学和文化等相关知识，具备语言运用能力、跨文化能力，能够参与国际事务和国际竞争，能够从事语言服务、外语教育以及涉外工作，并具有一定研究能力的国际化、多元化孟加拉语人才。,https://gaokao.chsi.com.cn/zyk/zybk/detail/164247061
164247065,50243,尼泊尔语,本科（普通教育）,1050,文学,105005,外国语言文学类,10500502,2025,本专业培养具备尼泊尔及南亚语言文学、历史文化、宗教哲学、社会现状等方面知识，能在对外宣传、外交外贸、外语教学、文化交流和国际问题研究等单位工作的德才兼备的综合型人才。本专业学生主要学习尼泊尔语及与尼泊尔和南亚相关的语言文学、历史文化等方面的基本理论和基本知识，同时复合新闻传播学、国际政治学、国际关系学的基础知识，强调对学生实际应用能力的培养；要求学生扎实掌握尼泊尔语语言、拥有听说读写译技能，具有较高的英语实际应用水平，对尼泊尔和整个南亚的社会、历史、文化、政治、经济、现状等有较广泛的了解，对中国和世界文化有较广博的知识，具备较强的适应不同社会职业需要的能力。,https://gaokao.chsi.com.cn/zyk/zybk/detail/164247065
164247085,50244,克罗地亚语,本科（普通教育）,1050,文学,105005,外国语言文学类,10500502,,,https://gaokao.chsi.com.cn/zyk/zybk/detail/164247085
73383579,50245,荷兰语,本科（普通教育）,1050,文学,105005,外国语言文学类,10500502,2025,本专业培养具有扎实的荷兰语和英语语言基础及熟练的听、说、读、写、译能力；掌握语言学文学及相关人文学科和科技方面的基础知识，具备一定的国别区域研究能力；了解我国国情和对象国的社会和文化，具有跨文化交流意识；具有较好的汉语表达能力和基本调研能力；掌握文献检索、资料查询的基本方法，具有一定的科学研究和实际工作能力的卓越国际化专门人才。,https://gaokao.chsi.com.cn/zyk/zybk/detail/73383579
164247069,50246,芬兰语,本科（普通教育）,1050,文学,105005,外国语言文学类,10500502,2025,芬兰语属乌拉尔语系芬兰-乌戈尔语族，是芬兰的官方语言，也是瑞典的一种法定少数民族语言。芬兰语专业实行芬英复语培养模式，致力于培养一批具有国际视野、通晓国际规则、能够参与国际事务与国际竞争的高级芬兰语人才。,https://gaokao.chsi.com.cn/zyk/zybk/detail/164247069
164247073,50247,乌克兰语,本科（普通教育）,1050,文学,105005,外国语言文学类,10500502,2025,本专业培养具有开阔国际视野、良好思维品质，掌握乌克兰语言、文学、国情文化、经贸、商务等相关专业领域知识，通晓英语，具备人文与科学素养，综合语言运用能力、跨文化交际能力、思辨能力和创新能力，能在经贸、文化交流等领域从事与乌克兰语相关的翻译、管理、文化交流等工作的应用型、复合型、外向型人才。,https://gaokao.chsi.com.cn/zyk/zybk/detail/164247073
164247089,50248,挪威语,本科（普通教育）,1050,文学,105005,外国语言文学类,10500502,,,https://gaokao.chsi.com.cn/zyk/zybk/detail/164247089
164247093,50249,丹麦语,本科（普通教育）,1050,文学,105005,外国语言文学类,10500502,,,https://gaokao.chsi.com.cn/zyk/zybk/detail/164247093
164247097,50250,冰岛语,本科（普通教育）,1050,文学,105005,外国语言文学类,10500502,,,https://gaokao.chsi.com.cn/zyk/zybk/detail/164247097
653433579,50251,爱尔兰语,本科（普通教育）,1050,文学,105005,外国语言文学类,10500502,,,https://gaokao.chsi.com.cn/zyk/zybk/detail/653433579
653438710,50252,拉脱维亚语,本科（普通教育）,1050,文学,105005,外国语言文学类,10500502,,,https://gaokao.chsi.com.cn/zyk/zybk/detail/653438710
653443945,50253,立陶宛语,本科（普通教育）,1050,文学,105005,外国语言文学类,10500502,2025,本专业面向国家“一带一路”和中国－中东欧合作交流需求培养人才，致力培养扎实的语言能力，深入学习立陶宛和欧洲相关区域的历史、社会、文化、政治等领域的知识，注重开拓学术视野，通过多样化课程提升学生思辨能力、创新能力和实践能力，为学生从事跨国别、跨区域、跨学科的实务与研究打下良好基础，成为社会所需的复合型、复语型人才。,https://gaokao.chsi.com.cn/zyk/zybk/detail/653443945
653449855,50254,斯洛文尼亚语,本科（普通教育）,1050,文学,105005,外国语言文学类,10500502,2025,斯洛文尼亚语属印欧语系斯拉夫语族，为斯洛文尼亚共和国的官方语言，在全球约有2百万使用者，现为欧盟官方语言的一种。本专业学生需全面、熟练地掌握斯洛文尼亚语听、说、读、写、译技能；了解斯洛文尼亚国情；掌握国际关系、外交、经济、文化交流等方面的基础知识。,https://gaokao.chsi.com.cn/zyk/zybk/detail/653449855
653454342,50255,爱沙尼亚语,本科（普通教育）,1050,文学,105005,外国语言文学类,10500502,,,https://gaokao.chsi.com.cn/zyk/zybk/detail/653454342
653458929,50256,马耳他语,本科（普通教育）,1050,文学,105005,外国语言文学类,10500502,,,https://gaokao.chsi.com.cn/zyk/zybk/detail/653458929
653463342,50257,哈萨克语,本科（普通教育）,1050,文学,105005,外国语言文学类,10500502,2025,本专业注重培养学生的哈俄双语能力，注重培养学生的哈萨克语实际操作能力、跨文化交际意识以及区域国别研究能力，培养具有良好人文素养、健全知识结构、扎实专业技能、较强思辨能力，并且具有一定程度俄语语言基础和比较广泛的科学文化知识，能够在外交、经济、文化、新闻媒体、教育、科研、相关机构等部门从事翻译、研究、教学、管理工作。,https://gaokao.chsi.com.cn/zyk/zybk/detail/653463342
653468228,50258,乌兹别克语,本科（普通教育）,1050,文学,105005,外国语言文学类,10500502,2025,本专业注重培养学生的乌俄双语能力，注重培养学生的乌兹别克语实际操作能力、跨文化交际意识以及区域国别研究能力，培养具有良好人文素养、健全知识结构、扎实专业技能、较强思辨能力，并且具有一定程度俄语语言基础和比较广泛的科学文化知识，能够在外交、经济、文化、新闻媒体、教育、科研、国家机关等部门从事翻译、研究、教学、管理工作的高级乌兹别克语人才。,https://gaokao.chsi.com.cn/zyk/zybk/detail/653468228
653469533,50259,祖鲁语,本科（普通教育）,1050,文学,105005,外国语言文学类,10500502,2025,本专业是中国与南非全面战略伙伴关系和人文交流机制建设的重要成果，同时也肩负着促进中南友好合作和落实“一带一路”倡议的重要使命，培养具备扎实的祖鲁语听、说、读、写、译基本技能，掌握对象国和地区语言、文学、历史、政治、经济、文化、宗教、社会等相关知识，具有国际视野的复合型、复语型人才。,https://gaokao.chsi.com.cn/zyk/zybk/detail/653469533
653472508,50260,拉丁语,本科（普通教育）,1050,文学,105005,外国语言文学类,10500502,2025,本专业培养具有扎实的拉丁语语言基础、一定的古希腊语语言基础和西方古典历史、文学、文化知识储备，具有良好的综合素质、人文素养、跨学科视野和思辨能力，具有较强的运用拉丁语进行阅读、翻译、学术研究和文化交流的能力，能在教育、科研、文化等机构从事教学研究工作的复合型、复语型人才。,https://gaokao.chsi.com.cn/zyk/zybk/detail/653472508
73383587,50261,翻译,本科（普通教育）,1050,文学,105005,外国语言文学类,10500502,2025,本专业旨在培养国家与社会急需的专业口、笔译人才。要求学生具备良好的英汉双语表达、沟通与转换能力，拥有一定的口、笔译实践经验，具有成为职业翻译工作者的从业实力、心理素质和职业道德素养，熟悉英语国家与中国的历史文化和文学传统，了解政治、经济、科技、法律、教育、金融商贸等主要社会生活领域，能够胜任全球化背景下的国际交流。该专业毕业生可在政府或企事业单位的外事部门、中国驻外机构、对外或涉外出版社、传媒单位的海外部、涉外企业以及跨国公司从事口笔译工作，也可以成为提供专业口笔译服务的自由职业者。,https://gaokao.chsi.com.cn/zyk/zybk/detail/73383587
73383583,50262,商务英语,本科（普通教育）,1050,文学,105005,外国语言文学类,10500502,2025,本专业旨在培养具有扎实的英语基本功、宽阔的国际视野、专门的国际商务知识与技能，掌握国际经济、管理和法律基础理论知识和技能，具备较强的跨文化交际能力与较高的人文素养，能适应经济全球化，在国际环境中熟练使用英语从事商务、经贸、管理、金融、外事等工作的应用型商务英语专业人才。,https://gaokao.chsi.com.cn/zyk/zybk/detail/73383583
apskg6ehf36xgou3,50263,阿姆哈拉语,本科（普通教育）,1050,文学,105005,外国语言文学类,10500502,,,https://gaokao.chsi.com.cn/zyk/zybk/detail/apskg6ehf36xgou3
78zh7vzf2g56kekm,50264,吉尔吉斯语,本科（普通教育）,1050,文学,105005,外国语言文学类,10500502,,,https://gaokao.chsi.com.cn/zyk/zybk/detail/78zh7vzf2g56kekm
yrjecclczjy9sgm6,50265,索马里语,本科（普通教育）,1050,文学,105005,外国语言文学类,10500502,,,https://gaokao.chsi.com.cn/zyk/zybk/detail/yrjecclczjy9sgm6
ok0tdhhyns3jk722,50266,土库曼语,本科（普通教育）,1050,文学,105005,外国语言文学类,10500502,,,https://gaokao.chsi.com.cn/zyk/zybk/detail/ok0tdhhyns3jk722
diem6jm1rymqjmkz,50267,加泰罗尼亚语,本科（普通教育）,1050,文学,105005,外国语言文学类,10500502,,,https://gaokao.chsi.com.cn/zyk/zybk/detail/diem6jm1rymqjmkz
x0o240ahj37u6hs3,50268,约鲁巴语,本科（普通教育）,1050,文学,105005,外国语言文学类,10500502,,,https://gaokao.chsi.com.cn/zyk/zybk/detail/x0o240ahj37u6hs3
z5h0aj8vrpfwilc5,50269,亚美尼亚语,本科（普通教育）,1050,文学,105005,外国语言文学类,10500502,2025,本专业旨在培养具有国际视野、通晓国际规则，掌握对象国语言、文学和文化等相关知识，具备语言运用能力、跨文化交际能力，能够参与国际事务和国际竞争，能够从事语言服务、外语教育以及涉外工作，并具有一定研究能力的国际化、多元化亚美尼亚语人才。,https://gaokao.chsi.com.cn/zyk/zybk/detail/z5h0aj8vrpfwilc5
nafqmbjn6em6qznb,50270,马达加斯加语,本科（普通教育）,1050,文学,105005,外国语言文学类,10500502,,,https://gaokao.chsi.com.cn/zyk/zybk/detail/nafqmbjn6em6qznb
o6ck5idr70rz6zy9,50271,格鲁吉亚语,本科（普通教育）,1050,文学,105005,外国语言文学类,10500502,,,https://gaokao.chsi.com.cn/zyk/zybk/detail/o6ck5idr70rz6zy9
gs56nbnyyjjjigh2,50272,阿塞拜疆语,本科（普通教育）,1050,文学,105005,外国语言文学类,10500502,2025,本专业旨在培养具有国际视野、通晓国际规则，掌握对象国语言、文学和文化等相关知识，具备语言运用能力、跨文化交际能力，能够参与国际事务和国际竞争，能够从事语言服务、外语教育以及涉外工作，并具有一定研究能力的国际化、多元化阿塞拜疆语人才。,https://gaokao.chsi.com.cn/zyk/zybk/detail/gs56nbnyyjjjigh2
xt56s7ldjmgl4thw,50273,阿非利卡语,本科（普通教育）,1050,文学,105005,外国语言文学类,10500502,,,https://gaokao.chsi.com.cn/zyk/zybk/detail/xt56s7ldjmgl4thw
ctz3k9su8nhzfbot,50274,马其顿语,本科（普通教育）,1050,文学,105005,外国语言文学类,10500502,,,https://gaokao.chsi.com.cn/zyk/zybk/detail/ctz3k9su8nhzfbot
dk3xkdktkgn062wz,50275,塔吉克语,本科（普通教育）,1050,文学,105005,外国语言文学类,10500502,,,https://gaokao.chsi.com.cn/zyk/zybk/detail/dk3xkdktkgn062wz
8izzxlwnhlmxcd0g,50276,茨瓦纳语,本科（普通教育）,1050,文学,105005,外国语言文学类,10500502,,,https://gaokao.chsi.com.cn/zyk/zybk/detail/8izzxlwnhlmxcd0g
bitywsmx0bw04ocr,50277,恩德贝莱语,本科（普通教育）,1050,文学,105005,外国语言文学类,10500502,,,https://gaokao.chsi.com.cn/zyk/zybk/detail/bitywsmx0bw04ocr
zdi8mzmet33fh2xh,50278,科摩罗语,本科（普通教育）,1050,文学,105005,外国语言文学类,10500502,,,https://gaokao.chsi.com.cn/zyk/zybk/detail/zdi8mzmet33fh2xh
xots8qo2km36n5m2,50279,克里奥尔语,本科（普通教育）,1050,文学,105005,外国语言文学类,10500502,,,https://gaokao.chsi.com.cn/zyk/zybk/detail/xots8qo2km36n5m2
57c7qyq8p98e1k3a,50280,绍纳语,本科（普通教育）,1050,文学,105005,外国语言文学类,10500502,,,https://gaokao.chsi.com.cn/zyk/zybk/detail/57c7qyq8p98e1k3a
ycf0o2i9aqj1ls9o,50281,提格雷尼亚语,本科（普通教育）,1050,文学,105005,外国语言文学类,10500502,,,https://gaokao.chsi.com.cn/zyk/zybk/detail/ycf0o2i9aqj1ls9o
1gu9vvne1mmlv7i1,50282,白俄罗斯语,本科（普通教育）,1050,文学,105005,外国语言文学类,10500502,2025,本专业培养具备扎实的白俄罗斯语语言基础和较熟练的听、说、读、写、译能力；具备一定的语言理论知识，对白俄罗斯的政治、经济、文化等方面有较全面的了解；具备熟练的信息技术和新媒体运用能力。具有较强的自主学习意识，具备开阔的国际视野和创新精神，能够掌握所从事行业的发展方向和动态，具有团队和协作意识，在实际工作中坚持终身学习与自我完善，持续提高专业素养和自身素质的行业骨干。,https://gaokao.chsi.com.cn/zyk/zybk/detail/1gu9vvne1mmlv7i1
7xcmugdiag41vpr3,50283,毛利语,本科（普通教育）,1050,文学,105005,外国语言文学类,10500502,,,https://gaokao.chsi.com.cn/zyk/zybk/detail/7xcmugdiag41vpr3
7v89ll29sfh75vd8,50284,汤加语,本科（普通教育）,1050,文学,105005,外国语言文学类,10500502,,,https://gaokao.chsi.com.cn/zyk/zybk/detail/7v89ll29sfh75vd8
2fjmy9g21jukc77q,50285,萨摩亚语,本科（普通教育）,1050,文学,105005,外国语言文学类,10500502,,,https://gaokao.chsi.com.cn/zyk/zybk/detail/2fjmy9g21jukc77q
cm0kbgyqdgevmzy7,50286,库尔德语,本科（普通教育）,1050,文学,105005,外国语言文学类,10500502,,,https://gaokao.chsi.com.cn/zyk/zybk/detail/cm0kbgyqdgevmzy7
9lg479kj0hxq8ovx,50287,比斯拉马语,本科（普通教育）,1050,文学,105005,外国语言文学类,10500502,,,https://gaokao.chsi.com.cn/zyk/zybk/detail/9lg479kj0hxq8ovx
uqduzoynmytnyeo0,50288,达里语,本科（普通教育）,1050,文学,105005,外国语言文学类,10500502,,,https://gaokao.chsi.com.cn/zyk/zybk/detail/uqduzoynmytnyeo0
kn9mkjh660tlgdec,50289,德顿语,本科（普通教育）,1050,文学,105005,外国语言文学类,10500502,,,https://gaokao.chsi.com.cn/zyk/zybk/detail/kn9mkjh660tlgdec
3r3pv9r82mk8fer5,50290,迪维希语,本科（普通教育）,1050,文学,105005,外国语言文学类,10500502,,,https://gaokao.chsi.com.cn/zyk/zybk/detail/3r3pv9r82mk8fer5
zm79c3yfkxhcighl,50291,斐济语,本科（普通教育）,1050,文学,105005,外国语言文学类,10500502,,,https://gaokao.chsi.com.cn/zyk/zybk/detail/zm79c3yfkxhcighl
og7n3fzrjp2fg41w,50292,库克群岛毛利语,本科（普通教育）,1050,文学,105005,外国语言文学类,10500502,,,https://gaokao.chsi.com.cn/zyk/zybk/detail/og7n3fzrjp2fg41w
ox17uq21yfiu4yxd,50293,隆迪语,本科（普通教育）,1050,文学,105005,外国语言文学类,10500502,,,https://gaokao.chsi.com.cn/zyk/zybk/detail/ox17uq21yfiu4yxd
2pt25jrstsw5qe5c,50294,卢森堡语,本科（普通教育）,1050,文学,105005,外国语言文学类,10500502,,,https://gaokao.chsi.com.cn/zyk/zybk/detail/2pt25jrstsw5qe5c
bc75qrkmmp427jih,50295,卢旺达语,本科（普通教育）,1050,文学,105005,外国语言文学类,10500502,,,https://gaokao.chsi.com.cn/zyk/zybk/detail/bc75qrkmmp427jih
95wbox9am3v63fru,50296,纽埃语,本科（普通教育）,1050,文学,105005,外国语言文学类,10500502,,,https://gaokao.chsi.com.cn/zyk/zybk/detail/95wbox9am3v63fru
k0pnxu7o8y0p2cfs,50297,皮金语,本科（普通教育）,1050,文学,105005,外国语言文学类,10500502,,,https://gaokao.chsi.com.cn/zyk/zybk/detail/k0pnxu7o8y0p2cfs
k670a3r0ro4py59f,50298,切瓦语,本科（普通教育）,1050,文学,105005,外国语言文学类,10500502,,,https://gaokao.chsi.com.cn/zyk/zybk/detail/k670a3r0ro4py59f
9nvmn1f04nn4r9o4,50299,塞苏陀语,本科（普通教育）,1050,文学,105005,外国语言文学类,10500502,,,https://gaokao.chsi.com.cn/zyk/zybk/detail/9nvmn1f04nn4r9o4
73383599,50301,新闻学,本科（普通教育）,1050,文学,105005,新闻传播学类,10500503,2025,本专业学生应掌握新闻学基本理论，了解新闻实践的历史沿革及发展趋势，了解国内外新闻事业的现状与动态；掌握一定的经济学知识，具备从事经济新闻采访、写作、编辑、评论的业务能力；掌握媒体经营管理的基本理论，熟悉有关媒体经营管理的政策法规，具备从事媒体经营管理的基本素养；比较熟练地运用一门外语阅读专业书刊，并具有一定的听、说、写能力；能合在报社、杂志社、广播电台、电视台、通讯社、新闻网站等新闻单位从事采编工作和大众传播媒介的经营管理工作，也可以进入政府部门、大型企事业单位从事公关策划工作。,https://gaokao.chsi.com.cn/zyk/zybk/detail/73383599
73383603,50302,广播电视学,本科（普通教育）,1050,文学,105005,新闻传播学类,10500503,2025,本专业培养从事广播电视学工作的高级应用型人才和从事广播电视学研究的较高层次专门人才；要求学生具备扎实的广播电视学、大众传播学专业基础知识和专业技能，具备较广博的科学文化知识和较深厚人文底蕴，能够从事并胜任广播、电视行业采、写、编、播、摄录、评论、主持、策划等各项工作以及其他新闻部门工作。,https://gaokao.chsi.com.cn/zyk/zybk/detail/73383603
73383607,50303,广告学,本科（普通教育）,1050,文学,105005,新闻传播学类,10500503,2025,本专业要求学生熟练掌握现代广告理论，了解广告实践的历史沿革及发展趋势，了解国内外广告业的现状与动态；掌握现代广告经营管理的基本知识，具有行业经济、国际贸易、公共关系等方面的知识，具备从事广告调研、策划、创意、设计、制作、发布的业务能力；熟悉广告活动的业务流程，熟悉有关广告的政策法规；比较熟练地运用一门外语阅读专业书刊，并具有一定的听、说、写能力；能在广告公司、广告媒体、广告客户、国家行政机构等单位，从事广告经营、广告管理、广告策划、广告创意、广告传播、公关策划等方面的工作，也可以从事广告方面的教学与科研工作。,https://gaokao.chsi.com.cn/zyk/zybk/detail/73383607
73383615,50304,传播学,本科（普通教育）,1050,文学,105005,新闻传播学类,10500503,2025,本专业主要培养研究分析能力强，熟悉我国媒体市场运作，熟练运用计算机处理数据，能在新闻媒体、企事业单位及经济管理部门从事媒介市场研究、传播效果分析、受众调查、信息管理与开发的实用型和通用型的高级专门人才。,https://gaokao.chsi.com.cn/zyk/zybk/detail/73383615
73383611,50305,编辑出版学,本科（普通教育）,1050,文学,105005,新闻传播学类,10500503,2025,本专业旨在培养掌握编辑出版、语言文化、经济管理等基本知识和基本理论，具备书刊编辑策划、出版经营管理、出版物市场营销、出版新技术等方面的知识与能力，能够在出版单位、发行部门、新闻机构等从事编辑策划、出版管理、发行营销等方面工作的应用型高级专门人才。 要求学生掌握编辑与出版的基本理论与基本知识;掌握市场分析？选题策划？文字加工？宣传促销的知识与方法;具有较强的口头表达和文字表达能力和初步从事科学研究的能力;了解我国有关编辑与出版市场营销的方针？政策？法规;了解有关社会科学？人文科学？管理科学？自然科学与技术科学基本知识？,https://gaokao.chsi.com.cn/zyk/zybk/detail/73383611
437287088,50306,网络与新媒体,本科（普通教育）,1050,文学,105005,新闻传播学类,10500503,2025,本专业要求学生能够把握传统媒介和新媒体与信息网络领域的变革趋势；理解信息网络交叉融合的发 展方向、新媒体与信息网络业态的多样性；掌握和运用新媒体内容策划与制作、新媒体与信息网络的传播战略、现代互动营销理论和媒体经营模式、新互动广告类型 策划与创意、新媒介数据监测系统分析应用等知识结构体系，最终培养能够服务于广播电视网络、通信网络、互联网络等各种新媒体行业所急需的高级复合型专业人 才。,https://gaokao.chsi.com.cn/zyk/zybk/detail/437287088
320924568,50307,数字出版,本科（普通教育）,1050,文学,105005,新闻传播学类,10500503,,,https://gaokao.chsi.com.cn/zyk/zybk/detail/320924568
7tbk84zw4ja8akcw,50308,时尚传播,本科（普通教育）,1050,文学,105005,新闻传播学类,10500503,2025,本专业旨在培养满足区域经济和文化创意产业建设需要，掌握时尚传播的基础理论知识，了解时尚传播前沿动态，能够运用先进媒介技术实现全媒体传播、故事内容创作、时尚创意设计、时尚项目管理与推广等，毕业后能在时尚行业与企业、新媒体平台、文化传媒公司、企事业单位从事时尚媒介内容创作与推广、时尚创意与编辑、时尚项目策划与运营、媒介关系的维护与拓展等工作，适应媒体深度融合和时尚产业快速发展的“全媒型”高素质应用型人才。,https://gaokao.chsi.com.cn/zyk/zybk/detail/7tbk84zw4ja8akcw
4ail16q4seiiw328,50309,国际新闻与传播,本科（普通教育）,1050,文学,105005,新闻传播学类,10500503,2025,本专业教育特色定位为培养具备内熟国情、外通世界的融合视野，深刻理解全球新闻传播格局演变，能对国内外话题进行深入调研，能高效运用中外文进行全媒体叙事，能在复杂国际环境中进行跨国、跨文化沟通，能快速学习和使用新传播平台的国际新闻与传播人才。,https://gaokao.chsi.com.cn/zyk/zybk/detail/4ail16q4seiiw328
askmkq5ltrcnnbrq,50310,会展,本科（普通教育）,1050,文学,105005,新闻传播学类,10500503,2025,本专业聚焦智能会展传播，以人文通识教育为基础，以创新能力培养为核心，以服务社会面向未来为目标，着重培养大会展（会议、展览、演出、节庆、赛事、文化活动、奖励旅游、培训、产业观光、公关、传播和主题公园等）相关行业的策划和组织人才、创意人才、项目协调管理人才，培养具有会展策略传播、智能会展技术和会展创意设计能力的具有综合性素养的中高端复合型人才。,https://gaokao.chsi.com.cn/zyk/zybk/detail/askmkq5ltrcnnbrq
73383743,60101,历史学,本科（普通教育）,1050,历史学,105006,历史学类,10500601,2025,本专业要求学生掌握历史专业的基础知识、基本理论和基本技能，对历史学科前沿和发展动态有所了解，具有较宽的知识面；具有独立获取知识、提出问题、分析问题和解决问题的能力；得到初步的科研训练，掌握基本的科研方法，具有一定的开拓创造精神；能在国家机关、文教事业、新闻出版、文博档案及各类事业单位从事实际工作。,https://gaokao.chsi.com.cn/zyk/zybk/detail/73383743
73383747,60102,世界史,本科（普通教育）,1050,历史学,105006,历史学类,10500601,2025,本专业要求学生掌握历史学科的基本理论和基础知识，对社会科学、人文科学与自然科学有一定的了解；掌握历史学的基本研究方法与分析方法；具有从事历史研究的初步能力和较强的口头表达和文字表达能力； 熟悉古文字学、版本目录学、音韵学、史料学、历史地理学及考古学等方面的基础知识；了解国内外史学界重要的理论前沿和发展动态； 掌握文献检索，资料查询的基本方法；具有从事世界历史专业的研究与教学能力，并能满足各级政府机关和企事业单位对涉外人才的需要。,https://gaokao.chsi.com.cn/zyk/zybk/detail/73383747
73383751,60103,考古学,本科（普通教育）,1050,历史学,105006,历史学类,10500601,2025,本专业培养学生具备历史学、考古学和博物馆学的基础知识、方法以及相关的文博、历史及人类学知识，掌握玉石器、青铜器、陶瓷器、书画杂项等各类文物最基本的鉴定和保护技能，能在考古及历史研究机构、博物馆、各级学校、文物经营机构、公安、海关等部门，从事文博研究、管理等方面工作。,https://gaokao.chsi.com.cn/zyk/zybk/detail/73383751
73383755,60104,文物与博物馆学,本科（普通教育）,1050,历史学,105006,历史学类,10500601,,,https://gaokao.chsi.com.cn/zyk/zybk/detail/73383755
73383763,60105,文物保护技术,本科（普通教育）,1050,历史学,105006,历史学类,10500601,2025,本专业教特点是文、理科交叉与理、工科渗透，现代科学技术与人文科学知识相结合；既掌握数理化等学科的基本知识和历史、文物考古的一般知识，又掌握文物保护材料应用、文物材质分析和文物保护修复等实际操作技能；旨在培养能在文物考古、博物馆、文物管理机构从事文物保护与科学研究工作的专门人才。,https://gaokao.chsi.com.cn/zyk/zybk/detail/73383763
666090325,60106,外国语言与外国历史,本科（普通教育）,1050,历史学,105006,历史学类,10500601,2025,本专业培养具有理性的国际视野和执着的职业道德情操，掌握扎实的世界历史专业知识、基础理论，并熟练掌握主修外国语言，具备较强的服务意识、管理能力、创新精神和发展潜力，能够胜任相关机构或企事业单位涉外部门日常接待、问题解答或谈判沟通工作的应用型专业人才。,https://gaokao.chsi.com.cn/zyk/zybk/detail/666090325
9kkm84m0jz43z6rp,60107,文化遗产,本科（普通教育）,1050,历史学,105006,历史学类,10500601,2025,作为“新文科”的文化遗产专业，培养掌握基础研究理论与方法、熟悉文化遗产核心理念、了解国内外文化遗产保护状况、具备文化遗产保护与运用技能的复合型应用人才。本专业学生掌握文化遗产保护的法律法规，熟悉文化遗产调查、评估、保护、管理、宣传等基本流程，掌握专业外语，具备一定的自然科技、人文艺术修养和实际操作能力，能胜任文化管理机关、文化遗址管理部门、文物与艺术品经营单位、文化资产评估与鉴定机构、文旅规划设计等部门相关工作。,https://gaokao.chsi.com.cn/zyk/zybk/detail/9kkm84m0jz43z6rp
ti9rbh22mgmphvll,60108,古文字学,本科（普通教育）,1050,历史学,105006,历史学类,10500601,2025,古文字学专业是集考古学、语言文字学、古文献学、历史学等多个学科为一体的新兴交叉专业。古文字资料的发掘、整理和保护工作需要依靠考古学；古文字的辨识和解读需要立足于对先秦语言文字发展历史和规律的整体认识，也就是古汉语知识和文字学基础；古文字资料的整理和研究涉及古代文献学的理论和方法；古文字资料与传世文献的结合，为历史研究开辟新领域。古文字专业知识结构复杂，综合性强，培养的学生知识面宽广，思路开阔，具有较强的创新意识和实践能力，适应面广阔。,https://gaokao.chsi.com.cn/zyk/zybk/detail/ti9rbh22mgmphvll
v657z4unc3xn75i8,60109,科学史,本科（普通教育）,1050,历史学,105006,历史学类,10500601,2025,本专业培养具备广阔的科学人文综合知识背景和扎实的科学史专业基础，熟悉科学发展的历程，能够搜集、解读科学史材料，独立开展学术研究、撰写学术论文，既有国际化学术视野，又有文理综合发展潜力的跨学科复合型人才。,https://gaokao.chsi.com.cn/zyk/zybk/detail/v657z4unc3xn75i8
73383775,70101,数学与应用数学,本科（普通教育）,1050,理学,105007,数学类,10500701,2025,本专业培养掌握数学科学的基本理论与基本方法，具备运用数学知识、使用计算机解决实际问题的能力，受到科学研究的初步训练，能在科技、教育和经济部门从事研究、教学工作或在生产经营及管理部门从事实际应用、开发研究和管理工作的高级专门人才；要求学生主要学习数学和应用数学的基础理论、基本方法，受到数学模型、计算机和数学软件方面的基本训练，具有较好的科学素养，初步具备科学研究、教学、解决实际问题及开发软件等方面的基本能力。,https://gaokao.chsi.com.cn/zyk/zybk/detail/73383775
73383779,70102,信息与计算科学,本科（普通教育）,1050,理学,105007,数学类,10500701,2025,本专业是由信息科学、科学计算、运筹与控制科学等交叉渗透而形成的新的理科专业，培养学生具有良好的数学基础和数学思维能力，掌握信息与计算科学的基本理论、方法和技能，受到科学研究训练，能解决科学研究与工程实际问题中的信息处理和计算问题；通过信息论、科学计算、运筹学等方面基础知识的教育和数学模型建模、数学实践课、专业实习，毕业设计等环节的训练，培养学生解决工程中的科学计算、软件开发和设计、信息处理和编码等实际问题的能力，培养能胜任信息处理、科学与工程计算部门工作。,https://gaokao.chsi.com.cn/zyk/zybk/detail/73383779
73383783,70103,数理基础科学,本科（普通教育）,1050,理学,105007,数学类,10500701,2025,本专业主要培养能从事数学、物理等基础科学教学和科研的有发展潜力的优秀人才，尤其是在数学、物理上具有创新的能力的人才，同时也为对数理基础要求高的其它学科培养有良好的数理基础的新型人才；要求学生具有扎实的数学、物理基础，受到比较严格的科学思维训练，初步掌握数学科学的思想方法；具有应用数学、物理知识去解决实际问题，特别是建立数理模型的初步能力，了解某一应用领域的基本知识；能熟练使用计算机(包括常用语言、工具及一些数学软件)，具有编写简单应用程序的能力；了解国家科学技术等有关政策和法规；了解数理基础科学的某些新发展和应用前景；有较强的语言表达能力，掌握资料查询、文献检索及运用现代信息技术获取相关信息的基本方法，具有一定的科学研究和教学能力。,https://gaokao.chsi.com.cn/zyk/zybk/detail/73383783
02v2bw0nxhzx1f5g,70104,数据计算及应用,本科（普通教育）,1050,理学,105007,数学类,10500701,2025,本专业以数学和统计学为基础，结合科学计算技术和数据处理技术，培养掌握现代数学和数据科学的思想和方法，具有深厚理科基础和较强工科应用能力并能够熟练运用数据建模、数据分析和数据处理技术解决数据计算领域中实际问题的高级专门人才。,https://gaokao.chsi.com.cn/zyk/zybk/detail/02v2bw0nxhzx1f5g
dzpooux8vzj7nf8n,70105,智能计算,本科（普通教育）,1050,理学,105007,数学类,10500701,,,https://gaokao.chsi.com.cn/zyk/zybk/detail/dzpooux8vzj7nf8n
73383799,70201,物理学,本科（普通教育）,1050,理学,105007,物理学类,10500702,2025,物理学是研究物质运动最一般规律和物质基本结构的学科，它揭示物质产生、演化、转化和相互作用等方面的基本规律，涉及从微观、宏观到宇观，从少体到多体，从简单到复杂的各种系统，是自然科学的核心和工程技术的基础，并与社会学科具有很强的交叉性；本专业旨在培养掌握坚实的、系统的物理学基础理论及较广泛的物理学基本知识和基本实验方法，具有一定的基础科学研究能力和应用开发能力，能发展成为在物理学及其相关交叉学科的不同专业领域继续深造或在相应的科学技术领域中从事科研、教学、技术、应用和管理等方面的创新性人才。,https://gaokao.chsi.com.cn/zyk/zybk/detail/73383799
73383803,70202,应用物理学,本科（普通教育）,1050,理学,105007,物理学类,10500702,2025,本专业以物理学为主要内容，了解物理的理论前沿、应用前景和最新发展动态以及相关高新技术的发展状况，掌握物理理论以及相关的工程技术知识，进行基础研究和应用技术方面的科学思维和科学实验训练；旨在培养能在大中型高新技术产业、公司、科研单位、高等院校从事科研、开发、教学和管理工作的高级应用型人才；具有向不同领域发展的潜力和素质，特别是在交叉学科的进一步深造方面具有优势的人才。,https://gaokao.chsi.com.cn/zyk/zybk/detail/73383803
73383807,70203,核物理,本科（普通教育）,1050,理学,105007,物理学类,10500702,2025,本专业培养在核物理与核科学技术领域内具有扎实、宽厚的理论基础、熟练的实验技能并获得科学研究的系统训练，具有较强的工作适应能力和后劲，能在工业、农业、国防、医学及环保及其相关领域从事核物理专业基础研究、应用研究、教学、管理等的高级专门人才。主干课程包括：普通物理、电子技术基础、数学物理方法、理论力学、热力学与统计物理、电动力学、量子力学、固体物理、原子核物理学、核电子学、核物理实验方法、辐射剂量与防护、核技术基础。,https://gaokao.chsi.com.cn/zyk/zybk/detail/73383807
164247485,70204,声学,本科（普通教育）,1050,理学,105007,物理学类,10500702,,,https://gaokao.chsi.com.cn/zyk/zybk/detail/164247485
8ai13x3eaij35k9c,70205,系统科学与工程,本科（普通教育）,1050,理学,105007,物理学类,10500702,2025,本专业旨在培养具有扎实的数理基础和熟练的计算编程能力，具有系统科学思维，掌握系统科学的基本概念、方法、工具，了解系统科学的研究进展与发展方向，熟悉系统科学相关应用领域如物理及地球系统、脑科学与人工智能、社会经济系统等领域的相关知识和研究方法，具有系统科学专业实践能力，能够熟练使用系统分析与计量分析方法、以及计算机数值计算与模拟技术的跨学科交叉研究潜能的拔尖创新人才，以期创新解决各领域的复杂性科学问题并付诸实践。,https://gaokao.chsi.com.cn/zyk/zybk/detail/8ai13x3eaij35k9c
jqpa0bdky4vijnoe,70206,量子信息科学,本科（普通教育）,1050,理学,105007,物理学类,10500702,2025,作为适应新兴战略产业发展需求的学科交叉专业，量子信息科学专业旨在培养掌握量子通信、量子计算、量子精密测量的原理、设计与应用方面的基础理论、基本方法和应用技术，并能在我国量子信息产业发展中发挥重要作用的高素质复合型人才。,https://gaokao.chsi.com.cn/zyk/zybk/detail/jqpa0bdky4vijnoe
73383819,70301,化学,本科（普通教育）,1050,理学,105007,化学类,10500703,2025,本专业要求学生掌握系统的化学基础理论知识，具备扎实的化学实验基本操作技能，了解化学学科的最新知识及学科发展的前沿状况，具有向不同领域发展的潜力和素质，特别是在交叉学科的进一步深造方面具有优势；旨在培养富有科学研究的创新和挑战精神并能适应社会发展的高素质、复合型人才，并能在大中型高新技术产业、公司、科研单位、高等院校从事科研、教学、开发和管理工作。,https://gaokao.chsi.com.cn/zyk/zybk/detail/73383819
73383823,70302,应用化学,本科（普通教育）,1050,理学,105007,化学类,10500703,2025,本专业培养具有坚实应用化学理论基础和具有较高外语水平及较强计算机应用能力，能够适应从事精细化工、有机合成、生物化学、生物化工、药物合成及环境保护等相关专业的产品研制、科学研究、技术开发、工程设计、生产管理，并能解决工程实际问题的宽口径高级专门人才；本专业学生主要学习化学方面的基础知识、基本理论、基本技能以及相关的工程技术知识，受到基础研究和应用基础研究方面的科学思维和科学实验训练，具有较好的科学素养，具备运用所学知识和实验技能进行应用研究、技术开发和科技管理的基本技能。,https://gaokao.chsi.com.cn/zyk/zybk/detail/73383823
73383827,70303,化学生物学,本科（普通教育）,1050,理学,105007,化学类,10500703,2025,化学生物学是化学与生物、医学全面交叉结合的新兴学科，培养具有坚实的化学与生物学基础知识和较广泛的化学生物学交叉领域知识，熟练掌握化学与相关生物学实验技能，具备从事化学生物学交叉领域科学研究的基本能力，创新意识强，综合素质高的高级人才。毕业后的学生应能胜任化学、生物学及生物制药技术等相关领域的科研及管理工作，也可在化学、生命科学、生物技术以及生物制药技术等领域继续深造。,https://gaokao.chsi.com.cn/zyk/zybk/detail/73383827
73383831,70304,分子科学与工程,本科（普通教育）,1050,理学,105007,化学类,10500703,2025,本专业优化化学与化工教学内容，增添新的交叉学科知识，培养适应国家发展需要的，拥有宽广深厚的化学、化工基础，具备较强创新意识、基础科学研究能力和功能性化学新产品研发与产业化能力的复合型高素质人才。,https://gaokao.chsi.com.cn/zyk/zybk/detail/73383831
i6r7f0x31c3sv7cp,70305,能源化学,本科（普通教育）,1050,理学,105007,化学类,10500703,2025,本专业面向双碳目标和新能源强国战略，培养掌握化学与能源化学交叉领域的基本理论和实验技能，了解能源学科前沿动态和发展趋势，具备优良的人格品质、扎实的专业知识、敏锐的创新意识、强烈的社会责任感和可持续发展理念，能在能源化学、化学及相关领域从事科研、教学及其他工作的优秀人才，服务于能源转型发展需求。,https://gaokao.chsi.com.cn/zyk/zybk/detail/i6r7f0x31c3sv7cp
j7ug5lcvi8fjom41,70306,化学测量学与技术,本科（普通教育）,1050,理学,105007,化学类,10500703,2025,本专业面向国家创新驱动发展的战略需求，培养具备化学、精密仪器制造科学、信息科学、智能科学等基础知识、基本理论及基本技能，掌握化学测量理论与技术，具有创新意识和实践能力的创新型复合型人才。要求学生既了解物质的化学组成、结构及测量原理，又熟悉仪器原理开发和制造。,https://gaokao.chsi.com.cn/zyk/zybk/detail/j7ug5lcvi8fjom41
vbnb9h9ssvf73gee,70307,资源化学,本科（普通教育）,1050,理学,105007,化学类,10500703,2025,资源化学是具有新工科特色的化学类本科专业。该专业建立在化学、材料、环境等与资源相关的学科交叉融合的基础上，应对国家可持续发展和生态文明建设的重大战略需求以及双碳目标达成、产业结构变革和学科发展的需要，培养具备系统的化学和资源相关学科知识背景，能将化学基础理论知识与资源化学相关的科研实践和生产实际相结合，具有一定研发能力和工程实践能力的复合型创新人才。,https://gaokao.chsi.com.cn/zyk/zybk/detail/vbnb9h9ssvf73gee
73383895,70401,天文学,本科（普通教育）,1050,理学,105007,天文学类,10500704,2025,本专业要求学生具备坚实的数理基础，掌握天文专业基础知识，掌握天文观测和处理技术，有较强计算机应用能力，能从事天文学及相关领域的研究、教学、科技开发工作。,https://gaokao.chsi.com.cn/zyk/zybk/detail/73383895
73383923,70501,地理科学,本科（普通教育）,1050,理学,105007,地理科学类,10500705,2025,本专业要求学生具有扎实的地理学基本理论、基本知识，掌握地理学基本实践和实验技能和基本思想方法和工作方法，初步具有从事地理科学的研究能力；了解地理科学最新进展和地理教育最新研究成果，具备运用现代教育技术开展地理教学的基本能力；掌握资料查询、文献检索及运用现代化信息技术获得相关信息的基本方法，具有较强的科研能力；能胜任中等学校地理必修课、选修课、活动课和班主任工作，能从事地理教学研究和其他教育工作。,https://gaokao.chsi.com.cn/zyk/zybk/detail/73383923
422637247,70502,自然地理与资源环境,本科（普通教育）,1050,理学,105007,地理科学类,10500705,2025,本专业培养具备自然地理和资源环境方面的基本理论、知识和技能，具有创新意识和实践能力，掌握水资源的合理利用、土地资源的利用与评价、资源环境遥感的专业知识与方法以及资源利用和环境发展相关政策和法规，能在企事业单位、科研院所、政府机关、大中专院校等从事与资源环境相关工作的应用型高级人才。,https://gaokao.chsi.com.cn/zyk/zybk/detail/422637247
421251447,70503,人文地理与城乡规划,本科（普通教育）,1050,理学,105007,地理科学类,10500705,2025,本专业培养具有良好科学素养、掌握地理科学、城乡与土地资源管理与规划、地理信息系统应用等方面的基础理论、方法与技能，能够从事国土规划、城乡规划、产业规划、旅游规划、土地利用与社区规划等领域研究、规划和管理工作的应用型人才；主要设置自然地理学、人文地理学、经济地理学、自然资源概论、环境学概论、城市经济学、城市规划与管理、环境影响评价与规划、区域分析与规划、村镇规划与管理、居住区规划与设计、遥感概论、GIS原理与应用、CAD制图、管理学原理、经济学概论等课程。,https://gaokao.chsi.com.cn/zyk/zybk/detail/421251447
73383932,70504,地理信息科学,本科（普通教育）,1050,理学,105007,地理科学类,10500705,2025,本专业培养具备地理学基础知识，掌握地理信息系统、数据库原理、遥感原理与技术、制图学、地理科学、资源与环境学的基础理论和基本知识，具备地理信息系统、全球定位系统和遥感的集成与应用以及相关信息处理和分析能力，能在科研机构、高等学校从事科学研究与开发，能在城市、区域、资源、环境、交通、人口、土地、房地产、基础设施和规划管理等领域从事地理信息系统开发、管理和有关应用的高素质复合型人才。,https://gaokao.chsi.com.cn/zyk/zybk/detail/73383932
73383960,70601,大气科学,本科（普通教育）,1050,理学,105007,大气科学类,10500706,2025,本专业要求学生具有大气科学等方面的基本理论、基本知识和基本技能，受到科学思维、科学实验和信息处理等方面的基本训练，掌握气象信息获取、分析及应用、天气预报、气候资源的分析与评价、短期气候预测的基本方法，具有进行大气科学基础研究或应用研究、理论分析、数据处理和计算机应用的基本技能；能在气象、海洋、环境保护、航空航天、政府部门、高等院校、科研单位及部队从事气象学、气候学、大气环境及相关学科等方面的科研、教学、科技开发及相关管理工作。,https://gaokao.chsi.com.cn/zyk/zybk/detail/73383960
73383964,70602,应用气象学,本科（普通教育）,1050,理学,105007,大气科学类,10500706,2025,本专业要求学生具有良好的科学素养和坚实的大气科学、生物科学和环境科学等方面的基础，掌握气象信息服务系统研制与运用、气候资源开发与利用、产业工程的适用气象技术研究、气象防灾减灾对策与技术研究、生态环境调控以及解决气象学在有关领域中应用问题等方面的基本能力，具有较强的知识更新能力和较广泛的科学适应能力；能够在农业气象及生态环境监测调控、信息分析处理、资源开发利用和防灾减灾等科研、教学和业务部门工作。,https://gaokao.chsi.com.cn/zyk/zybk/detail/73383964
imh7g1zm56e2g82l,70603,气象技术与工程,本科（普通教育）,1050,理学,105007,大气科学类,10500706,2025,专业内涵包括气象探测技术与装备工程、气象探测原理与数据应用两个主要方向，本专业培养的人才将掌握现代化地面观测系统、多波段的天气雷达系统、卫星数据处理分析系统等全方位的探测原理与技术，具备探测系统开发和维护能力、扎实的气象信息与信号处理、气象大数据与人工智能应用、气象产品开发与服务等工程能力。,https://gaokao.chsi.com.cn/zyk/zybk/detail/imh7g1zm56e2g82l
42svoy6xlrpng2te,70604,地球系统科学,本科（普通教育）,1050,理学,105007,大气科学类,10500706,2025,本专业培养具备地球系统科学理论基础、掌握全球变化领域核心研究方法、了解国际学科发展前沿、具备独立思考与自学能力、具有继续学术深造潜力的研究人才。培养具备领导世界应对气候变化挑战必备的基础知识、综合素质和全球视野，能够在政府、企事业核心部门就业的管理人才。,https://gaokao.chsi.com.cn/zyk/zybk/detail/42svoy6xlrpng2te
73383972,70701,海洋科学,本科（普通教育）,1050,理学,105007,海洋科学类,10500707,2025,本专业要求学生掌握海洋科学基本理论、基本知识和专业技能；具备物理海洋学、化学海洋学、海洋生态学、海洋调查及数据处理分析、海洋资源开发利用与保护等方面的知识和基本技能；具有初步的海洋科学调查与研究能力的综合素质；能在海洋生物、海洋化学的基础理论研究、海洋生物和化学资源调查、海洋环境监测等领域从事科学研究、教学与管理工作。,https://gaokao.chsi.com.cn/zyk/zybk/detail/73383972
73383976,70702,海洋技术,本科（普通教育）,1050,理学,105007,海洋科学类,10500707,2025,本专业培养具备海洋科学、遥感与信息处理和水声学的基本理论和基本技能，能在海洋和信息处理技术及相关领域，从事海洋基础研究、海洋资源开发、声学技术研发及应用、信息系统开发管理及数据处理等工作的高素质应用型人才。毕业生可从事海洋资源调查与开发，海洋环境监测、海洋资源管理、海洋探测、海洋信息处理技术等工作。,https://gaokao.chsi.com.cn/zyk/zybk/detail/73383976
73383984,70703,海洋资源与环境,本科（普通教育）,1050,理学,105007,海洋科学类,10500707,2025,本专业培养具有生物学、环境科学基本理论和基本知识，具有较强的实验、实践基本技能；具备生物资源增殖与保护、海洋环境监测与评价、海洋与渔业管理等方面的基本技能；能从事本专业及相关专业的科学研究、教学、海洋生物资源开发与保护及海洋管理等工作的高级技术人才；课程设置包含海洋生物学、海洋科学、海洋环境修复与治理、海洋管理和规划等多方面内容。,https://gaokao.chsi.com.cn/zyk/zybk/detail/73383984
164248567,70704,军事海洋学,本科（普通教育）,1050,理学,105007,海洋科学类,10500707,2025,本专业培养学生掌握海洋环境要素分析与预报、海洋环境效应评估与保障的基本技能和相关知识，熟悉联合作战对军事海洋环境预报保障的业务要求，具备从事军事海洋环境预报保障、研究与管理工作的初步能力。,https://gaokao.chsi.com.cn/zyk/zybk/detail/164248567
j0mk02nrxiq90uza,70705,海洋科学与技术,本科（普通教育）,1050,理学,105007,海洋科学类,10500707,2025,本专业面向海洋强国建设战略需求，以海洋科学和技术相结合为特色，培养掌握海洋地质学、海底资源、海洋信息技术、海洋观测技术领域方面的基础知识、专业技能和研究方法，具有较强的创新实践能力、组织领导能力和宽广的国际视野、可以引领海洋科技发展的社会栋梁与专业精英。,https://gaokao.chsi.com.cn/zyk/zybk/detail/j0mk02nrxiq90uza
73383944,70801,地球物理学,本科（普通教育）,1050,理学,105007,地球物理学类,10500708,2025,本专业学生应具备坚实的数理基础和较系统的地球物理学基本理论、基本知识和基本技能，应受到基础研究和应用基础研究的基本训练，具有较好的科学素养及教学、科学研究能力；掌握应用数学、物理学、地质学等方面的基本理论和知识；掌握地球物理学的基本理论、基本知识和基本实验技能，以及解决能源及矿产资源勘察、环境与工程地球物理等基本技能；了解勘查技术与工程、资源勘察与工程等专业的一般原理和知识；能在资源勘探和开发、地质灾害的预测和防治、国防工程与国家重大工程建设、生态环境保护以及对污染的监测等方面从事相关工作。,https://gaokao.chsi.com.cn/zyk/zybk/detail/73383944
73383952,70802,空间科学与技术,本科（普通教育）,1050,理学,105007,地球物理学类,10500708,2025,本专业是密切结合航空航天科技迅猛发展需求以及成都理工大学地学优势而开设的新型专业，是一个具有明确背景需求的综合性专业，要求学生具有扎实的数学、物理、外语和计算机基础，具备空间信息科学，现代通信理论，空间环境及探测，空间应用与开发等方面的基础理论知识和技术应用能力，具有较强创新精神，能够在航天工程、空间环境、空间探测、空间应用和空间资源开发以及其它相邻学科领域从事科学研究、人才培养、工程技术和管理工作。,https://gaokao.chsi.com.cn/zyk/zybk/detail/73383952
yhvnf2fpnvsdqzy3,70803,防灾减灾科学与工程,本科（普通教育）,1050,理学,105007,地球物理学类,10500708,2025,防灾减灾科学与工程是以“诊治地球灾害”为主要目标的国家战略性新兴专业，融合信息科学、地球科学等现代化技术，利用物联网、大数据和人工智能等新方法对气象、地质、地震等自然灾害及衍生灾害进行监测和探测，努力实现各种灾害的预测、预警和防治，减轻各种灾害带来的损失和降低各种灾害的风险，保证人民生命和财产的安全，提高国家重大工程的防灾能力。,https://gaokao.chsi.com.cn/zyk/zybk/detail/yhvnf2fpnvsdqzy3
n2nwrkcqrtwn4zml,70804,行星科学,本科（普通教育）,1050,理学,105007,地球物理学类,10500708,2025,行星科学立足于深空探测数据和返回样品，侧重于以比较行星科学的角度进行交叉综合分析，培养掌握行星科学基础理论和前沿研究技能，具有知识整合能力、创新意识、良好的科学素养和职业道德，能够从事与行星科学相关的科学研究、教学和管理的研究型人才。,https://gaokao.chsi.com.cn/zyk/zybk/detail/n2nwrkcqrtwn4zml
73383907,70901,地质学,本科（普通教育）,1050,理学,105007,地质学类,10500709,2025,本专业要求学生掌握自然科学基础知识和地质学基础理论、基本知识；系统接受地质基本工作技能、地质科学研究和计算机应用、外语交流的训练； 概略学习相关学科基础知识和人文社会科学知识；人才培养实行导师制，引导科研生产活动，培养基本研究能力和较强的实践能力；熟练掌握一门外语；能够在科研机构、高等院校从事地质科学研究或教学工作，在海洋、石油、地矿、珠宝、材料、环境、基础工程、旅游开发等部门从事技术开发与技术管理工作。,https://gaokao.chsi.com.cn/zyk/zybk/detail/73383907
73383911,70902,地球化学,本科（普通教育）,1050,理学,105007,地质学类,10500709,2025,地球化学是化学科学与地球科学相互交叉衍生形成的一门科学，它主要研究地球的物质组成和化学性质，研究这些组成的变化及其机理；本专业学生具备地球化学研究的基本理论、基本方法和基本技能，受到专业技能和技术开发的基本训练，具有扎实的数学、化学基础理论和熟练的计算机应用技能，能进行文字、图形、数据处理和编程，适合在地矿、环境、能源、冶金、农业、海洋等部门从事科学研究、生产和管理等工作。,https://gaokao.chsi.com.cn/zyk/zybk/detail/73383911
73383936,70903,地球信息科学与技术,本科（普通教育）,1050,理学,105007,地质学类,10500709,2025,本专业培养具备地质学、工程地质学、应用地球物理学、计算机信息处理技术、软件技术与工程等方面的基本理论和方法，掌握地球物理勘探的主要技术手段，具备从事各种工程勘查、信息采集、计算机处理和综合应用能力，能在工程勘察、水利水电、国土资源、环境工程、城市基础设施规划与管理等领域从事地球物理勘探、地质工程技术管理等工作的高级应用型专门人才。本专业要求学生掌握基础地质学、工程地质学、地球物理学、遥感技术、地理信息系统、信息处理技术、软件技术的基本理论知识和基本技能；具有数据库应用、面向对象程序设计和初步系统软件设计能力；具备运用主要地球物理勘探技术方法进行岩土工程、资源工程、环境工程等工程勘查的能力，熟练掌握一门外语和计算机应用技能。,https://gaokao.chsi.com.cn/zyk/zybk/detail/73383936
320924689,70904,古生物学,本科（普通教育）,1050,理学,105007,地质学类,10500709,2025,古生物学是地质学与生物学之间的边缘交叉学科，主要研究保存在地层中的地质历史时期的生物遗体和遗迹化石；本专业培养具备良好的科学素质、掌握地质学、古生物学、演化生物学和化石能源的基础知识和实验技能，掌握博物馆学、化石保护法律法规的基本知识和化石修复技能，能够从事古生物学与生物进化学、古地理与古环境学、化石能源、化石保护与自然类博物馆及相关领域研究或管理工作的复合型、应用型专业技术人才。,https://gaokao.chsi.com.cn/zyk/zybk/detail/320924689
73383847,71001,生物科学,本科（普通教育）,1050,理学,105007,生物科学类,10500710,2025,本专业旨在培养具备良好的现代生命科学基本理论、基本知识和基本技能，能够从事工业、医药、食品、农、林、牧、渔、环境保护、园林等行业的企业、事业和行政管理部门从事与生物科学、生物技术相关的应用研究、技术开发、生产管理、行政管理等工作高级专门人才；本专业要求生具有扎实的数理化基础，掌握系统的生物科学的基本理论基本知识和基本技术，受到系统的专业理论和专业技能训练，具有较好的科学研究、技术开发、教学及管理等方面的能力。,https://gaokao.chsi.com.cn/zyk/zybk/detail/73383847
73383851,71002,生物技术,本科（普通教育）,1050,理学,105007,生物科学类,10500710,2025,本专业培养以现代细胞与分子生物学为基础、以分子克隆技术为手段的现代生物技术人才；要求学生掌握生物学、生物化学、微生物学、细胞生物学、分子生物学、神经生物学、免疫学、遗传学、基因工程、酶工程、发酵工程等方面的基本理论和知识；着重掌握分子生物学技术、细胞与组织培养技术、基因工程、酶工程、蛋白质工程、微生物工程、生物制药技术、药用植物化学分析技术、植物工厂化繁育与生产的技术、动植物检疫技术、市场营销、企业策划等知识和技能。毕业生能在科研机构或高等学校从事生物技术及其相关领域的科学研究或教学工作，能在工业、医药、商检、食品、农林生产、环保、科技情报、园林等行业的企业、事业和行政管理部门从事与生物技术有关的应用研究、技术开发、生产管理和行政管理等工作。,https://gaokao.chsi.com.cn/zyk/zybk/detail/73383851
73383855,71003,生物信息学,本科（普通教育）,1050,理学,105007,生物科学类,10500710,2025,生物信息学是一门以生物学、数学和信息科学为基础的交叉科学，它通过综合运用数学和信息科学等多领域的方法和工具对生物信息进行获取、加工、存储、分析和解释，来阐明大量生物数据所包含的生物学意义。本专业培养具备生命科学和医学基础知识，掌握与生物信息学相关的信息科学、计算机科学、数学和生物技术等基本理论知识和技能，实践能力强，受过严格的科学实验训练，具备较强的知识更新能力和创新能力的高素质人才。毕业后能从事生物信息学及相关领域的科学研究、技术开发、服务、管理和教育等工作。,https://gaokao.chsi.com.cn/zyk/zybk/detail/73383855
73384056,71004,生态学,本科（普通教育）,1050,理学,105007,生物科学类,10500710,2025,"生态学专业是一门新兴的、多学科交叉渗透形成的、与人类、生物生存、现代工业发展和城市建设息息相关的前沿学科；本专业培养具备生态学基本理论、基础知识和基本技能，能在科研机构、企事业单位和行政部门从事工业生态、城市生态和普通生态等生态规划、研究、建设、改造和管理的高级专门人才。学生主要学习生态学方面的基本理论、基本知识,受到基础研究和应用基础研究的科学思维和科学实验训练,具有较好的科学素养,掌握现代生态学理论和计算机模拟等实验技能,初步具备教学、研究、开发和管理能力。",https://gaokao.chsi.com.cn/zyk/zybk/detail/73384056
ot19aw9pdoycfu2s,71005,整合科学,本科（普通教育）,1050,理学,105007,生物科学类,10500710,2025,整合科学专业是一个全新的跨学科交融性本科专业，是未来生命科学新兴学科的发展方向，整合科学打破人为造成的传统学科之间的藩篱，从每个学科独特的观察和解决问题的视角、技术和手段来解决生命科学的问题，从而实现数、理、化、生和信息及工程的整合，培养具备扎实的基础理论和学科交叉素养，创新精神和国际视野，在整合科学相关领域引领未来发展的拔尖创新人才。,https://gaokao.chsi.com.cn/zyk/zybk/detail/ot19aw9pdoycfu2s
ffarjpa3g6rm6vf1,71006,神经科学,本科（普通教育）,1050,理学,105007,生物科学类,10500710,2025,本专业是融合生物学、心理学、医学、计算机科学与工程学等多学科知识的前沿交叉学科，研究神经系统结构、功能及疾病。培养具备扎实理论基础、科研与实践能力、跨学科视野的高素质人才，服务脑科学研究、健康中国战略与人工智能发展。,https://gaokao.chsi.com.cn/zyk/zybk/detail/ffarjpa3g6rm6vf1
73384076,71101,心理学,本科（普通教育）,1050,理学,105007,心理学类,10500711,2025,本专业要求学生具有扎实的自然科学和人文社科训练；掌握心理学的基本理论和广泛的心理学知识；掌握心理学基本研究方法，具备发现、分析和解决问题的能力，以及知识自我更新与不断创新的能力，能适应科学研究的需要；具有一定的科学研究能力，可从事心理学及相关专业教学、科研及应用研究；本科毕业后，可继续攻读硕士、博士学位，或在组织管理、学校教育、咨询临床等领域从事心理学应用相关的职业。,https://gaokao.chsi.com.cn/zyk/zybk/detail/73384076
73384080,71102,应用心理学,本科（普通教育）,1050,理学,105007,心理学类,10500711,2025,本专业培养具备心理学理论、知识和技能，掌握心理学研究、咨询和治疗方法，有能力随时了解心理学的最新发展的专业人才；要求学生掌握扎实的心理学专业理论知识；培养精确缜密的科学思维，具备开展心理学实验，进行心理测试、心理评估、心理咨询等实际工作的能力；具备广博的人文视野和较高的人文素养，积极参加社会活动，心系人文关怀；熟练掌握一门外国语，达到国家规定的等级水平；熟练应用计算机，能够使用统计软件对所得数据进行分析；具备一定的独立科学研究能力、进一步专业深造的理论素养和必要的知识储备。,https://gaokao.chsi.com.cn/zyk/zybk/detail/73384080
dwzh13i2x9vax7ji,71103,心理、脑与认知科学,本科（普通教育）,1050,理学,105007,心理学类,10500711,,,https://gaokao.chsi.com.cn/zyk/zybk/detail/dwzh13i2x9vax7ji
73384088,71201,统计学,本科（普通教育）,1050,理学,105007,统计学类,10500712,2025,统计学是关于数据的方法论学科，提供数据采集、数据处理、数据分析的各种方法；统计学专业旨在培养具备较强的计算机和统计软件的应用能力，具有坚实的数学与外语基础，掌握扎实的经济学基础知识，具有一定的独立观察、分析、研究社会经济问题的能力，能够系统掌握统计学原理和方法，专长于应用统计方法对各种数据进行处理和分析的实用型和通用型人才；毕业生可在银行、证券公司、信托投资公司、保险公司等各种金融机构以及国家部委、企业、咨询公司从事统计分析工作与管理工作。,https://gaokao.chsi.com.cn/zyk/zybk/detail/73384088
437286976,71202,应用统计学,本科（普通教育）,1050,理学,105007,统计学类,10500712,2025,本专业培养具有良好的数学基础和一定的经济学基础，掌握统计学的基本理论和方法，受到用统计方法和统计软件收集、整理、分析数据的基本训练，掌握统计建模和统计应用的基本方法，能熟练地运用统计方法分析数据和解决实际统计应用问题，能在政府、企业、事业单位和经济、管理等部门从事统计调查、统计信息分析、数量分析等方面工作的统计学高级应用型人才。,https://gaokao.chsi.com.cn/zyk/zybk/detail/437286976
swnmwpea5owu1jz3,71203,数据科学,本科（普通教育）,1050,理学,105007,统计学类,10500712,2025,本专业是以大数据分析为中心，统计学、数学、计算机科学与技术等学科交叉融合为特色的统计学类专业。培养具有扎实的统计学基础、缜密的逻辑推理和数据思维、系统的计算机科学技能，掌握数据科学中的核心统计方法和数据分析方法，具备一定的数据采集、挖掘、清洗、分析和处理的能力，能解决数据分析建模和大数据治理等相关领域的复杂工程问题的高素质应用型人才。,https://gaokao.chsi.com.cn/zyk/zybk/detail/swnmwpea5owu1jz3
zpp7fhmn31bajlmv,71204,生物统计学,本科（普通教育）,1050,理学,105007,统计学类,10500712,2025,本专业培养适应我国社会主义现代化建设需要，具有较扎实的数学、统计学基础，良好的生物统计知识，熟练的编程和统计软件应用能力，掌握生物医药的基础知识，较高的外语水平，知识面广，素质高，能力强，能从事生物统计学科研工作和熟练运用统计学方法解决生物医学相关实际问题，具有国际竞争力的生物统计学复合型人才。,https://gaokao.chsi.com.cn/zyk/zybk/detail/zpp7fhmn31bajlmv
73383996,80101,理论与应用力学,本科（普通教育）,1050,工学,105008,力学类,10500801,2025,"本专业培养掌握力学基本理论、基本知识和技能,具有良好的数理基础和科学素质，受到相关工程技术应用训练、能够运用理论分析、实验研究和数值模拟手段解决工程实际问题的高级专门人才。要求学生通过系统学习和基本工程训练，掌握力学专业及结构工程、材料工程、机械工程等相关学科的基本知识和某一专业方向的专门知识，具有系统、扎实的数学、力学基础，较强的理论分析、计算机应用与实验能力；具有广泛的工程知识，能够在实际工作中独立解决复杂的工程结构分析问题；具有创新精神和创造能力；受到科学研究和工程技术应用的初步训练，具有良好的科学素养。",https://gaokao.chsi.com.cn/zyk/zybk/detail/73383996
73384816,80102,工程力学,本科（普通教育）,1050,工学,105008,力学类,10500801,2025,本专业培养具备扎实的力学基础理论、计算仿真和工程实验能力，能在航天航空、土木建筑、机械与车辆、生物医学等工程领域中从事与力学有关的科研、技术开发和工程设计的研究型人才。要求学生具备力学、数学理论基础；具有卓越的分析、综合应用能力；熟练掌握理论、计算和实验等研究方法和工具；能在企业及研究机构中胜任强度、振动和计算机仿真模拟等方面的设计、开发和管理、研究等工作；本专业毕业生主要面向航天航空、机械工程、建筑工程、新型材料、生物医学等应用领域，从事科学研究、技术开发、工程管理等方面的工作。,https://gaokao.chsi.com.cn/zyk/zybk/detail/73384816
437286835,80201,机械工程,本科（普通教育）,1050,工学,105008,机械类,10500802,2025,机械工程是以数学、物理、化学、力学、材料学、控制学、计算机等自然科学和技术科学为理论基础，以理论分析、物理实验、工程试验、计算机仿真等为手段，研究和解决机械在设计、制造、运行、控制、管理、使用、维护等方面理论及实际问题的应用学科和专业。该专业培养具备机械设计、制造、机电工程及自动化基础知识与应用能力，能在科研院所、企业、高新技术公司利用计算机辅助设计、制造及技术分析，从事各种机械、机电产品及系统、设备、装置的研究、设计、制造、控制、编程，数控设备的开发、计算机辅助编程，工业机器人及精密机电装置、智能机械、微机械、动力机械等高新技术产品与系统的设计、制造、开发、应用研究，以及从事技术管理的高级工程技术人才。,https://gaokao.chsi.com.cn/zyk/zybk/detail/437286835
73384204,80202,机械设计制造及其自动化,本科（普通教育）,1050,工学,105008,机械类,10500802,2025,本专业培养获得现代机械工程师基本训练，能从事机械设计制造及其自动化专业领域内的设计制造、推广应用、运行管理和营销等方面的工作，具有创新意识和较强实践能力的高级应用型工程技术人才。在校学生除学习高等数学、大学物理、外语等基础课外，主要学习的专业基础课和专业课有：理论力学、材料力学、工程制图、工程材料与成型技术基础、机械原理、机械设计、电工电子学、机电控制工程基础、液压传动与控制、微机原理及接口技术、机器人机构学、机电一体化系统设计、数控技术及数控机床等。,https://gaokao.chsi.com.cn/zyk/zybk/detail/73384204
73384208,80203,材料成型及控制工程,本科（普通教育）,1050,工学,105008,机械类,10500802,2025,本专业培养具备机械热加工基础知识与应用能力，能在工业生产第一线从事热加工领域内的设计制造、试验研究、运行管理和经营销售等方面工作的高级工程技术人才；要求学生较系统地掌握本专业领域宽广的技术理论基础知识，主要包括力学、机械学、电工与电子技术、热加工工艺基础、自动化基础、市场经济及企业管理等基础知识；具有本专业必需的制图、计算、测试、文献检索和基本工艺操作等基本技能及较强的计算机和外语应用能力；具有本专业领域内某个专业方向所必需的专业知识，了解科学前沿及发展趋势；受到现代机械工程师的基本训练，具有从事各类热加工工艺及设备设计、生产组织管理的基本能力。,https://gaokao.chsi.com.cn/zyk/zybk/detail/73384208
73384228,80204,机械电子工程,本科（普通教育）,1050,工学,105008,机械类,10500802,2025,本专业以力学、机械工程、电子科学与技术、控制科学与工程为主干学科，重点学习机电系统设计、控制系统设计等学科方向所需要的基础理论和专业知识；要求学生具备机械、电子、控制等学科的基本理论和知识，具有机械设计与制造、自动化设备以及生产系统的自动控制与检测、计算机应用技术等方面的基本技能；能在机电行业及相关领域从事机电一体化产品和系统的设计制造、研究开发、工程应用、运行管理等方面工作。,https://gaokao.chsi.com.cn/zyk/zybk/detail/73384228
73384212,80205,工业设计,本科（普通教育）,1050,工学,105008,机械类,10500802,2025,本专业是从消费者需求出发，专门从事研究产品开发设计的专业，具有技术和艺术的高度统一的鲜明特征，专业所包括的内容有产品的市场调研、设计构思、结构设计、形态设计，交互设计，以及包装、装潢、广告和展示设计，强调培养学生的设计创新能力、实践能力、设计管理能力和计算机辅助设计的应用能力；要求学生较系统地掌握本专业领域宽广的技术理论基础知识，主要包括工业设计工程基础、设计表现基础、设计基础、设计理论、人机工程、设计材料及加工、计算机辅助设计、市场经济及企业管理等基础知识；具有新产品的研究与开发的初步能力，有较强的实验技能、动手能力、及美的鉴赏与创造能力以及较强的计算机和外语应用能力。,https://gaokao.chsi.com.cn/zyk/zybk/detail/73384212
73384216,80206,过程装备与控制工程,本科（普通教育）,1050,工学,105008,机械类,10500802,2025,本专业以工业生产过程为控制对象，以控制理论和控制工程为基础，以自动化仪表和微型计算机为技术手段，对工业生产过程参数在线检测和控制，实现生产过程自动化及生产管理最优化；要求学生掌握控制科学与工程、化工原理及化工工艺等基础理论和知识，掌握工业生产过程检测与控制的专业知识，掌握仪器仪表开发与微型计算机应用的专业知识，培养从事工业生产过程检测与控制系统设计、智能仪器仪表设计、微计算机应用及其软件开发工作的高级工程技术人才。,https://gaokao.chsi.com.cn/zyk/zybk/detail/73384216
73384224,80207,车辆工程,本科（普通教育）,1050,工学,105008,机械类,10500802,2025,本专业以汽车底盘、车身、电气设备的设计、制造、试验研究为主要内容，包括：汽车总体论证、设计、分析与试验；汽车主要零部件的设计、分析与试验；汽车车身结构和车身造型的设计与研究；汽车电器、电子与信息技术；汽车制造工艺；新能源汽车技术；培养掌握传统汽车和新能源汽车总体、主要零部件、电控及信息、电传动等现代汽车技术，为汽车工业培养汽车产品设计、制造、运用、研究和检测及试验等方向的、工程实践能力和创新能力强的拔尖创新型技术人才。,https://gaokao.chsi.com.cn/zyk/zybk/detail/73384224
73384232,80208,汽车服务工程,本科（普通教育）,1050,工学,105008,机械类,10500802,2025,本专业培养具备扎实的机械工程、电子与计算机技术的基本理论和知识，素质全面，有较强的实践能力和创新精神，具有扎实的现代汽车技术基础，对汽车工程实现技术支持，具有现代汽车服务理念和职业素质，在汽车工程和汽车运用领域内从事新技术开发、汽车技术服务、汽车贸易等工作的高级复合型人才；学生主要学习汽车技术、汽车运用、汽车服务等领域的基本理论，接受现代汽车诊断、检测与维修技术、汽车营销和其他汽车服务的系统训练，具有从事汽车技术服务及经营管理等工作的基本能力。,https://gaokao.chsi.com.cn/zyk/zybk/detail/73384232
437287036,80209,机械工艺技术,本科（普通教育）,1050,工学,105008,机械类,10500802,2025,本专业培养掌握必备的自然科学基础理论和机械工艺技术专业知识与技能，具有一定的科学文化素质，良好的人文素养、职业道德，具有国际视野和创新创业精神，工程实践能力强，能在机械工程及相关领域从事机械产品，特别是模具产品的设计与制造、先进制造技术的应用与开发、企业的生产与管理，使之成为专业基础扎实、工作作风踏实、实践能力强，具有较强的创新精神和团队意识的应用型技术人才。,https://gaokao.chsi.com.cn/zyk/zybk/detail/437287036
164251880,80210,微机电系统工程,本科（普通教育）,1050,工学,105008,机械类,10500802,2025,本专业是国家新兴战略产业相关专业，面向集成电路制造、航空、航天、生物医疗、精密仪器、汽车电子、消费电子等领域，培养掌握先进的微电子制造技术、精密机械制造技术、仪器仪表及测控技术、微机电系统设计制造技术，并具备一定的人文社科和现代管理知识的复合型高级人才；毕业生可在集成电路制造、航空、航天、机械工程、精密仪器、微电子、医疗器械等行业和领域的研究院所、大中型企业、合资企业及高等院校从事科研、设计、生产等方面的工作。,https://gaokao.chsi.com.cn/zyk/zybk/detail/164251880
73383391,80211,机电技术教育,本科（普通教育）,1050,工学,105008,机械类,10500802,2025,本专业培养适应中等职业技术教育发展需要，掌握机电技术基础理论、基本知识和基本技能，具备较强的实践能力和创新精神，能在中等职业学校从事机电技术类课程教学及在相关行业从事设计和研究等工作的应用型人才；学生主要学习机械设计、制造及电学的基础理论，学习机械制造及系统控制、运行与维护及机电设备安装、调试与使用的基本知识，接受从事科学研究和现代教育理论与实践训练，具有从事机电技术教学、产品开发与推广和机电设备维护等方面的基本能力。,https://gaokao.chsi.com.cn/zyk/zybk/detail/73383391
73383399,80212,汽车维修工程教育,本科（普通教育）,1050,工学,105008,机械类,10500802,2025,本专业培养适合我国汽车产业发展需要，具有系统的汽车运用及现代汽车电子控制系统的基本知识与基本技能，具有良好的科学文化素质、创新思维能力和工程实践能力，能在汽车行业从事汽车电子运用、检测、维修的应用型高级专门人才；学生获得师范技能的基本训练，能在职业院校从事相关专业理论教学和实践教学。本专业要求学生系统地掌握本专业领域较宽广的技术理论，掌握本专业必需的汽车相关基础理论、汽车电子技术的基本技能及汽车运用的基本方法；具有本专业领域内汽车电子专业方向所必要的专业知识，了解其学科前沿及发展趋势；具有一定的应用相关知识、技术和技能解决社会、生产实践问题的能力。,https://gaokao.chsi.com.cn/zyk/zybk/detail/73383399
57ufmsc9ur9g0enc,80213,智能制造工程,本科（普通教育）,1050,工学,105008,机械类,10500802,2025,本专业立足于城市轨道交通，面向制造强国的人才需求，采用具有典型复合、交叉、时代和前瞻性特色的“新工科”人才培养理念，培养掌握自然科学基础、机械工程与新一代信息技术及其交叉融合、现代信息化管理，并能融入行业专业领域等相关专业知识，具备面向工程实践，发现、分析和解决智能制造领域的复杂工程问题的能力，以及素质拓展和持续发展所需要的自我学习能力。毕业生能够在企事业单位、政府部门从事智能制造相关产品及系统的设计制造、技术开发、科学研究、经营管理等工作，成为本领域的技术骨干或管理人才。,https://gaokao.chsi.com.cn/zyk/zybk/detail/57ufmsc9ur9g0enc
h34xdl8pjoiyee0l,80214,智能车辆工程,本科（普通教育）,1050,工学,105008,机械类,10500802,2025,本专业是集车辆工程、人工智能、计算机、通信和电子控制等多学科交叉的“新工科专业”，主要培养面向新能源汽车企业及其核心配套企业以及汽车检测机构等所需要的人才，重点对接地方支柱产业与全国智能汽车产业发展需求，以智能汽车产业及相关产业人才需求为导向，培养具有创新意识和较强的工程实践能力，具备良好的职业素养和社会责任感，掌握车辆工程领域相关的基础理论和专业知识，能够从事智能汽车工程领域相关设计、工艺、测试、管理等工作的高素质应用型人才。,https://gaokao.chsi.com.cn/zyk/zybk/detail/h34xdl8pjoiyee0l
pxeak8uwqwny8w13,80215,仿生科学与工程,本科（普通教育）,1050,工学,105008,机械类,10500802,2025,本专业旨在培养适应社会与科技发展需要，具备自然科学、人文科学知识基础和高度社会责任感，较系统地掌握仿生学、机械学、生物学基本理论及工程技能和技术知识，具备自然科学和人文科学知识基础，具备仿生相关装备设计与制造、仿生材料开发、仿生学研究等方面能力的交叉复合型高素质人才。,https://gaokao.chsi.com.cn/zyk/zybk/detail/pxeak8uwqwny8w13
wch4lfrmvkibcsrp,80216,新能源汽车工程,本科（普通教育）,1050,工学,105008,机械类,10500802,2025,本专业培养适应区域经济社会发展和产业转型升级需要的新能源汽车行业高级应用型技术人才。培养系统掌握新能源汽车理论、新能源汽车设计以及试验技术等方面知识，具有较强的管理、沟通和协调能力，能在新能源汽车设计、研究开发、试验以及技术服务等部门，从事新能源汽车整车、零部件的设计开发、试验研究以及管理工作，能够持续跟踪新能源汽车新技术发展，富有创新精神的新能源汽车行业的工程师或管理者。,https://gaokao.chsi.com.cn/zyk/zybk/detail/wch4lfrmvkibcsrp
cny38s3z1tltv9wy,80217,增材制造工程,本科（普通教育）,1050,工学,105008,机械类,10500802,2025,本专业培养掌握增材制造工程方面的基本理论和基本知识，具备机械设计、数字化产品造型、自动控制、仪器操作与使用、英语及计算机应用等方面的基本技能；接受工程师基本训练，实践能力、创新意识强，工程素质高，视野开阔，具有增材工艺及装备设计能力的高级工程技术人才。,https://gaokao.chsi.com.cn/zyk/zybk/detail/cny38s3z1tltv9wy
a9nv9318tcjq0x50,80218,智能交互设计,本科（普通教育）,1050,工学,105008,机械类,10500802,2025,本专业面向大数据、人工智能、物联网等智能科技相关产业，培养具备扎实的科技基础知识、优良的人文综合素养，系统掌握新技术条件和全球竞争场景下的智能交互设计理论、方法和工具，具备智能科技、交互体验、创意设计等多学科知识的交叉应用能力的复合型创新设计人才。,https://gaokao.chsi.com.cn/zyk/zybk/detail/a9nv9318tcjq0x50
tl3oa5okdbx27bzc,80219,应急装备技术与工程,本科（普通教育）,1050,工学,105008,机械类,10500802,2025,本专业以工业化进程的所需应急装备和应急救援技术为专业背景，涉及各类应急技术系统及装备的设计与制造、技术开发、故障诊断、运行管理、应用维护等基本知识与实践，着重培养适应行业和社会经济发展需要，具备机械工程、安全科学与工程等学科领域的专门知识和工程实践能力，能够在安全生产、防灾减灾救灾、应急管理等领域从事应急装备技术与工程方面的研究开发、分析设计、管理评价、检测监控、教育培训、应急救援与事故处理等工作的高素质应用创新型人才。,https://gaokao.chsi.com.cn/zyk/zybk/detail/tl3oa5okdbx27bzc
hpe2vgd4cmdrxmjv,80220,农林智能装备工程,本科（普通教育）,1050,工学,105008,机械类,10500802,2025,本专业培养数理基础扎实，掌握机电、控制、人工智能等多学科专业理论知识和技能，具有较强的创新意识和突出的工程实践能力、交流与团队合作能力，能胜任农林智能装备、智能制造装备、机器人、机电产品等领域的科学研究、产品设计、技术研发和管理等方面工作的高素质创新型人才。,https://gaokao.chsi.com.cn/zyk/zybk/detail/hpe2vgd4cmdrxmjv
eoqus14movee6q78,80221,真空工程与技术,本科（普通教育）,1050,工学,105008,机械类,10500802,,,https://gaokao.chsi.com.cn/zyk/zybk/detail/eoqus14movee6q78
73384252,80301,测控技术与仪器,本科（普通教育）,1050,工学,105008,仪器类,10500803,2025,测控技术与仪器是电子、光学、精密机械、计算机、信息与控制技术多学科互相渗透而形成的一门高新技术密集型综合学科，主要面向测量和控制的新原理、新技术以及仪器的智能化、微型化、集成化、网络化和系统工程化等。本专业学生主要学习精密仪器的光学、机械与电子学基础理论，测量与控制理论和有关测控仪器的设计方法，受到现代测控技术和仪器应用的训练，具有本专业测控技术及仪器系统的应用及设计开发能力，可在国民经济各部门从事测量与控制领域内有关技术、仪器与系统的设计制造、科技开发、应用研究、运行管理等方面的工作。,https://gaokao.chsi.com.cn/zyk/zybk/detail/73384252
2386xjwk88mlbqwd,80302,精密仪器,本科（普通教育）,1050,工学,105008,仪器类,10500803,2025,本专业是面向重大前沿科学探索、高精尖科技工程、高端装备制造、智能制造、生物医学工程和航天等重大科学前沿领域，以精密机械工程、精密光学工程、精密电子技术、精密控制技术、激光技术、超声技术、现代光学技术、量子化技术、计算机技术、数字化技术、网络化技术和智能化技术等前沿技术为手段，探索、研究、设计和研制新原理高精尖仪器，并使仪器实现数字化、网络化和智能化。精密仪器专业是以多学科交叉融合为显著特征的综合性和前沿性学科专业。,https://gaokao.chsi.com.cn/zyk/zybk/detail/2386xjwk88mlbqwd
i0pto04663h35dvp,80303,智能感知工程,本科（普通教育）,1050,工学,105008,仪器类,10500803,2025,本专业面向国家和社会发展需要，培养具备社会责任感和科学、工程、人文素养，掌握自然科学基础、工程基础以及智能感知工程专业的基础知识和基本技能，具备自主学习能力、创新意识和团队合作精神，与信息新技术相融合，能够在智能制造与装备、智慧医疗、智能交通、智能家居等相关领域，从事智能感知系统的设计、研发、技术支持、运营管理等工作的高素质应用型人才。,https://gaokao.chsi.com.cn/zyk/zybk/detail/i0pto04663h35dvp
73384156,80401,材料科学与工程,本科（普通教育）,1050,工学,105008,材料类,10500804,2025,材料科学与工程是研究材料成分、结构、工艺、性能与用途之间有关知识和应用的学科。该专业方向培养具有扎实的材料科学与工程基础理论知识及相关基本技能的高级研究开发与工程技术人才。毕业生掌握材料科学与工程领域比较系统全面的基础理论知识、基本技能和方法，具有从事材料领域科技工作的初步能力。能在材料、机械、电子信息、冶金、航空航天等各种行业从事材料的生产、质量检验、工艺与设备设计、新材料的研究与开发以及经营管理工作，或在科研机构和高等学校从事教学与科学研究工作，或成为本专业及相关专业研究生的优秀生源。,https://gaokao.chsi.com.cn/zyk/zybk/detail/73384156
73384036,80402,材料物理,本科（普通教育）,1050,工学,105008,材料类,10500804,2025,本专业培养具有较深厚的物理学基础，掌握材料科学基本理论和现代材料科学研究与测试的基本方法，能在科技、教育、工业、事业等部门从事材料的研究设计、性能检测、生产使用、技术开发、质量管理的复合型高级专门人才；学生除学习物理基础课程以外，还要学习材料物理、材料科学基础、光电子学概论、信息材料、材料物理专门实验等专业课程。,https://gaokao.chsi.com.cn/zyk/zybk/detail/73384036
73384040,80403,材料化学,本科（普通教育）,1050,工学,105008,材料类,10500804,2025,本专业主要培养学生掌握材料科学的基本理论与技术，使学生具备材料化学相关的基本知识和基本技能，对学生进行科学思维与科学实验方法方面的基本训练，使学生具备从事由材料结构、功能到材料设计和研究开发的综合能力，能在材料科学与工程及相关领域从事研究、教学、科技开发及相关管理工作。,https://gaokao.chsi.com.cn/zyk/zybk/detail/73384040
73384140,80404,冶金工程,本科（普通教育）,1050,工学,105008,材料类,10500804,2025,本专业培养具备冶金物理化学、钢铁冶金和有色金属冶金等方面知识，能在冶金工程领域从事生产、设计、科研和管理工作的高级工程技术人才；主要开设冶金物理化学、材料科学基础、冶金传输原理、钢铁冶金学、冶金质量分析等课程；毕业生可在钢铁冶金、有色冶金领域可从事基础研究、技术开发、工程设计、技术改造等方面的工作；在材料、化工、环境、机械工程等领域可从事与冶金学科相关的技术开发与技术改造工作；在钢铁冶金、有色冶金生产企业可从事生产组织、技术经济、质量管理、环境安全、经营销售等方面的工作；在冶金研究、设计院所可从事科研开发、工厂设计、工艺改造等方面的工作。在高等院校可从事冶金实验教学工作；在高等职业技术学校可从事冶金教学工作。,https://gaokao.chsi.com.cn/zyk/zybk/detail/73384140
73384144,80405,金属材料工程,本科（普通教育）,1050,工学,105008,材料类,10500804,2025,本专业培养系统掌握现代金属材料科学与工程等方面知识，能在冶金、材料结构研究与分析、金属材料及复合材料制备、材料腐蚀与防护及表面工程、金属材料热加工、粉末冶金材料成型等领域从事生产、经营管理、工艺、设计、技术开发及科研等具有较高技术水平，创新意识较强的宽口工程技术人才；要求学生具有较深厚的材料科学与工程基础，掌握材料科学基本理论和现代材料研究与测试的基本方法，掌握材料性能与微观结构之间的基本规律，掌握金属材料制备、材料加工与产品质量分析等工程方面的基础知识和基本技能，具有创新精神和实践能力。,https://gaokao.chsi.com.cn/zyk/zybk/detail/73384144
73384148,80406,无机非金属材料工程,本科（普通教育）,1050,工学,105008,材料类,10500804,2025,本专业培养在无机非金属材料工程领域从事设计研究与技术开发方面工作的高级工程技术人才，掌握无机非金属材料及其复合材料科学与工程方面的知识，能在无机非金属材料研究与分析、材料的制备、材料的成型与加工等领域从事科学研究、技术开发、工艺设计、生产及技术管理等工作。要求学生掌握无机非金属材料及材料复合的基础理论；掌握无机非金属材料的生产过程和设备、生产工艺的专业基础知识；掌握材料制备的原理及工艺基础，材料的结构与性能；掌握本专业所必需的计算机应用的基本知识技能；具有制品的工业生产、质量控制和技术管理的初步能力；具有研究改进材料性能，开发新材料、制品、工艺的初步能力。,https://gaokao.chsi.com.cn/zyk/zybk/detail/73384148
73384152,80407,高分子材料与工程,本科（普通教育）,1050,工学,105008,材料类,10500804,2025,本专业以化学和材料科学与工程为主干学科，学习高分子的分子设计、合成、结构与性能、应用等方面的基础理论、专业知识和实验技能以及计算机的应用等现代科技和设计手段；本专业培养的学生具有理工交叉的特点，学生既可以从事新型聚合材料的研究，又可以从事材料制备、加工工艺技术开发和生产技术管理工作。高分子材料与工程主要专业课有：高分子化学、高分子物理、高等有机化学、物质结构、材料学概论、材料科学基础、聚合物成型加工与应用等课程。,https://gaokao.chsi.com.cn/zyk/zybk/detail/73384152
73384160,80408,复合材料与工程,本科（普通教育）,1050,工学,105008,材料类,10500804,2025,本专业是材料、化工、计算机技术、数理等学科相互交叉的综合学科，旨在培养学生对复合材料进行材料和结构设计、工艺优化、开发先进复合材料及制品的能力，使学生掌握复合材料的成型加工技术和设备原理，能够在复合材料的设计、制备和成型加工等领域从事一定的科学研究、技术开发、工艺及设备设计或相关生产、经营管理等方面工作。,https://gaokao.chsi.com.cn/zyk/zybk/detail/73384160
73384172,80409,粉体材料科学与工程,本科（普通教育）,1050,工学,105008,材料类,10500804,2025,本专业培养能在材料科学与工程领域，特别是在粉体材料、粉末冶金、陶瓷材料等领域，从事科学研究、工程设计、技术与产品开发、质量控制和生产经营管理等方面工作的高级专门人才。要求学生系统掌握粉体材料科学与工程的基础理论、基本知识和基本技能，具有创新精神和一定的创新能力；了解金属和非金属粉体材料的生产工艺及相关设备，具有在粉体制备、测试、改性和应用等方面应用新技术、进行设备及技术管理的能力；能在新材料、新能源、农业和医药产业等新兴产业以及兵工等与粉体相关行业工作。,https://gaokao.chsi.com.cn/zyk/zybk/detail/73384172
73384168,80410,宝石及材料工艺学,本科（普通教育）,1050,工学,105008,材料类,10500804,2025,本专业培养具备扎实的地质学、美术设计、珠宝玉石首饰鉴定和市场营销等基本理论知识，具备珠宝玉石等矿产资源开发利用、珠宝玉石首饰鉴定检验、宝石玉雕及首饰工艺设计加工、珠宝玉石首饰经营管理等技能，能够从事珠宝玉石及贵金属首饰的质量检验、技术开发和经营管理的高级应用型专门人才。要求学生具备较为系统的地质学基础，初步懂得开展相关矿产资源研究工作的理论和方法；掌握钻石、有色宝石、玉石及贵金属（金、银、铂、钯）首饰鉴定、设计、加工、商贸的理论知识和实际操作技能；掌握宝石学的研究思路和方法，具有独立进行宝石学研究的初步能力；初步掌握材料工艺学的基本理论、知识和工艺方法，具有一定的材料工艺开发研究能力；掌握美术设计的基本原理和方法，具有一定的从事首饰及材料工艺设计的能力；懂得市场营销、推销技巧与商务谈判，具有胜任技术管理和市场开发等工作的素质与能力。,https://gaokao.chsi.com.cn/zyk/zybk/detail/73384168
73384164,80411,焊接技术与工程,本科（普通教育）,1050,工学,105008,材料类,10500804,2025,本专业培养具备材料科学、电工和电子学、机械、力学和自动控制的基础知识和应用能力，能够在焊接技术与工程领域从事科学研究、技术开发、设计制造、生产组织管理等方面工作的高级工程技术人才。要求学生具有较扎实的自然科学基础，系统地掌握本专业领域宽广的技术理论基础知识，主要包括力学、机械学、电工电子学、热加工工艺、自动化基础、材料科学基础、焊接电弧及弧焊方法、焊接结构力学和材料熔接基础及焊接性；具有本专业必需的工程制图、计算、实验、测试、文献检索和基本工艺操作等基本技能和较强的计算机应用能力；初步掌握科学研究、科技开发及组织管理能力，较强实践能力、适应能力和创新精神。,https://gaokao.chsi.com.cn/zyk/zybk/detail/73384164
164251864,80412,功能材料,本科（普通教育）,1050,工学,105008,材料类,10500804,2025,功能材料专业是根据社会发展的需要，特别是生物医学工程、组织工程和药物释放等交叉学科技术的迅速发展对专业人才的迫切需求而设立的，本专业是材料学、生物学和医学等学科领域的跨学科专业，主干学科有高分子材料科学与工程、生物医学工程，主要从事生物材料和生物医学工程方面的教学与科研工作。学生需要学习无机及分析化学、有机化学、物理化学、高分子化学、高分子物理、材料合成及其应用、材料分析检测与评价技术及聚合物合成原理及工艺学等的基本知识、基本原理和基础实验技能；熟悉国家关于科学技术、材料制备与应用的相关产业、知识产权等方面的政策、法规；受到功能材料制备与加工的专业训练，掌握及运用现代信息技术获取相关信息的基本方法；具有一定的实验设计、归纳、整理、分析实验结果，撰写论文，参与学术交流的能力；掌握相关工程技术、产品开发、分析测试等方面的知识，初具解决生产实际问题的能力。,https://gaokao.chsi.com.cn/zyk/zybk/detail/164251864
164251868,80413,纳米材料与技术,本科（普通教育）,1050,工学,105008,材料类,10500804,2025,本专业着重于纳米材料制备、纳米结构及性能表征、纳米材料加工技术和应用等技术方面的培养，满足微电子和光电子材料与器件、新型功能材料、高性能结构材料等战略性新兴产业领域中从事与纳米相关的技术开发、工艺和设备设计、技术改造及经营管理等工作的卓越工程师的用人需求，并为纳米科技领域的高层次人才培养打下坚实基础。本专业学生主要学习材料科学方面的基本理论、基本知识和基本技能，受到科学思维与科学实验方面的基本训练，具有运用纳米科学与技术的基础理论、基本知识和实验技能进行材料研究和技术开发的基本能力。,https://gaokao.chsi.com.cn/zyk/zybk/detail/164251868
164251872,80414,新能源材料与器件,本科（普通教育）,1050,工学,105008,材料类,10500804,2025,"本专业培养适应国家新能源战略需求,掌握新能源材料与工程领域的基本理论和知识,具有新能源材料与器件的设计、制造与应用能力，并有较强实践能力和良好发展潜力的复合型高级专门人才；学生主要学习能量转换与存储材料及其器件设计等基本理论知识，掌握新能源材料的制备方法及表征手段，掌握相关器件的基本原理、组装技术和评价方法。在重点学习光电转换及器件、纳米材料、电池结构及设计等专业知识，系统掌握本专业领域技术理论的基础上，具备较强的研发能力、创新意识、组织管理能力和较高的综合素质。",https://gaokao.chsi.com.cn/zyk/zybk/detail/164251872
h1b79b26dxu23h7b,80415,材料设计科学与工程,本科（普通教育）,1050,工学,105008,材料类,10500804,2025,本专业致力于利用计算、实验和数据方法集成和学科融合模式，培养富有创新意识和实干精神、适应区域经济及现代制造业需要的材料基因组工程复合型、应用性人才。培养的学生具有扎实的数学、物理、化学、材料等自然科学基础，较好的人文社会科学和管理科学基础以及一定的计算机与外语应用能力；深刻理解材料基因、高通量思想，系统掌握材料计算、实验及数据库建立所需的基础理论，受到新材料研发技能的初步训练，成为能够对接材料科学前沿原始创新和先进制造业的、具有国际化视野的创新性复合型人才。,https://gaokao.chsi.com.cn/zyk/zybk/detail/h1b79b26dxu23h7b
r1s65qr4l38c765s,80416,复合材料成型工程,本科（普通教育）,1050,工学,105008,材料类,10500804,2025,本专业培养能满足国家经济发展需要，适应复合材料应用需求，具备宽广的材料和机械基础知识，扎实的复合材料设计、制备及成型的理论、方法和技能，具有团队精神、创新精神和一定的组织管理能力，能够在材料生产和成型加工领域，特别是在航空制造领域从事复合材料产品设计、制备、成型、应用以及相关管理等方面的应用技术型人才。,https://gaokao.chsi.com.cn/zyk/zybk/detail/r1s65qr4l38c765s
ex3yk3yu3gfjgexj,80417,智能材料与结构,本科（普通教育）,1050,工学,105008,材料类,10500804,2025,本专业面向国家智能制造强国战略，面向地方经济新旧动能转换需求，培养具备材料、力学、控制等方面扎实基础理论，系统掌握智能材料的设计原理、工艺开发、性能测试、及其在智能制造领域中应用的专业知识和实践技能，能够综合运用所学知识解决与智能制造相关的复杂问题，具有人文素养、社会责任感、团队合作精神和国际化视野，能够胜任智能制造相关的科学研究、工程开发及管理等方面工作，能在智能材料领域引领未来的复合型拔尖创新人才。,https://gaokao.chsi.com.cn/zyk/zybk/detail/ex3yk3yu3gfjgexj
hqeuwv0ev4ls8euu,80418,光电信息材料与器件,本科（普通教育）,1050,工学,105008,材料类,10500804,2025,本专业是以材料科学与工程、化学、物理学为基础，与电子信息等学科交叉融合，重点关注与电子科学与工程、信息科学与工程相关的各种材料，包括半导体材料、光伏功能材料、发光功能材料、光电探测材料等信息处理与传输所需的核心关键材料，及其结构表征、性能测试、工艺技术、制造装备和器件应用等，培养具备光伏、照明、探测等领域的基础知识和应用能力的新工科人才。,https://gaokao.chsi.com.cn/zyk/zybk/detail/hqeuwv0ev4ls8euu
ojy7h3ljj3zvcx12,80419,生物材料,本科（普通教育）,1050,工学,105008,材料类,10500804,2025,本专业培养具有良好的人文科学素养，具有社会责任感和职业道德，适应社会与经济发展需要，较系统地掌握专业基础知识（数、理、化、生、医），以及生物材料学基本理论和基本技能，具备坚实的专业知识与生物材料领域多学科交叉的知识体系结构，具有综合分析和解决问题的能力、实践技能和创新能力，能够在生物材料相关领域从事科研、设计、技术开发和管理的优秀人才。,https://gaokao.chsi.com.cn/zyk/zybk/detail/ojy7h3ljj3zvcx12
4q482yh39mfagk42,80420,材料智能技术,本科（普通教育）,1050,工学,105008,材料类,10500804,2025,材料智能技术学科结合了材料科学与工程和人工智能技术，专注于材料科学的智能化，聚焦于材料研发的新范式，包括材料的数字化和智能化设计与制造的共性关键技术。该专业旨在构建一个以材料科学与工程为基础，全面融合人工智能和数据科学的前沿知识体系，培养能够应对未来材料智能化发展需求的跨学科复合型人才。,https://gaokao.chsi.com.cn/zyk/zybk/detail/4q482yh39mfagk42
oihnqnt14b3fa5hd,80421,电子信息材料,本科（普通教育）,1050,工学,105008,材料类,10500804,2025,本专业培养具备材料学科基础知识和电子信息材料专业知识、掌握电子信息材料设计制备、结构表征、性能测试等各个环节的基本技能，能在集成电路、高端装备、智能制造、航空航天及新能源等相关产业，特别是在半导体制造、电子封装、功能材料及器件等领域从事新材料及产品研发、工程设计、生产与经营管理等工作的科学研究与工程技术并重型高级专门人才。,https://gaokao.chsi.com.cn/zyk/zybk/detail/oihnqnt14b3fa5hd
p6npe0u59zoo36sy,80422,软物质科学与工程,本科（普通教育）,1050,工学,105008,材料类,10500804,2025,本专业瞄准软物质科学的发展前沿，面向国家重大需求和社会经济发展的迫切需求，针对前沿基础理论和先进制造业的发展，培养具备坚实的数学、物理、化学、生物及材料科学理论基础和工程能力，具有国际竞争力、创新思维、人文社科素养和职业道德，具有安全与环保意识、组织能力、学习和发展的能力，毕业后能够在材料、化工、机械等领域从事基础研究、教育教学、技术开发、工程设计、管理与决策等方面工作。,https://gaokao.chsi.com.cn/zyk/zybk/detail/p6npe0u59zoo36sy
ali44wgpt6ka0kqh,80423,稀土材料科学与工程,本科（普通教育）,1050,工学,105008,材料类,10500804,2025,本专业培养掌握材料科学基础理论知识和专业技能，能够在功能材料领域，特别是稀土功能材料领域从事相关技术开发、生产管理和经营、科学研究等方面的工作的高素质工程应用型人才。,https://gaokao.chsi.com.cn/zyk/zybk/detail/ali44wgpt6ka0kqh
437286996,80501,能源与动力工程,本科（普通教育）,1050,工学,105008,能源动力类,10500805,2025,能源动力工程主要研究如何把大自然存在的如太阳能、风能、化石燃料、水能、生物质能等各种能源有效转换成工业上和社会生活需要的电能、机械能等能量，同时如何减少对环境的污染；本专业集能源的开发、利用、转化、系统控制、节能与减排于一体，与我国的能源、动力、环境保护领域的发展息息相关，毕业生能够在现代电力企业、研究设计单位、新能源设备制造企业等相关单位从事系统设计、规划、运行维护以及技术管理等工作。,https://gaokao.chsi.com.cn/zyk/zybk/detail/437286996
73384280,80502,能源与环境系统工程,本科（普通教育）,1050,工学,105008,能源动力类,10500805,2025,能源与环境系统工程专业研究将煤炭、石油、天然气等一次能源转化为电力、热能等二次能源的生产和利用过程；研究人工环境、空调制冷等领域的科学技术问题，以及风能、太阳能、生物质能等新能源的开发利用。本专业集合了热学、力学、材料、机械制造、环境科学、计算机与自动控制等高新科学技术，是一个能源、环境与控制等多学科交叉的复合型专业。本专业培养能从事清洁能源生产、能源转换利用和环境保护、制冷与空调、新能源开发等领域的研究、设计与管理的跨学科复合型人才。,https://gaokao.chsi.com.cn/zyk/zybk/detail/73384280
213775269,80503,新能源科学与工程,本科（普通教育）,1050,工学,105008,能源动力类,10500805,2025,本专业培养具备新能源科学与工程领域的基础理论和工程技术知识，能够在风力发电、光伏发电、绿色电源、变频器、电动车驱动等相关领域从事研究和开发工作的复合型高级技术人才。毕业生能够在现代电力企业和研究设计单位、新能源设备制造、变频器制造、电气设备制造等相关单位，从事产品研发、系统设计、规划、运行维护以及技术管理等工作。,https://gaokao.chsi.com.cn/zyk/zybk/detail/213775269
5tk7dlxeqpunaak2,80504,储能科学与工程,本科（普通教育）,1050,工学,105008,能源动力类,10500805,2025,本专业面向国家能源革命战略需求和碳达峰、碳中和目标，坚持“强基础，重交叉，强实践，重创新，融产业”的原则，深化实施学科交叉、协作办学、创新实践、产教融合等举措，培养具备能源、化学、电气、材料、控制等多学科宽厚基础理论，掌握低碳能源、储热技术、储电技术、储能系统、储能材料与装置等多学科专业知识与技能的复合型“高精尖缺”人才。,https://gaokao.chsi.com.cn/zyk/zybk/detail/5tk7dlxeqpunaak2
c0apkakbjmjgwxfh,80505,能源服务工程,本科（普通教育）,1050,工学,105008,能源动力类,10500805,2025,本专业培养系统掌握能源技术和管理的相关理论、知识和方法，具备基本科学素养和较强的系统思维和集成能力以及解决复杂实际工程问题的能力，拥有较强的实践动手能力、综合能源规划设计、项目建设以及运维管理的基本能力，能够在能源服务相关企业的管理、设计、开发、建造、调试和运营维护等工作的复合型工程建设管理人才。,https://gaokao.chsi.com.cn/zyk/zybk/detail/c0apkakbjmjgwxfh
ttycifpwvajwlv6z,80506,氢能科学与工程,本科（普通教育）,1050,工学,105008,能源动力类,10500805,2025,本专业的培养定位为“新工科卓越工程师”，能适应社会经济发展和氢能相关行业技术进步需求。培养理论基础扎实，工程实践能力强，具有国际视野、创新创业精神和竞争意识，系统掌握氢制备、储运、利用、安全等方面专业知识，能在氢能领域从事科学研究、技术开发、设计制造、运行控制、教学、管理等工作的高素质专业人才。,https://gaokao.chsi.com.cn/zyk/zybk/detail/ttycifpwvajwlv6z
4gpm6pt12vkbwtd3,80507,可持续能源,本科（普通教育）,1050,工学,105008,能源动力类,10500805,2025,本专业面向国家“双碳”目标，培养符合国民经济和科学技术发展需求，具有扎实的自然科学基础、工程基础和可持续能源专业基础知识，具有融合交叉领域知识的能力，能够借助科学工具将所学知识运用于解决碳中和领域实际问题，具有国际化视野、创新意识、团队合作精神、组织管理能力和终身学习能力，能够从事碳中和领域科学研究、工程应用、科技创新、企业管理等方面工作的领军型拔尖人才。,https://gaokao.chsi.com.cn/zyk/zybk/detail/4gpm6pt12vkbwtd3
rtpohv375baj6ye5,80508,能源科学与工程,本科（普通教育）,1050,工学,105008,能源动力类,10500805,,,https://gaokao.chsi.com.cn/zyk/zybk/detail/rtpohv375baj6ye5
73384320,80601,电气工程及其自动化,本科（普通教育）,1050,工学,105008,电气类,10500806,2025,本专业主要培养在电气自动化、电力自动化、计算机应用技术、电子应用技术、电机与拖动技术、工业计算机及现场总线控制技术等领域从事系统研究、分析、设计、安装和调试等方面的高级应用型技术人才。本专业除学习高等数学、大学物理、外语等基础课外，还需学习电路分析、数字电子技术、模拟电子技术、自动控制原理、单片机原理及应用、电力电子技术、电机与拖动基础、计算机控制系统、运动控制系统、供用电系统、电力系统继电保护、现场总线与网络控制、软件工程、电气控制技术、可编程序控制器（PLC）、C程序设计等专业基础课和专业课。,https://gaokao.chsi.com.cn/zyk/zybk/detail/73384320
213778862,80602,智能电网信息工程,本科（普通教育）,1050,工学,105008,电气类,10500806,2025,本专业是针对国家在新能源、新材料、信息化等战略性新兴产业的发展需要，紧密结合国家关于坚强智能电网建设所开设的一个新兴交叉学科专业。培养具有扎实专业理论和技能，兼具较强电气工程和信息工程的综合素质和创新精神，掌握电力系统通信技术、信息采集和处理的基本理论与技术，熟悉电力系统生产运行的规律与特点、智能电网的发展动态，受到卓越工程师高级训练，在新能源发电与智能接入技术、电网智能调度与控制技术、智能电网信息通信技术等方面学有所长，可以在网络化、信息化、智能化电气系统领域从事生产制造、工程设计、系统运行、系统分析、技术开发、教育科研等方面工作的特色鲜明的复合型高级工程技术人才。,https://gaokao.chsi.com.cn/zyk/zybk/detail/213778862
213759848,80603,光源与照明,本科（普通教育）,1050,工学,105008,电气类,10500806,2025,本专业培养具有光源与照明技术领域的基本理论、基本知识和相关信息电子实验技术、计算机技术等方面实践能力，能从事半导体照明材料与芯片制备，半导体照明灯具的设计及制备，照明系统设计与安装，LED驱动电源设计与开发，LED显示技术，以及微电子和光电子相关产品的研发、制造、工程应用和测试等工作的高级工程技术人才。要求学生掌握光源与照明技术领域的基本理论、专业知识和基本实验技能；具有扎实的数、理、化自然科学基础和较好的人文社会科学知识；熟练掌握一门外语；受到光源、照明及电气工程相关的产品研发、系统运行、信息处理等专业技能的训练；有较强的分析和解决工程问题的能力。,https://gaokao.chsi.com.cn/zyk/zybk/detail/213759848
73384440,80604,电气工程与智能控制,本科（普通教育）,1050,工学,105008,电气类,10500806,2025,本专业是电气、电子信息与控制相结合的宽口径专业，主要针对工业生产过程及产品的智能化、无人化技术（如各种自动化生产线、机器人、无人飞机等等）快速发展对相应人才的大量需求，培养能够在工业企业运动控制、过程控制、供电技术、检测与自动化仪表、信息处理等领域从事系统分析、系统设计、系统运行维护、科技开发等方面工作的具有实践动手能力和创新精神的复合型工程技术人才。毕业生可从事新能源（风、光、水、潮汐、低热、生物质等）高效利用技术、输变电技术、微电网技术、电机与运动控制、电动汽车、电源与电力电子装置、电能存储与网络智能优化调度等方面装置研发、系统集成与维护等工作，或相应的科学研究与教学工作。,https://gaokao.chsi.com.cn/zyk/zybk/detail/73384440
7hf6kkpnms5g5acl,80605,电机电器智能化,本科（普通教育）,1050,工学,105008,电气类,10500806,2025,本专业培养掌握电机电器及其智能化领域基础理论和基本知识，具备智能化系统设计研发、电机电器智能控制、智能化系统运行维护的专业核心能力，具有应用数字化、信息化、智能化手段解决实际问题的能力，跨文化背景下的沟通交流能力；拥有人文、科学、工程素养和创新创业精神、团队合作精神，以及能够跟踪本领域技术研究前沿能力；能够在电机电器智能化领域从事设计、研发、控制、运行维护工作的应用型人才。,https://gaokao.chsi.com.cn/zyk/zybk/detail/7hf6kkpnms5g5acl
a0n94bkot4mxxaxs,80606,电缆工程,本科（普通教育）,1050,工学,105008,电气类,10500806,2025,本专业培养适应电缆行业产业转型升级需要，系统掌握电缆工程基础理论、基本知识和基本技能，具备自主学习和终身学习能力、创新能力、沟通与组织协调能力，能够在电缆工程及相关领域从事技术开发、工程/产品设计、生产管理、质量控制、工程应用、技术服务等工作的高素质应用型人才。,https://gaokao.chsi.com.cn/zyk/zybk/detail/a0n94bkot4mxxaxs
mst1hhkkuuehauon,80607,能源互联网工程,本科（普通教育）,1050,工学,105008,电气类,10500806,2025,本专业是响应国家“双碳”战略，服务能源革命与数字经济的新兴交叉学科，旨在培养具备扎实的自然科学理论基础、良好的人文素养，掌握能源互联网工程基础理论知识和专业技能，能在能源互联网及相关工程领域从事能源系统规划、智能电网和能源管理的科学研究，具备工程设计、技术开发、运行管理和工程实践能力的高素质专门技术人才和拔尖人才。,https://gaokao.chsi.com.cn/zyk/zybk/detail/mst1hhkkuuehauon
entusc5or18so9ak,80608,智慧能源工程,本科（普通教育）,1050,工学,105008,电气类,10500806,2025,本专业培养服务国家能源战略，适应社会经济发展需要，具备智慧能源工程、电气工程、能源动力等领域相关的基础知识，掌握智慧能源领域相关专业知识和专业技能，能够胜任智慧能源工程领域的工程设计、系统运行与分析、技术开发、项目管理等方面工作，具有家国情怀、国际视野和社会责任感，富有创新精神和实践能力的高素质专门人才和拔尖人才。,https://gaokao.chsi.com.cn/zyk/zybk/detail/entusc5or18so9ak
nlj936nll33bcgmo,80609,电动载运工程,本科（普通教育）,1050,工学,105008,电气类,10500806,2025,本专业培养具有扎实基础知识与专业理论知识，能够从事与电动载运工程相关科学研究、运行管理、工程设计、技术开发等领域工作；具有优秀的团队协作能力、全面的工程实践能力、主动探究的创新能力、解决复杂工程技术及相关交叉学科问题的综合能力；具有坚定的理想信念、高尚的道德情操、浓厚的家国情怀、宽广的国际视野、担当引领未来和造福人类的领军人才。,https://gaokao.chsi.com.cn/zyk/zybk/detail/nlj936nll33bcgmo
ccmtkny6jqnv89zr,80610,大功率半导体科学与工程,本科（普通教育）,1050,工学,105008,电气类,10500806,2025,本专业面向国家半导体和电力能源领域发展需求，培养具有扎实的数学、自然科学基础，融合电气、电子、物理、材料多元化知识结构，以及系统全面的功率半导体科学与工程专业知识、综合的工程实践和专业创新能力，能够全面掌握功率半导体领域的基础理论，芯片设计、制造工艺、器件封装测试等相关专业知识，掌握基础模数集成电路设计、功率半导体器件驱动、保护和所构建的电力电子电路基本原理与控制方法，能从事与功率半导体集成电路、电力、能源、交通、工业等领域相关工作的高素质复合型人才。,https://gaokao.chsi.com.cn/zyk/zybk/detail/ccmtkny6jqnv89zr
73384328,80701,电子信息工程,本科（普通教育）,1050,工学,105008,电子信息类,10500807,2025,本专业培养具备电子技术和信息系统的基础知识，能从事各类电子设备和信息系统的研究、设计、制造、应用和开发的高等工程技术人才。 本专业电子和信息工程方面的是一个较宽口径专业，学生主要学习信号的获取与处理、电厂设备信息系统等方面的专业知识，受到电子与信息工程实践的基本训练，具备设计、开发、应用和集成电子设备和信息系统的基本能力。,https://gaokao.chsi.com.cn/zyk/zybk/detail/73384328
73384340,80702,电子科学与技术,本科（普通教育）,1050,工学,105008,电子信息类,10500807,2025,本专业为电子科学与技术专业领域，特别是微电子与光电子电路、器件、集成电路的设计与制造技术领域培养具有扎实的理论基础，宽广的知识面，能够用系统的观点分析、综合和处理科学技术问题，进行科学研究、技术开发和应用研究的高级工程技术人才。本专业主要培养学生宽广的知识，良好的学习能力，较强的解决问题的能力以及微电子与集成电路的设计与制造技术领域较扎实的理论基础，接受微电子实践的基本训练，使学生具备从事超大规模集成电路设计、开发、调测和工程应用的基本能力。,https://gaokao.chsi.com.cn/zyk/zybk/detail/73384340
73384332,80703,通信工程,本科（普通教育）,1050,工学,105008,电子信息类,10500807,2025,本专业培养具备电子通信、信号与信息处理、计算机通信、应用电子技术、通信系统和通信网等方面的知识，能在电子通信与信息系统领域中从事研究、设计、制造、运营及在国民经济各部门和国防工业中从事开发、应用通信技术与设备的高级工程技术人才；业学生主要学习电子电路理论与技术、通信系统理论与技术、信号处理理论与技术、信息处理理论与技术、信息理论和通信网方面的基础理论、组成原理和设计方法，接受通信工程实践的基本训练，具备从事现代通信系统和网络设计、开发、调测和工程应用的基本能力。,https://gaokao.chsi.com.cn/zyk/zybk/detail/73384332
320924653,80704,微电子科学与工程,本科（普通教育）,1050,工学,105008,电子信息类,10500807,2025,"微电子科学与工程专业是理工兼容、互补的专业，主要研究半导体器件物理、功能电子材料、固体电子器件，超大规模集成电路（ULSI）的设计与制造技术、微机械电子系统以及计算机辅助设计制造技术等；要求学生具有扎实的数学、物理基础知识和良好的外语应用能力；掌握各种固体电子器件和集成电路的基本原理，掌握新型微电子器件和集成电路分析、设计、制造的基本理论和方法；具备该专业良好的实验技能；了解微电子技术领域的发展动态和前沿理论与技术；具有良好的科学素养和创新能力；善于自学，不断更新知识；具有一定的外语水平，能借助工具书阅读该专业外文资料。
",https://gaokao.chsi.com.cn/zyk/zybk/detail/320924653
437287064,80705,光电信息科学与工程,本科（普通教育）,1050,工学,105008,电子信息类,10500807,2025,本专业以理工融合为特色，依托学科为电子科学与技术、计算机科学与技术、信息与通信工程，主要培养学生掌握光电信息科学与技术领域的基础知识和基本技能，为将来在光电信息处理、光电子学、电子信息技术、通信技术等领域从事科学研究、产品设计和开发奠定坚实的基础。本专业的课程设置对光电子器件及应用、光电信息处理、宽带光纤通信系统的设计与应用有所侧重。毕业生可在光学、光电子学、激光技术、光通信技术、光信息处理技术、计算机应用技术等领域从事教学、科学研究、产品研发、生产技术管理等工作。,https://gaokao.chsi.com.cn/zyk/zybk/detail/437287064
73384352,80706,信息工程,本科（普通教育）,1050,工学,105008,电子信息类,10500807,2025,本专业是与现代工程技术密切相关的工科专业，以光电信息科学与技术为核心，其学习内容涉及数理基础、工程光学、信息光学、电子技术、光电技术、通信技术、测控技术、计算机等信息工程诸领域；培养学生具备光电信息科学与技术的基础理论、基本知识和基本技能，使学生成为具有坚实的数学物理基础、掌握激光与现代光学及光电子范畴相关理论和实验技能、熟悉电子技术和计算机应用技术的综合型人才。,https://gaokao.chsi.com.cn/zyk/zybk/detail/73384352
73384380,80707,广播电视工程,本科（普通教育）,1050,工学,105008,电子信息类,10500807,2025,本专业是电子信息类口径较宽的专业，要求学生具备较扎实的数理、计算机、外语基础，较厚实的专业基础知识和本学科与跨学科的科学研究、技术开发的基本能力，了解广播电视工程的理论前沿、应用前景和最新发展动态以及信息产业的发展状况，掌握资料查询、文献检索及运用现代信息技术获取相关信息的基本方法，具有一定的实验设计、归纳分析实验结果、撰写论文以及参与学术交流的能力；能在数字电视、高清晰度电视、交互电视、通信、信号与信息处理及相关的电子信息科学等领域从事科学研究、教学、产品设计与开发或管理工作。,https://gaokao.chsi.com.cn/zyk/zybk/detail/73384380
213778858,80708,水声工程,本科（普通教育）,1050,工学,105008,电子信息类,10500807,2025,水声工程专业研究方向基本涵盖了水声技术的全部研究领域，包括基础研究、应用技术研究、水声装备研制和系统集成技术研究等方面，本专业旨在培养具有坚实的数学物理基础和海洋声学专业知识，能从事水下声信息的产生、传播、接收和处理的理论和实验研究，具备参与声纳和一般电子信息系统设计能力的创新型专业人才；要求学生具有扎实的声振基础理论知识，掌握水声学科的特点和发展方向，具备从事水声工程应用基础研究的能力。,https://gaokao.chsi.com.cn/zyk/zybk/detail/213778858
73384192,80709,电子封装技术,本科（普通教育）,1050,工学,105008,电子信息类,10500807,2025,电子封装技术以高端电子产品制造为对象，由电子元器件再加工和连接组合以构成系统、整机及合适工作环境的设计制造过程，是现代高密度、高功率、小体积、高频率电子产品自动化生产制造的一项关键技术；本专业要求学生掌握电子器件的设计与制造、微细加工技术、电子封装与组装技术、电子封装材料、电子封装测试的基本理论和基本技能，具备封装工艺和封装材料的设计与开发以及封装质量控制的基本能力。,https://gaokao.chsi.com.cn/zyk/zybk/detail/73384192
73384372,80710,集成电路设计与集成系统,本科（普通教育）,1050,工学,105008,电子信息类,10500807,2025,集成电路设计与集成系统专业培养具备微电子材料与工艺技术、电路与系统、电磁场与微波技术、电磁兼容技术、系统封装设计以及多芯片组件设计等多方面的知识，能够在集成电路设计、微电子器件与集成系统领域从事研发、设计、制造的应用型高级专门人才；毕业生可从事集成电路设计公司、集成电路生产企业从事集成电路设计、制造、封装测试、集成电路工具的研发、电路系统开发等工作，也可从事相关领域的科研与教学工作。,https://gaokao.chsi.com.cn/zyk/zybk/detail/73384372
73384408,80711,医学信息工程,本科（普通教育）,1050,工学,105008,电子信息类,10500807,2025,医学信息工程专业培养具备生命科学、计算机技术及信息科学有关的基础理论知识，能在医学信息系统及集成、数字医疗及其他信息技术领域从事研究、设计、应用、开发和管理的理工医结合的复合型高级工程技术人才。学生需具备生命科学、电子技术、计算机信息技术有关的较为宽广的理论知识，受到医学信息系统相关的工程能力的训练，能在医学信息工程、数字医疗及相关领域从事研究、设计、应用、开发和管理工作。,https://gaokao.chsi.com.cn/zyk/zybk/detail/73384408
73384432,80712,电磁场与无线技术,本科（普通教育）,1050,工学,105008,电子信息类,10500807,2025,本专业旨在培养具有坚实的电磁场理论与工程基础，较强的射频、微波电路与系统开发能力，同时具有良好的通信技术基础的高级工程技术人才；要求学生掌握电磁波的产生、传输、辐射、传播、接收的基础知识、基本理论和工程应用知识，掌握电子信息系统中射频、微波电路及天线等相关领域的计算仿真、设计与制作技术；毕业生可从事有关电磁场与无线技术工程领域的研究开发，涵盖射频与微波系统、无线通信、雷达、遥控遥测、遥感、电子测量、电子对抗、射电天文、无损检测、电磁散射、电磁兼容、环境电磁等领域。,https://gaokao.chsi.com.cn/zyk/zybk/detail/73384432
73384444,80713,电波传播与天线,本科（普通教育）,1050,工学,105008,电子信息类,10500807,2025,电波传播与天线专业是国防紧缺特色专业，旨在培养具有扎实的数理、计算机及外语基础，具备电波传播与天线的基本理论、基本知识和基本技能，具有较高的科学素养及一定的教学、研究、开发和管理能力，具有创新、创业意识，具有竞争和团队精神，能适应技术进步和社会需求变化的创新型人才；毕业生可到信息电子、航空、航天、船舶、电信等工业部门和国防科研院所从事相关科学研究、技术研发、技术应用、技术管理和教学等工作，也可继续攻读研究生。,https://gaokao.chsi.com.cn/zyk/zybk/detail/73384444
73384004,80714,电子信息科学与技术,本科（普通教育）,1050,工学,105008,电子信息类,10500807,2025,本专业是一个电子技术和计算机技术相结合、软硬件技术相结合、宽口径、主要面向未来信息产业人才市场的专业，要求学生具备过硬的理论知识，熟练地掌握电路设计软件和电子器件的使用，具备较强的光机电一体化技术和实际技术能力，以及将理论知识灵活运用于实践的能力；该专业旨在培养该领域内从事电子与通信领域相应的新产品、新技术的研究，电子系统、信息系统等的设计、开发等方面工作的高级工程技术人才。,https://gaokao.chsi.com.cn/zyk/zybk/detail/73384004
73384436,80715,电信工程及管理,本科（普通教育）,1050,工学,105008,电子信息类,10500807,2025,电信工程及管理专业是面向信息行业、宽口径的交叉学科。本专业根据现代信息社会需求，培养既具有通信技术、通信系统和信息网方面的基础知识，又具备管理理论基础知识，能在通信领域中从事运营、管理，能开拓国际市场的高素质复合型人才。本专业学生主要学习通信系统和通信网方面的基础理论、组成原理和设计方法，获得通信工程的基本训练，同时学习网络协议、企业管理等相关领域的专业基础知识，具备从事现代通信系统和网络的设计、运营、管理及市场开拓能力。,https://gaokao.chsi.com.cn/zyk/zybk/detail/73384436
73383403,80716,应用电子技术教育,本科（普通教育）,1050,工学,105008,电子信息类,10500807,2025,本专业培养掌握信息电子技术的基本理论和知识;掌握电子测量，电子电路设计和常用电子仪器的使用及较高的电子设备调试与维修技能，具备在高、中等职业技术学校执教能力的教师、科研人员和应用型高级专门人才。本专业学生主要掌握电子技术的基本知识和理论；掌握电子测量、电路设计、常用电子仪器使用、电声装置与设备的维修、电视机的调试与维修、计算机应用与维修的技能；掌握科学的教育理论和教学方法，教师职业基本技能达标，掌握一门外语。,https://gaokao.chsi.com.cn/zyk/zybk/detail/73383403
3figyg2ctf6q26cn,80717,人工智能,本科（普通教育）,1050,工学,105008,电子信息类,10500807,2025,人工智能专业是一个以计算机科学为基础，由计算机、心理学、哲学等多学科交叉融合的交叉专业、新兴专业，研究开发用于模拟延伸和扩展人的智能的理论、方法、技术及应用系统的一门新的技术科学，致力于了解智能的实质，并生产出新的能以人类智能相似的方式做出反应的智能机器，包括机器人、语言识别、图像识别、自然语言处理和专家系统等。旨在培养扎实掌握人工智能基础理论、基本方法和应用技术，能在中国人工智能科学与技术产业发展中发挥作用的优秀人才。,https://gaokao.chsi.com.cn/zyk/zybk/detail/3figyg2ctf6q26cn
eofijd1i8ncuehvr,80718,海洋信息工程,本科（普通教育）,1050,工学,105008,电子信息类,10500807,2025,本专业是在海洋强国战略的大背景下开设的新工科专业，致力于培养具备海洋物理与信息感知、海洋传感器与海洋信息获取、海洋探测和海洋信息传输与处理基础知识与应用能力、自主学习和创新能力、组织协调能力，具备熟练的海洋信息综合实验技能，能在海洋科学研究、海洋信息技术开发与应用、海洋信息系统及相关新兴领域从事科学研究、工程设计、应用研究、运行管理等工作的船海领域高级工程技术人才。,https://gaokao.chsi.com.cn/zyk/zybk/detail/eofijd1i8ncuehvr
t9nxkvpj7pzc0vwn,80719,柔性电子学,本科（普通教育）,1050,工学,105008,电子信息类,10500807,2025,柔性电子是将电子材料与柔性基底相结合，构建电子器件及其集成系统的一门新兴科学技术。柔性电子学综合了以化学、物理学为代表的基础学科，以电子信息为代表的前沿学科，从电子材料和器件的动态柔性行为出发，以光电材料、器件物理、柔性工艺和系统集成为研究对象，推动基础学科与应用学科的深度交叉融合。旨在培养掌握柔性电子学专业知识，并具有柔性电子关键材料、加工技术、器件与基础部件研发能力的国际化新兴交叉学科拔尖人才。,https://gaokao.chsi.com.cn/zyk/zybk/detail/t9nxkvpj7pzc0vwn
7d358zyomnffnkyj,80720,智能测控工程,本科（普通教育）,1050,工学,105008,电子信息类,10500807,2025,本专业立足航天、服务国防，面向国际学术前沿和国家重大需求，培养掌握坚实的信息感知与处理、电子技术、计算机、人工智能等基础理论与方法，电子信息类测控设备与系统、智能感知系统、信息物理系统等设计与工程实践的专业知识，能够综合运用基础理论、专业知识及交叉学科知识，恪守工程伦理道德，具有沟通协作能力、创新精神和国际视野，在电子信息及相关领域，具备研究、开发与创新能力的复合型研究人才和能够引领未来电子信息及相关领域发展的杰出人才。,https://gaokao.chsi.com.cn/zyk/zybk/detail/7d358zyomnffnkyj
a337xym1gricssjd,80721,智能视觉工程,本科（普通教育）,1050,工学,105008,电子信息类,10500807,2025,本专业将专注智能视觉工程领域，面向国际前沿与国家战略需求，培养掌握基础理论、专业知识及工程实践创新能力，具备领导能力、团队协作精神、创新意识和国际视野，能够引领视觉智能工程相关领域交叉融合的复合型拔尖创新人才。,https://gaokao.chsi.com.cn/zyk/zybk/detail/a337xym1gricssjd
eh3ssp1rck0hzksy,80722,智能视听工程,本科（普通教育）,1050,工学,105008,电子信息类,10500807,2025,本专业面向视听产业需求，旨在培养掌握视听工程核心理论与实践、并能运用前沿智能技术解决行业难题的创新型复合型人才及引领未来变革的拔尖创新人才。通过系统培养，学生将具备智能视听系统全链路设计和关键技术突破、智能视听场景化解决方案设计、视听美学智能化创新融合、基于神经科学的反馈分析以及伦理评估等多维度能力，同时拥有大视听产业生态认知、社会责任感、跨文化思维和全球竞争视野，成为推动视听产业发展的中坚力量。,https://gaokao.chsi.com.cn/zyk/zybk/detail/eh3ssp1rck0hzksy
ygpu1fh9mjrm71ap,80723,半导体工艺与装备,本科（普通教育）,1050,工学,105008,电子信息类,10500807,,,https://gaokao.chsi.com.cn/zyk/zybk/detail/ygpu1fh9mjrm71ap
73384324,80801,自动化,本科（普通教育）,1050,工学,105008,自动化类,10500808,2025,本专业以自动控制理论为主要理论基础，以电子技术、计算机信息技术、传感器与检测技术等为主要技术手段，对各种自动化装置和系统实施控制，是计算机硬件与软件结合、机械与电子结合、元件与系统结合、运行与制造结合，集控制、计算机、电气、机械为一体的综合性学科专业。本专业既强调学生有扎实的理论基础，也突出学生的实践技能，并注意加强学生在工程技术方面创新能力的培养。,https://gaokao.chsi.com.cn/zyk/zybk/detail/73384324
437286956,80802,轨道交通信号与控制,本科（普通教育）,1050,工学,105008,自动化类,10500808,2025,本专业旨在培养掌握电子技术、轨道交通信号技术、控制理论，轨道交通信号与控制专业的基础知识和专业知识，铁路通信及信号设备的维护管理以及应用开发技术的高技能应用型人才， 具有从事铁路通信和信号系统工程安装、管理、使用与维护、设计与施工等方面的工作能力。本专业学生主要学习轨道交通信号与控制方面的基础理论和基本知识，具有电子技术、计算机软硬件应用方面的基础理论，通过系统理论学习，具有设计、开发、集成及应用通信系统及铁路通信信号系统等方面的基本能力；具有铁路信号、信号基础设备的现场应用、安装、调试及运行管理能力。毕业生可在铁路通信及信号的设计、施工和维修养护等部门工作。,https://gaokao.chsi.com.cn/zyk/zybk/detail/437286956
k98sprlfjf8ezv1w,80803,机器人工程,本科（普通教育）,1050,工学,105008,自动化类,10500808,2025,本专业以现代智能制造与智能服务产业的机器人系统设计、开发、调试、维护和管理等为特色工程技术背景，通过系统的教育和培训，培养掌握机器人领域的基本理论和核心技术，具有工程实践能力和创新精神，具备机器人系统设计、开发、调试、维护和管理等方面的能力，能够在跨学科、跨领域团队中协同工作，适应国内外机器人工程领域的快速发展和变化的高素质人才。,https://gaokao.chsi.com.cn/zyk/zybk/detail/k98sprlfjf8ezv1w
l0jkkbw2dylmwj0u,80804,邮政工程,本科（普通教育）,1050,工学,105008,自动化类,10500808,2025,本专业具有计算机、自动化及机械制造理论基础，掌握现代邮政、快递运行活动的专门知识和技能，熟练邮政快递运营的流程和技术，具备邮政自动化装备维护与设计、邮政信息分析处理与系统开发、邮政生产运营与优化的能力，掌握信息技术在邮政快递领域应用的智慧物流高端复合型工程技术人才。,https://gaokao.chsi.com.cn/zyk/zybk/detail/l0jkkbw2dylmwj0u
m436fples36jbv35,80805,核电技术与控制工程,本科（普通教育）,1050,工学,105008,自动化类,10500808,2025,本专业培养具备基本的科学素养，系统地掌握核电技术与控制工程学科领域的基本理论和应用技术，了解自动化领域基础，具备核电仪表与控制相关技术知识和解决复杂实际工程问题的能力，拥有较强的实践动手能力、系统分析和设计能力、较好的外语运用能力，具有良好的人际交往技能、团队协作和交流能力，适应社会经济发展需要的专业人才。,https://gaokao.chsi.com.cn/zyk/zybk/detail/m436fples36jbv35
8psc721j39jluwcs,80806,智能装备与系统,本科（普通教育）,1050,工学,105008,自动化类,10500808,2025,本专业以社会需求为导向、以人才培养为目标，将自动化技术、计算机技术、人工智能、机械工程、电子电信等多个学科交叉融合，是智能化、信息化与工业化融合的集中体现与应用。旨在培养掌握人工智能、数据科学、控制与优化、装备研发及系统集成等软硬件设计技术，具有从事感知、分析、推理、决策、控制、装备与系统的设计及升级能力的多学科融合的应用型工程技术人才。,https://gaokao.chsi.com.cn/zyk/zybk/detail/8psc721j39jluwcs
i8dwjvhe3v6r8drh,80807,工业智能,本科（普通教育）,1050,工学,105008,自动化类,10500808,2025,工业智能专业是人工智能与工业自动化深度融合的新兴本科专业。本专业以工业实际应用为背景，面向国家战略发展需求，适应地方社会经济发展需要，培养具备较好的科学文化素养和现代工程师的基本素质，具有工业系统建模、智能控制技术、优化算法、智能传感技术、智能实时检测技术等专业知识，具备工业智能领域专项技能，能适应不断变化的工作需求，并具有独立解决工程实际问题的基本能力的创新应用型技术人才。,https://gaokao.chsi.com.cn/zyk/zybk/detail/i8dwjvhe3v6r8drh
0ulw2x4zldu5ql6k,80808,智能工程与创意设计,本科（普通教育）,1050,工学,105008,自动化类,10500808,2025,本专业紧密围绕国家创新驱动发展战略与产业升级转型需求，通过科学构建跨学科课程体系、精准定位前沿研究方向、搭建多元化实践平台，有效促进设计学、工程学、计算机科学与技术等多学科知识与方法之间的交叉融合，培养学生科学与艺术的融合能力、以智能工程为中心的创新设计能力以及结合信息产业和社会需求设计与开发智能产品的创新能力。,https://gaokao.chsi.com.cn/zyk/zybk/detail/0ulw2x4zldu5ql6k
73384336,80901,计算机科学与技术,本科（普通教育）,1050,工学,105008,计算机类,10500809,2025,本专业培养具有良好的科学素养，系统地、较好地掌握计算机科学与技术包括计算机硬件、软件与应用的基本理论、基本知识和基本技能与方法，能在科研部门、教育单位、企业、事业、技术和行政管理部门等单位从事计算机教学、科学研究和应用的计算机科学与技术学科的高级专门科学技术人才；要求学生掌握计算机科学与技术方面的基本理论和基本知识，接受从事研究与应用计算机的基本训练，具有研究和开发计算机系统的基本能力。,https://gaokao.chsi.com.cn/zyk/zybk/detail/73384336
73384356,80902,软件工程,本科（普通教育）,1050,工学,105008,计算机类,10500809,2025,软件工程是研究大规模软件开发方法、工具和管理的一门工程科学，其特点是按工程化的原则和方法来组织和规范软件开发过程，软件工程技术则主要研究与软件开发各个工作流程相关的、先进实用的软件开发方法、技术和工具；软件工程技术专业面向国民经济电子信息化建设和发展的需要，培养具有扎实的软件理论和知识基础，对整个软件过程有整体了解、掌握软件工程领域的前沿技术，具有国际竞争能力，能从事大型软件项目系统分析、设计、编程、测试和软件项目管理等工作的复合型、实用型的高层次软件工程技术人才；主要涵盖软件工程学科和计算机学科的基本理论、基础知识、基本技能的研究，软件的分析与开发，计算机应用系统、计算机网络系统的设计与开发等专业内容。,https://gaokao.chsi.com.cn/zyk/zybk/detail/73384356
73384364,80903,网络工程,本科（普通教育）,1050,工学,105008,计算机类,10500809,2025,本专业培养学生系统地掌握计算机网和通信网技术领域的基本理论、基本知识；掌握各类网络系统的组网、规划、设计、评价的理论、方法与技术；获得计算机软硬件和网络与通信系统的设计、开发及应用方面良好的工程实践训练，特别是能获得较大型网络工程开发的初步训练。专业主干学科为计算机科学与技术、信息与通信工程；学生系统学习电路与电子学基础、离散数学、数字逻辑与数字系统、网络技术导论、算法与数据结构、计算机组成原理、通信原理、操作系统、计算机网络、现代交换原理、数据库系统原理等课程。,https://gaokao.chsi.com.cn/zyk/zybk/detail/73384364
73384016,80904,信息安全,本科（普通教育）,1050,工学,105008,计算机类,10500809,2025,本专业是计算机、通信、数学、法律、管理等学科的交叉学科，主要研究确保信息安全的科学与技术，培养能够从事计算机、通信、电子商务、电子政务、电子金融等领域的信息安全高级专门人才。本专业以信息、信息过程和信息系统的基本理论为基础，着重学习通信、编码、信息网络与系统、信息与安全保密、信息对抗等基本理论、基本原理和技术，学习在信息、信息过程和信息系统等方面进行信息安全与保密的关键技术的研究方法，典型设备、部件的分析、设计、研究、开发的方法和能力。,https://gaokao.chsi.com.cn/zyk/zybk/detail/73384016
164251912,80905,物联网工程,本科（普通教育）,1050,工学,105008,计算机类,10500809,2025,本专业学生主要学习计算机、电子、通信和自动化等相关学科的基本理论和基本知识；系统地掌握物联网技术领域的基本理论与基本知识、物联网体系结构、物联网感知与标识的基本理论与技术、物联网信息处理技术和物联网安全技术等专业知识，掌握物联网系统的软硬件设计和开发能力，具备在物联网系统及其应用方面进行综合研究、开发和集成的能力；未来可从事物联网及互联网的协议标准与系统、通信架构、无线传感器、信息安全等的综合设计、开发、应用、管理与维护工作，或可继续深造，在高校或科研机构从事研究和教学工作。,https://gaokao.chsi.com.cn/zyk/zybk/detail/164251912
73384424,80906,数字媒体技术,本科（普通教育）,1050,工学,105008,计算机类,10500809,2025,本专业培养具有扎实的自然科学和外语基础知识，掌握虚拟现实、计算机动画、互动媒体、影视编辑、网络游戏、手机游戏等数字媒体相关的基本理论与方法，具有一定的艺术修养，能综合运用所学知识与技能去分析、设计、制造数字媒体产品的复合型高级技术应用人才；学生主要学习数字信息处理与传播、数字媒体设计和开发等方面的专业知识，熟悉信息传播理论、数字出版流程和数字媒体艺术设计，接受软件工程和数字媒体技术实践的基本训练，未来能够在虚拟现实、互动新媒体、影视动画、游戏设计、手机应用、平面媒体、网络媒体等文化创意相关行业，从事各类数字媒体产品的设计、制作、开发、应用、运行管理等方面的工作。,https://gaokao.chsi.com.cn/zyk/zybk/detail/73384424
73384420,80907,智能科学与技术,本科（普通教育）,1050,工学,105008,计算机类,10500809,2025,该专业以光、机、电系统的单元设计、总体集成及工程实现的理论、技术与方法为主要内容，培养具备基于计算机技术、自动控制技术、智能系统方法、传感信息处理等科学与技术，进行信息获取、传输、处理、优化、控制、组织等并完成系统集成的，具有相应工程实施能力，具备在相应领域从事智能技术与工程的科研、开发、管理工作的、具有宽口径知识和较强适应能力及现代科学创新意识的高级技术人才。,https://gaokao.chsi.com.cn/zyk/zybk/detail/73384420
73384552,80908,空间信息与数字技术,本科（普通教育）,1050,工学,105008,计算机类,10500809,2025," 空间信息与数字技术是一门集信息科学、空间科学、计算机科学、管理学等多门学科为一体的交叉学科。本专业培养适应经济与社会发展需求的，具备数字行业/区域/城市、空间信息技术等领域专业知识的综合、应用型高级人才；学生通过四年的系统培养，具有扎实的软件工程基础、通信及计算机技术、空间决策方法等复合知识结构，掌握大型数字工程设计和管理能力，能从事该领域的科学研究、技术开发、工程应用、信息服务和管理等工作。该专业毕业生具有深厚的空间信息基础理论和专业知识、扎实的计算机能力，可从事当前日益突出的具有空间信息行业特色的科学研究工作和工程技术工作。


",https://gaokao.chsi.com.cn/zyk/zybk/detail/73384552
164251908,80909,电子与计算机工程,本科（普通教育）,1050,工学,105008,计算机类,10500809,2025,本专业是电子信息科学技术领域的宽口径专业，以计算机科学技术、通信工程、电子科学与技术为主干学科。所培养的学生具有扎实的自然科学基础，良好的外语水平，获得科学的、创造性的思维方法及独立从事科学研究能力的基本训练；掌握电子、通信计算机方面的学科基础知识；能从事信息的获取、处理、传输、变换技术、微电子设备的设计与计算机应用系统、电子信息系统的设计、制造、应用和开发的高级工程技术人才。,https://gaokao.chsi.com.cn/zyk/zybk/detail/164251908
eriffz262uwx51rn,80910,数据科学与大数据技术,本科（普通教育）,1050,工学,105008,计算机类,10500809,2025,本专业培养具有扎实的计算机与大数据学科的理论基础，拥有较强的英语能力、知识面广，实践动手能力强的研究型或工程型数据科学领军人才。本专业课程体系在数据科学与大数据技术主干课基础上突出算法与大数据应用课程。在专业培养模式上聚焦行业需求，深耕产学合作，注重前沿交叉、国际交流与校企合作，面向大数据未来技术发展培养具有创新能力和国际视野的高层次拔尖人才。,https://gaokao.chsi.com.cn/zyk/zybk/detail/eriffz262uwx51rn
dsx3x0f10evp2idz,80911,网络空间安全,本科（普通教育）,1050,工学,105008,计算机类,10500809,2025,本专业面向网络空间安全战略需求、科技进步及区域经济社会发展需求，培养能够熟悉掌握网络空间安全理论基础、专业知识和相关领域前沿，受到密码学、网络与系统安全、网络空间安全等基本的系统训练，具有较强的独立科研、工程实践和系统开发能力，能够在国内外高校、科研院所、信息技术企业、银行、金融等从事网络空间安全工作和开展尖端技术领域科学研究的一流复合型创新人才。,https://gaokao.chsi.com.cn/zyk/zybk/detail/dsx3x0f10evp2idz
808c34io5x6ibmv4,80912,新媒体技术,本科（普通教育）,1050,工学,105008,计算机类,10500809,2025,新媒体技术专业是高等教育适应媒体技术发展和人才需求而设立的专业。该专业培养面向新媒体与内容产业应用需求，具备传播学、计算机、人工智能、大数据、媒体技术等专业技术知识的高水平、创新型、复合型人才。经过学习和培养，毕业生具备基于市场需求和用户响应的媒体技术集成、方案设计和开发能力，可以在网络传媒、移动传媒、新闻出版等各类相关媒体单位从事与媒体产业相关的媒体数据挖掘、智能传播、数字产品开发与方案设计、内容创意、生产制作、营运管理工作。,https://gaokao.chsi.com.cn/zyk/zybk/detail/808c34io5x6ibmv4
lyh7n344q9fvz5ve,80913,电影制作,本科（普通教育）,1050,工学,105008,计算机类,10500809,2025,本专业培养适应电影行业发展需要，掌握计算机科学技术与戏剧与影视学等理论知识，具有电影制作技术技能和影视艺术思维技能，具备电影艺术和电影技术设计制作能力，具备较高的艺术修养、文艺鉴赏能力和有良好的艺术感知能力，并能将所学知识用于解决电影制作相关领域的复杂问题，具有国际视野、创业实践能力强的应用型高级专业人才。,https://gaokao.chsi.com.cn/zyk/zybk/detail/lyh7n344q9fvz5ve
6mshadw3e18qh7d6,80914,保密技术,本科（普通教育）,1050,工学,105008,计算机类,10500809,2025,本专业以国家保密事业发展和信息安全战略需求为宗旨，培养具有牢固的保密意识与强烈的社会责任感，系统地掌握保密法律法规、保密技术、保密管理专业知识，具有良好的保密业务素质、创新意识、适应能力，可在党政机关、军工企事业、大中型企业、保密行政管理部门等从事保密技术开发、保密组织管理、保密法规制定，懂法律、有技术、善管理、有国际视野的复合型保密人才。,https://gaokao.chsi.com.cn/zyk/zybk/detail/6mshadw3e18qh7d6
fu1enl2zwtbi0gfy,80915,服务科学与工程,本科（普通教育）,1050,工学,105008,计算机类,10500809,2025,本专业面向国家软件战略需求与行业前沿挑战，培养具有软件服务工程意识和可持续发展观，具有软件架构、软件服务科学以及算法与数据结构、智慧服务等核心知识结构，具有设计和构造大型软件系统，或者管理大型软件工程项目等核心能力，熟悉商务运作规律，在从事专业工作或设计专业问题的解决方案时能从健康、安全与环境、全生命周期成本与净零碳要求、法律与伦理、社会与文化等角度考虑可行性，能够引领现代服务业和信息技术领域发展的高层次复合型人才。,https://gaokao.chsi.com.cn/zyk/zybk/detail/fu1enl2zwtbi0gfy
5cu5m7z5hfzegro8,80916,虚拟现实技术,本科（普通教育）,1050,工学,105008,计算机类,10500809,2025,本专业瞄准虚拟现实和增强现实数字经济重点产业发展的需要，面向新工科产业和学科发展需求，加强虚拟现实方向研究性、创新性教育，培养系统掌握虚拟现实基础理论知识，熟悉虚拟现实的基本方法与主要工具，具有问题分析与求解能力、智能思维与计算能力、创新思维和创新能力，能够在教育科研、企事业单位、行政管理部门从事虚拟现实相关的科研、开发与分析的工程应用或者科学研究的拔尖创新人才。,https://gaokao.chsi.com.cn/zyk/zybk/detail/5cu5m7z5hfzegro8
m0jdz5mn0onxbikx,80917,区块链工程,本科（普通教育）,1050,工学,105008,计算机类,10500809,2025,本专业培养掌握计算机科学与技术基础、现代密码学、区块链基本理论与核心技术、区块链安全与隐私保护技术以及区块链项目开发方法；具有区块链系统设计与实现能力、区块链项目管理与实施能力和在企业与社会环境下构思、设计、实施及运行系统的能力；具备较强的团队协作、沟通表达和信息搜索分析的职业素质；毕业后能够成为区块链项目系统设计与开发、区块链项目管理、区块链系统服务等领域的应用型高级专门人才。,https://gaokao.chsi.com.cn/zyk/zybk/detail/m0jdz5mn0onxbikx
322cluxudtup6zav,80918,密码科学与技术,本科（普通教育）,1050,工学,105008,计算机类,10500809,2025,本专业面向国家与区域经济社会发展需求，培养具有扎实的自然科学基础和良好的人文素养，系统掌握密码科学基础理论与关键技术，能够运用密码学专业知识和工程实践技能解决密码领域的科学研究和复杂工程问题，具有国际化视野、终身学习能力、社会和环境意识，嵌入式密码设计能力突出，能够在政府机关、科研机构、企事业单位等部门从事密码科学与技术相关的研究、分析、设计、开发及管理等工作，具有创新能力的高级工程技术人才。,https://gaokao.chsi.com.cn/zyk/zybk/detail/322cluxudtup6zav
ilm3gh8y6dcerxgm,80919,工业软件,本科（普通教育）,1050,工学,105008,计算机类,10500809,2025,本专业以相关工业领域交叉为特色，主动对接国产化工业软件产业需求，聚焦关键基础软件、大型工业软件、行业应用软件、新型平台软件、嵌入式软件等领域，着力培养熟悉制造流程，掌握一定的机械原理、物理基础和电气电子技术知识，以及工业软件设计和开发技能；具有良好的人文素养和社会责任感，具有家国情怀、国际视野、创新意识和终身学习的能力，成为能够胜任国产化工业软件设计、开发、维护及管理等方面工作的高素质交叉复合型创新人才。,https://gaokao.chsi.com.cn/zyk/zybk/detail/ilm3gh8y6dcerxgm
73384468,81001,土木工程,本科（普通教育）,1050,工学,105008,土木类,10500810,2025,土木工程专业培养掌握土木工程学科的基本原理和基本知识，能在房屋建筑、地下建筑、道路、隧道、桥梁建筑、水电站、港口及近海结构与设施、给水排水和地基处理等领域从事规划、设计、施工、管理和研究工作的高级工程专门人才。本专业要求学生熟练掌握工业与民用建筑工程、市政工程、基础工程与地下工程、道路工程、建筑结构和建筑材料等方面的专业知识，具有进行相关工程设计、施工、组织管理、设备配套及操作的基本素质；掌握工程规划与选型、结构分析与设计、工程材料、基础设计及地基处理方面的基础知识，掌握有关建筑机械、电工、工程测量、施工技术与组织等方面的基本技术，具有从事科学研究工作的基本能力和较强的科技创新能力。,https://gaokao.chsi.com.cn/zyk/zybk/detail/73384468
427392401,81002,建筑环境与能源应用工程,本科（普通教育）,1050,工学,105008,土木类,10500810,2025,建筑环境工程专业是致力于解决民用、工业生产、医疗、交通、航天等领域的室内环境问题的学科，为人们创造健康舒适的热湿环境、空气质量环境、声光环境等，是一门涉及国计民生的综合性学科，涵盖了健康、能源、环境等人们广泛关注的内容。本专业学生主要学习能源与动力工程、建筑环境的基础理论和技术，接受现代建筑设备工程师的基本训练，具有进行动力机械、热工设备的设计、运行、管理的基本能力，能够在国民经济各部门从事建筑室内环境控制、暖通空调、给排水、燃气供应、热力供应和楼宇自动化等公用设施系统的规划、设计、制造、安装、调试、运行和管理等方面的工作。,https://gaokao.chsi.com.cn/zyk/zybk/detail/427392401
73384500,81003,给排水科学与工程,本科（普通教育）,1050,工学,105008,土木类,10500810,2025,本专业是以保证水资源可持续利用为目标，以水的社会循环，即取水、给水、处理、排放为研究对象，水质水量并重，以水质为核心，培养能在政府、规划、管理、环保、设计、施工、工矿企业、科研教学等部门从事水资源评价、开发、保护利用、加工输送及规划管理、设计施工、教学研究开发工作的高级工程技术人才的专业。,https://gaokao.chsi.com.cn/zyk/zybk/detail/73384500
73384504,81004,建筑电气与智能化,本科（普通教育）,1050,工学,105008,土木类,10500810,2025,本专业培养的是能够在建筑行业从事建筑电气和智能化领域的设计、安装、调试、运行、监理和管理等方面的工作，具有创新精神和实践能力，并具有较强工程能力的高素质实用型人才。要求学生系统掌握建筑电气与智能化领域的基础理论、基本知识和基本技能，教学以建筑物内的相关设备为对象，以智能建筑的规划、设计、施工、管理为特色；强弱电结合；建筑设备和智能化技术结合，注重学生的研究开发、工程设计及工程应用能力的培养，并突出电气工程与自动化技术在建筑领域中的应用。,https://gaokao.chsi.com.cn/zyk/zybk/detail/73384504
73384480,81005,城市地下空间工程,本科（普通教育）,1050,工学,105008,土木类,10500810,2025,城市地下空间工程是指在城市地面以下土层或岩体中修建各种类型的地下建筑物或结构物的工程，涵盖地下铁道、公路隧道、地下停车场、过街和穿越障碍的各种地下通道等交通设施，各类地下制作车间、电站、储存库房、商场、人防与市政地下工程等工业与民用工程，以及文化、体育、娱乐与生活方面的地下联合建筑体工程等。本专业主要培养在知识、能力、素质各方面协调发展，拥有扎实的数学、力学等自然科学和人文社会科学基础知识，系统掌握城市地下空间工程勘察、规划、建筑结构设计与施工、隧道及地下工程设计与施工等方面的基本技术和管理知识，具有较强实践能力和一定创新能力的高级专门人才。,https://gaokao.chsi.com.cn/zyk/zybk/detail/73384480
73384516,81006,道路桥梁与渡河工程,本科（普通教育）,1050,工学,105008,土木类,10500810,2025,本专业培养学生道路桥梁与渡河工程学科的基本理论和专业知识，具有从事道路桥梁与渡河工程的规划、设计、研究开发、施工及管理的能力，能在道路工程、桥梁工程、隧道与岩土工程等设计、研究、施工、教育、管理、投资、开发部门从事技术或管理工作；要求学生具有较扎实的自然科学基础，了解当代科学技术的现状、发展趋势和应用前景；掌握本学科相关的基本理论，掌握工程规划与选型、结构分析与设计以及工程材料应用的基本知识，掌握工程测量与勘察、工程试验与检测、施工组织与管理等方面的基本技能；具有工程制图、计算机应用、主要测试仪器使用的基本能力，具有综合应用各种手段查询资料、获取信息的能力；具有工程设计、试验、施工、管理的基本能力和研究开发的初步能力。,https://gaokao.chsi.com.cn/zyk/zybk/detail/73384516
g4ipenxvflojabtp,81007,铁道工程,本科（普通教育）,1050,工学,105008,土木类,10500810,2025,本专业致力于培养适应社会主义现代化建设需要，知识、能力、素质协调统一，具备扎实的自然科学、人文社会科学基础知识，掌握本专业领域宽广的基本理论、专业知识和基本技能，具有创新精神、实践能力和国际视野；能够胜任铁路、轨道交通等土木工程的勘测、设计、施工、咨询和技术管理工作的高级专业人才。,https://gaokao.chsi.com.cn/zyk/zybk/detail/g4ipenxvflojabtp
z8pcgj050x5vgmxv,81008,智能建造,本科（普通教育）,1050,工学,105008,土木类,10500810,2025,本专业以土木工程、工程管理专业知识为基础，结合现代信息技术，侧重培养学生应用机械工程、智能科学与技术、控制科学与工程等交叉学科相关技术，解决土木工程全寿命期中的各类复杂问题，具备终身学习能力、跨界发展与创新能力，能够适应土木工程行业信息化、智能化的发展与需要，能够初步胜任各类土木工程对象的智能施工、智能运维与管理等方面工作的应用型工程技术人才和管理人才。,https://gaokao.chsi.com.cn/zyk/zybk/detail/z8pcgj050x5vgmxv
xli1o7drc0r2sa4y,81009,土木、水利与海洋工程,本科（普通教育）,1050,工学,105008,土木类,10500810,2025,本专业培养适应社会主义现代化建设需要，能够运用数学和自然科学基础理论以及土木、水利与海洋工程专业知识，分析和解决水资源与海洋资源开发、利用与保护行业产业领域的复杂问题，成为在土木、水利与海洋工程领域能够肩负“发展海洋经济，保护海洋生态环境，加快建设海洋强国”的战略重任的高素质应用型人才。,https://gaokao.chsi.com.cn/zyk/zybk/detail/xli1o7drc0r2sa4y
6ps75i6bc8f7vzl7,81010,土木、水利与交通工程,本科（普通教育）,1050,工学,105008,土木类,10500810,2025,本专业培养具备自然科学和人文社会科学基础、外语和计算机应用能力，掌握土木工程、水利工程及交通工程相关基本原理和基本知识，全面获得工程师基本训练，能胜任土木工程、水利工程及交通工程等工程的设计、施工与管理，具有较好基础理论、较宽厚专业知识和良好实践能力与创新能力，具有一定国际视野，能够面向未来的高素质专门人才。,https://gaokao.chsi.com.cn/zyk/zybk/detail/6ps75i6bc8f7vzl7
mfdbvslr6ry1i66f,81011,城市水系统工程,本科（普通教育）,1050,工学,105008,土木类,10500810,2025,本专业面向生态文明建设国家战略，服务于海绵城市建设、黑臭水体治理及智慧水务等城市水系统重构层面国际前沿科学与工程问题及国家重大需求，以“保护城市水资源提升城市水环境、重构城市水生态、保障城市水安全”为导向，以系统化思维培养为核心，着力培养具备系统宏观规划能力、专业知识综合运用能力、跨学科协调能力、项目筹建运行能力、综合管理服务能力的工程领域拔尖创新人才。,https://gaokao.chsi.com.cn/zyk/zybk/detail/mfdbvslr6ry1i66f
gq1mie2064821tf8,81012,智能建造与智慧交通,本科（普通教育）,1050,工学,105008,土木类,10500810,2025,本专业是面向国家重大战略和行业转型升级需求，以交通土木工程为基础，深度融合数字化、信息化与智能化，结合人工智能、大数据、数字孪生、物联网等先进技术发展而成的新工科专业。培养具有扎实的数学和自然科学基础、系统的交通土木类专业知识，突出的跨学科交叉创新能力；具有优秀的工程实践能力，了解未来技术和产业发展趋势，能胜任国家基础设施的智能建造与智慧运维及相关领域的规划设计、建造与施工、管理与运维、科教等工作，具备跨界发展从事计算机、人工智能、信息技术、投资管理等工作的潜力；具有国际化视野、自主学习和自主创新意识、团队合作与沟通等综合素养的应用研究型领军人才。,https://gaokao.chsi.com.cn/zyk/zybk/detail/gq1mie2064821tf8
e7dlcgmdfzgwsgst,81013,工程软件,本科（普通教育）,1050,工学,105008,土木类,10500810,2025,本专业面向国家重大工程、国家软件发展战略和“提升关键软件技术创新和供给能力”的迫切需求，围绕基础设施建设、现代海洋、航空航天、高端装备、新一代信息技术等工程中的关键难题，培养具备扎实的数学、力学、计算机科学理论基础，掌握宽厚的基础设施建设工程知识，精通先进的软件开发技术，深度融合人工智能、大数据、数字孪生等先进技术，能够开发利用软件解决现代工程问题；能够从事科学研究、工程行业与基础软件开发、工程建设等工作的工程软件领域创新型复合人才。,https://gaokao.chsi.com.cn/zyk/zybk/detail/e7dlcgmdfzgwsgst
upjomeqmsw0pm4kl,81014,城市更新,本科（普通教育）,1050,工学,105008,土木类,10500810,,,https://gaokao.chsi.com.cn/zyk/zybk/detail/upjomeqmsw0pm4kl
73384528,81101,水利水电工程,本科（普通教育）,1050,工学,105008,水利类,10500811,2025,水利水电工程专业要求学生理论基础扎实、具有较高的外语水平和熟练的计算机应用能力，培养学生具有水工程、水资源、水生态、水环境、水灾害、水管理及水经济等水科学与水利工程技术的综合知识和能力，毕业后能够从事高坝大结构、地下空间利用、城市水利、城市水务、港口海岸及近海工程、水利工程信息化等多方面的科学研究、规划、设计、施工及管理工作。,https://gaokao.chsi.com.cn/zyk/zybk/detail/73384528
73384532,81102,水文与水资源工程,本科（普通教育）,1050,工学,105008,水利类,10500811,2025,本专业培养具备水文水资源及水环境方面基础理论和专业知识，能在水资源规划与管理、水资源优化配置及高效利用、水文预报、水资源开发与保护、水环境保护等部门从事水文、勘测、规划设计、施工、预报、管理和基础理论研究的高级工程技术人才。学生主要学习水文、水资源及环境信息的采集及处理、水旱灾害预测及防治、水资源规划、水环境保护、水利工程规划与设计、水利工程运行与管理、水政管理等方面基本理论与基本知识，受到工程制图、运算、实验、测试等方面基本训练，具有应用所学专业分析解决实际问题、科学研究、组织管理的基本能力。,https://gaokao.chsi.com.cn/zyk/zybk/detail/73384532
73384536,81103,港口航道与海岸工程,本科（普通教育）,1050,工学,105008,水利类,10500811,2025,本专业着重学习掌握近海及江河开发中的河床演变、航道与河道整治问题；学习河流水沙运动基本规律，学习掌握港口工程、航道工程、治河防洪工程方面的基本理论知识和设计方法；以近海工程、港口工程、航道工程、河道整治与取水工程、流域开发、防洪减灾为主要学习、服务对象，培养基础扎实、创新能力强、综合素质高的复合型高级工程技术人才。,https://gaokao.chsi.com.cn/zyk/zybk/detail/73384536
73384492,81104,水务工程,本科（普通教育）,1050,工学,105008,水利类,10500811,2025,本专业以水资源的开发、利用、节约、保护、管理等水事活动为主要研究对象，以满足城市及工农业所需的水质水量为目标，以适应国民经济和社会的可持续发展为目的，培养具备水文水资源学工程、水利工程、环境工程、技术经济学与管理学方面的基础知识与应用能力，能在国民经济各部门从事水务规划设计与管理、科研开发、应用研究等方面的高级工程技术人才。,https://gaokao.chsi.com.cn/zyk/zybk/detail/73384492
qxh5k41e9ihwfm0y,81105,水利科学与工程,本科（普通教育）,1050,工学,105008,水利类,10500811,2025,本专业着重培养现代化水利所需的解决水问题专业能力、基础知识和综合素养的复合型水利专业人才。专业知识涵盖解决水科学前沿问题的地理学、数据科学、工程学、运筹学等方面的基本知识和技能。专业人才面向水利、环境资源、气象、防灾减灾、数据科学等领域。,https://gaokao.chsi.com.cn/zyk/zybk/detail/qxh5k41e9ihwfm0y
131g2t5au73bw9ce,81106,智慧水利,本科（普通教育）,1050,工学,105008,水利类,10500811,2025,智慧水利是水利工程学科与人工智能、大数据、物联网、云计算等新一代信息技术融合而成的，实现水利工程规划、设计、施工、管理的智慧化，提高水资源利用和管理效率的新型学科方向。要求学生掌握扎实数理基础、大数据采集与分析、水工智能建造、智慧灌区设计与管理、水利工程安全智能监控、智能辅助决策与综合调度等专业知识，具备利用现代信息技术带来的新思想方法和技术手段，提升传统水利工程的规划、设计、施工、运行和管理方法与手段的能力。要求学生既具备水利专业背景，又具有信息技术、人工智能技术，具有鲜明的交叉性、兼容性、应用性等特点，是典型的跨学院、跨专业多学科交叉融合的专业。,https://gaokao.chsi.com.cn/zyk/zybk/detail/131g2t5au73bw9ce
73384544,81201,测绘工程,本科（普通教育）,1050,工学,105008,测绘类,10500812,2025,测绘工程是利用各种现代化方法来采集、量测、分析、存储、管理、显示、传播和应用各类地学信息的一门综合的信息科学，专业旨在培养具有扎实的测绘基础知识和技能，学习数字地球框架信息获取、处理、分析、表达和应用的基本原理和方法，掌握现代空间测量技术、数字摄影测量与遥感技术、地图学与地理信息系统的基本理论，能够从事大比例尺数字化测图与地籍图的测绘及其信息系统的建立，各种工程、大型建筑物的各阶段测绘即变形监测，资源合理开发、利用及环境整治等方面工作的高级专门人才。,https://gaokao.chsi.com.cn/zyk/zybk/detail/73384544
73384548,81202,遥感科学与技术,本科（普通教育）,1050,工学,105008,测绘类,10500812,2025,本专业主要培养掌握遥感理论基础、信息处理与分析理论基础和基本技能，具有遥感基本理论、传感器技术、信息获取技术、遥感数据处理技术、多传感器数据匹配和融合技术、图像自动解译技术、导航及地理信息系统基本原理等基本知识与方法，能够在民用领域及军事领域从事遥感系统设计与研发、遥感信息处理及有关信息系统和管理信息系统的建设和应用的专门人才，以及具有较宽知识面，掌握一定的相关学科知识，了解本学科的发展与学科前沿，有创新意识，并能独立从事本学科及其交叉学科研究的能力的高级人才。,https://gaokao.chsi.com.cn/zyk/zybk/detail/73384548
164248611,81203,导航工程,本科（普通教育）,1050,工学,105008,测绘类,10500812,,,https://gaokao.chsi.com.cn/zyk/zybk/detail/164248611
320924802,81204,地理国情监测,本科（普通教育）,1050,工学,105008,测绘类,10500812,2025,地理国情监测通过对地理国情进行动态地测绘、统计，从地理的角度来综合分析和研究国情，为政府、企业和社会各方面提供真实可靠和准确权威的地理国情信息；本专业旨在满足国家对国情国力调查与监测的需要，培养掌握地理国情监测的基础理论、方法和技术，具有地理国情信息获取、处理、综合分析、应用和共享服务能力的复合型高级技术人才，毕业生能在测绘、国土、规划、民政、水利、交通、环境、生态、矿产、农业、林业、人口、海洋、气象、国防、军事、安全、公共卫生、重大工程等政府部门、科研院校、企事业单位从事与地理国情监测相关的科研、教育、技术研发和管理工作。,https://gaokao.chsi.com.cn/zyk/zybk/detail/320924802
xig2dsizwzbxjcsl,81205,地理空间信息工程,本科（普通教育）,1050,工学,105008,测绘类,10500812,2025,本专业面向国家空间基础设施、国土空间规划、智慧城市等战略性政策需要，培养掌握现代测绘技术及地理空间信息获取、处理、分析、表达与应用的基础理论和基本技能，具备地理空间信息服务系统的设计、研发、集成、部署、维护及管理等方面的知识技能，具有复杂分析处理建模、研发关键技术、架构设计及新技术融合应用能力，具有家国情怀、高度社会责任感、基础理论扎实、创新实践能力强的高素质应用型人才。,https://gaokao.chsi.com.cn/zyk/zybk/detail/xig2dsizwzbxjcsl
cd276lgk5no2i2l4,81206,时空信息工程,本科（普通教育）,1050,工学,105008,测绘类,10500812,2025,本专业围绕国家、社会及时空信息行业发展对高端人才的需求，培养具有爱国情怀与高度社会责任感，具有优秀人文素养、深厚的数理基础、扎实的时空信息智能化处理能力和熟练的计算机开发能力，掌握时空信息获取与处理前沿知识，具有创新与创业意识和国际视野，培养引领我国时空信息智能化处理与应用的行业领军和拔尖创新人才。,https://gaokao.chsi.com.cn/zyk/zybk/detail/cd276lgk5no2i2l4
73384596,81301,化学工程与工艺,本科（普通教育）,1050,工学,105008,化工与制药类,10500813,2025,本专业主要从事化学合成药物中间体及有机精细化学品（包括高分子材料、添加剂、染料中间体、涂料、特种精细化学品等）的合成原理、生产工艺、过程开发及设备设计；要求学生掌握化学工程、化学工艺、应用化学理论的学科基础理论和知识；掌握化学装置的基本设计方法，掌握有机精细化学品的基本合成、改性和配方的基本原理和基本技能；培养从事有机精细化学品的生产设计、运行与研究开发工作的高级工程技术人才。,https://gaokao.chsi.com.cn/zyk/zybk/detail/73384596
73384600,81302,制药工程,本科（普通教育）,1050,工学,105008,化工与制药类,10500813,2025,本专业要从事化学合成药物、中药的生产、过程设计、工艺革新及新药研制与开发方面的工作；要求学生掌握化学、药学、制药工程和化学工艺等方面的基础理论和基本知识；掌握药物合成，有机精细化学品的基本合成、改性和配方的基本原理和基本技能，培养具有制药过程方面的生产、经营管理、科研开发、应用研究的高级工程技术人才。,https://gaokao.chsi.com.cn/zyk/zybk/detail/73384600
213775265,81303,资源循环科学与工程,本科（普通教育）,1050,工学,105008,化工与制药类,10500813,2025,该专业面向国家节能减排、循环经济、低碳经济等战略性新兴产业需要，适应未来科技发展，培养系统掌握资源循环科学与工程基础理论知识，具有宽厚的专业知识、实践能力和良好的科学素养，能在资源循环利用、能源开发与利用以及循环经济等领域的高等院校、科研机构、政府机关、工矿企业等部门从事资源循环利用的科学研究、规划管理、技术研发等工作的高级复合型人才。学生主要学习工程数学、物理化学、有机化学、无机化学、材料科学与工程、生物学、资源科学、经济学等方面基础理论与基础知识，系统掌握资源循环科学与工程概论、产业生态学、废弃资源循环利用技术与工程、可再生能源开发与利用技术、清洁生产与能源审计、循环经济理论与产业发展、气候变化与低碳发展理论与政策、能源管理工程、碳汇原理与技术等专业知识，具备从事资源循环利用的设计施工、规划管理、科学研究的基本能力。,https://gaokao.chsi.com.cn/zyk/zybk/detail/213775265
164210699,81304,能源化学工程,本科（普通教育）,1050,工学,105008,化工与制药类,10500813,2025,本专业培养学生掌握能源化学工程、电化学工程及催化技术等方面的基础理论和基础知识；掌握新能源、能量储存与转换的理论基础；掌握化石能源的清洁利用技术，燃料电池系统与氢能利用；电化学功能材料与能源储存转换技术，可再生能源（太阳能、风能、生物质能、海洋能等）利用途径；能在新能源的利用和转化领域内从事专业经营管理和科研开发；学生主要学习化学电源与物理电源（燃料电池、锂电池、Ni-H电池、太阳能电池、生物电池等）的利用技术，学习能源材料与能源转换材料（储能材料、电极材料、光电转换材料等）的设计与合成，燃料化学与工程中催化剂、添加剂、高能碳氢燃料等新型燃料或能提高燃料利用效率的技术。,https://gaokao.chsi.com.cn/zyk/zybk/detail/164210699
73384608,81305,化学工程与工业生物工程,本科（普通教育）,1050,工学,105008,化工与制药类,10500813,,,https://gaokao.chsi.com.cn/zyk/zybk/detail/73384608
7jehnrx7bf48llx9,81306,化工安全工程,本科（普通教育）,1050,工学,105008,化工与制药类,10500813,2025,本专业培养掌握扎实的化工安全工程基础理论、专业知识和基本技能，具有较强的工程实践能力和创新精神，能够在化工、能源、轻工等相关部门，从事过程安全设计及技术开发、安全生产管理、化工风险辨识与评价、应急处置与管理、安全教育与培训的应用型工程技术人才。,https://gaokao.chsi.com.cn/zyk/zybk/detail/7jehnrx7bf48llx9
64chlm0veqzg0i8i,81307,涂料工程,本科（普通教育）,1050,工学,105008,化工与制药类,10500813,2025,本专业以涂料工程为特色，以服务涂料行业和企业为目标，掌握化学、工程和自然科学等方面的基本理论和基本知识，培养掌握化学、工程和自然科学等方面的基本理论和知识，掌握涂料尤其是新型涂料的设计、合成、改性、涂装等方面的专业知识，具备涂料新产品、新技术、新工艺、新功能的理论与应用能力，能够从事产品研制与开发、工艺设计、生产应用、质量控制以及经营管理等方面工作的高等应用型工程技术人才。,https://gaokao.chsi.com.cn/zyk/zybk/detail/64chlm0veqzg0i8i
paahzm25jue2uxp0,81308,精细化工,本科（普通教育）,1050,工学,105008,化工与制药类,10500813,2025,本专业适应全国石化行业发展特点，培养掌握精细化工学科发展方向的基本理论和专业知识，获得精细化工基础实验、精细化工产品创新实验、科学研究与技术创新等方面的基本技能，能够运用化学工程与工艺知识对精细化工、石化企业生产过程进行设计及优化，并具有对高端精细化学品研发能力；具备解决高附加值精细化工产品设计问题的初步能力和工程创新精神，能够在精细化工、石油化工生产专用、细分、高附加值产品研发等相关各领域从事设计、技术应用开发、生产技术管理和科学研究工作的高级工程技术应用型人才。,https://gaokao.chsi.com.cn/zyk/zybk/detail/paahzm25jue2uxp0
cx8d5c2m3xs15egs,81309,智能分子工程,本科（普通教育）,1050,工学,105008,化工与制药类,10500813,2025,本专业面向战略性新物质创制的迫切需求和重大挑战，以人工智能基础理论和技术研究为依托，强化人工智能+化工学科交叉融合，围绕智能制造时代工业革命的分子智能需求，具有跨学科交叉程度高、边际效率突破等特点。面向学科前沿、国家重大需求和国民经济主战场，实现在材料创制与合成、生命医药健康、基因工程、绿色工艺等领域的新技术突破。培养学生具有人工智能与化学化工基础知识相融合的本领、终身学习和创新创业能力，能够以人工智能为工具，应对大数据背景下国家在化学化工领域与时俱进的需求，成为能提出有效地解决前沿科学问题的拔尖创新的定义者和引领者。,https://gaokao.chsi.com.cn/zyk/zybk/detail/cx8d5c2m3xs15egs
73384120,81401,地质工程,本科（普通教育）,1050,工学,105008,地质类,10500814,2025,本专业培养具备基础地质学、水文地质与工程地质、工程地质勘查等方面的基本理论知识，具有从事解决常见工程地质和水文地质问题及资源地质勘查的基本能力，能在工程地质勘察、资源勘查与设计、施工、管理等领域从事资源勘查与评价、管理、各类工程建设地质等方面工作的高级工程技术人才。毕业生可从事水文地质及工程地质勘查与评价、资源地质、工程项目管理等方面的科学研究、开发及管理等工作。,https://gaokao.chsi.com.cn/zyk/zybk/detail/73384120
73384112,81402,勘查技术与工程,本科（普通教育）,1050,工学,105008,地质类,10500814,2025,本专业培养具备地质学、水文地质学、工程地质学、岩土工程勘察与评价、应用地球物理学等方面的基本理论知识，能从事各种建设岩土工程勘察与评价、水文地质勘察、工程地质勘察、矿产资源勘查和地质工程技术管理等工作的高级应用型专门人才；要求学生掌握地质学、水文地质学、工程地质学、岩土工程勘察与评价、应用地球物理学等方面的基本理论和技术；能够运用传统与现代勘察技术手段，在各种岩土工程勘察、水文地质勘察、工程地质勘察、基础工程施工、矿产资源勘查中从事勘察、设计、施工、管理、评价和监理，以及完成各种地质灾害的治理等工作的能力；熟练掌握一门外语和计算机应用技能。,https://gaokao.chsi.com.cn/zyk/zybk/detail/73384112
73384116,81403,资源勘查工程,本科（普通教育）,1050,工学,105008,地质类,10500814,2025,本专业培养具备地质学的基础理论知识，掌握资源勘查与开发的各类工作方法，具备对资源形成理论及分布规律等综合分析和研究的基本能力，能在资源勘查、开发、管理、规划、保护等领域从事固体矿产、石油、天然气等矿产资源勘查、评价和管理方面工作的高级研究工程技术人才；学生主要学习地球科学基础知识，资源勘查和评价等方面的基本理论及工作方法，具有综合分析区域资源分布特征、规律及工业价值，进行资源评价、资源管理及科学决策等方面的基本能力。,https://gaokao.chsi.com.cn/zyk/zybk/detail/73384116
73384132,81404,地下水科学与工程,本科（普通教育）,1050,工学,105008,地质类,10500814,2025,本专业培养具备扎实的地下水资源和地下水工程研究的理论和基本技能，能在生产单位、科研院所、大专院校、行政管理部门从事地下水科学与工程方面的勘察、评价、规划设计、地下水资源管理、技术经济分析的高级应用型专门人才；要求学生掌握地下水科学与工程专业的基本理论和方法，具有室内试验和野外试验的基本技能；掌握地下水动态监测、地质环境监测、水文地质勘查、地下水资源评价和管理、地下水资源开发和保护的专业知识和工作方法；了解和基本掌握工程地质勘查、设计和施工的基本方法；了解地下水科学和工程专业的发展方向，能够运用专业理论知识和专业技术方法解决地下水资源与环境的实际问题；熟练掌握一门外语和计算机应用技能。,https://gaokao.chsi.com.cn/zyk/zybk/detail/73384132
7q9mi8dqqq2ov63l,81405,旅游地学与规划工程,本科（普通教育）,1050,工学,105008,地质类,10500814,2025,本专业培养具有扎实的地学、旅游管理和规划设计基础，可以从事基础地学、旅游规划与旅游管理的教学和科学研究、地学旅游资源调查与评价、地学资源保护与开发、国家公园及各类自然公园规划、旅游项目策划与设计等工作的复合型应用人才。,https://gaokao.chsi.com.cn/zyk/zybk/detail/7q9mi8dqqq2ov63l
s4wfzw9ousw6pa6b,81406,智能地球探测,本科（普通教育）,1050,工学,105008,地质类,10500814,2025,本专业以物理学、地球科学为基础，以人工智能、大数据科学等为抓手，系统学习智能地球探测相关理论和技术，实现传统地球探测与人工智能、大数据等新兴技术深度融合，培养“人工智能+地球探测”新型交叉学科复合型人才，适应地球探测领域信息化、智能化和自动化转型发展需求。,https://gaokao.chsi.com.cn/zyk/zybk/detail/s4wfzw9ousw6pa6b
fobv3ei8yiku7yd5,81407,资源环境大数据工程,本科（普通教育）,1050,工学,105008,地质类,10500814,2025,本专业是基于地质基础和信息化手段对矿产资源、地质环境等领域从事大数据技术研究、设计、应用与管理的交叉学科。培养学生系统掌握地球科学、地质资源和地质环境、地学信息技术、地学大数据与人工智能等方面的基本理论、基本方法和基本技能；具有较强的创新意识、国际视野，能在资源、能源、地质环境及相关行业从事大数据技术研究、设计、应用与管理的复合型工程技术人才。,https://gaokao.chsi.com.cn/zyk/zybk/detail/fobv3ei8yiku7yd5
73384100,81501,采矿工程,本科（普通教育）,1050,工学,105008,矿业类,10500815,2025,本专业培养掌握金属、非金属等固体矿床开采的基本理论和方法，具备采矿工程师的基本能力，能从事矿区开发规划、开采设计与施工、安全设计与监理、生产技术管理、科学研究等工作，培养富有创新精神的应用型技术及管理人才；要求学生掌握较系统的基础科学理论，较宽厚的专业技术理论和主要的专业知识，具有本专业所必需的设计、制图、运算、实验、测试表达及基本工艺技术技能和较强的计算机应用能力。,https://gaokao.chsi.com.cn/zyk/zybk/detail/73384100
73384104,81502,石油工程,本科（普通教育）,1050,工学,105008,矿业类,10500815,2025,本专业主要培养从事石油工程设计、科学研究与生产管理方面的高级工程技术人才，学生在校期间主要学习地质、力学、机械、电工、计算机、基础化学、流体力学、油层物理、提高采收率原理和石油工程等课程；毕业后具备较强的外语和计算机应用能力、石油工程优化设计能力、石油工程技术开发、科学研究及石油生产的管理能力，能独立进行油气田开发方案和钻采工艺的优化设计、石油生产工艺和提高采收率技术的开发研究等工作；主要在石油、石化行业及相关行业就业。,https://gaokao.chsi.com.cn/zyk/zybk/detail/73384104
73384108,81503,矿物加工工程,本科（普通教育）,1050,工学,105008,矿业类,10500815,2025,本专业培养从事矿物(金属、非金属、煤炭)分选、矿物材料加工和矿产资源综合利用等领域内的高级工程技术人才，学生主要学习物理化学、流体力学、矿物学、选矿学、矿物材料，以及化工原理、环境保护等方面的基础理论和专业知识，受到实验研究、工程设计、生产管理、计算机应用等方面的基本训练，能够承担矿物原料的分析检测、选矿（选煤）工艺、选矿（选煤）厂设计、矿物材料加工利用、资源综合利用和环境保护等方面的科学研究和专门技术工作。,https://gaokao.chsi.com.cn/zyk/zybk/detail/73384108
73384632,81504,油气储运工程,本科（普通教育）,1050,工学,105008,矿业类,10500815,2025,油气储运工程是一个涵盖多学科的交叉渗透型专业，集油气储运工艺过程、油气储运工程施工、油气储运设备于一体，结合国家行业需求，以原油和天然气的开采、计量、储存、管道输送为主线，为我国的油田、气田、炼油厂、石化企业、加油站、油库、城市燃气输配等部门培养具备工程流体力学、传热学、工程热力学、油气储运工程等方面的高级工程应用型人才。学生主要学习各类油库和集输、长输管道及相应设备的设计、选用、技术管理的理论知识；通过学习和研究要掌握集输系统、油库和长输管道的的工艺设计理论和方法，熟悉油品特性及其单相、多相管道流动理论；具有输、储专用设备的设计、选用和维修能力以及对现有油库、集输系统和长输管道的生产工艺进行分析、研究和技术改造的能力。,https://gaokao.chsi.com.cn/zyk/zybk/detail/73384632
73384124,81505,矿物资源工程,本科（普通教育）,1050,工学,105008,矿业类,10500815,2025,矿物资源工程专业是1999年在原采矿工程专业的基础上改造而成的本科专业，不同的院校开设的培养方向有所不一样，主要来说有以下几种：矿物资源开发工程（有些也称采矿工程）、矿物加工工程、安全工程。矿物资源开发工程（采矿工程）方向培养从事矿物资源开发的高级工程技术人才，培养学生在矿物资源开发、现代矿山开采系统的规划设计与开发、工程设计、企业生产与经营、技术与行政管理、安全技术及监督、科学研究与技术革新、矿山生产管理等方面的基本能力和创新意识。,https://gaokao.chsi.com.cn/zyk/zybk/detail/73384124
213775261,81506,海洋油气工程,本科（普通教育）,1050,工学,105008,矿业类,10500815,2025,本专业培养面向我国海洋石油工业发展需要，德智体美全面发展，具有较强的国际竞争能力、团队协作能力的海洋石油工业钻井、采油、项目管理等方面的高级专门技术人才。通过本专业学习，学生除具备一定的工科基础理论和海洋法规基础知识外，应熟练掌握海洋钻井、完井、采油和油气集输专业知识，并具备较好外语水平，可胜任海洋钻井与完井、海洋采油气、海洋油气集输等工作的设计、工程施工与管理工作。,https://gaokao.chsi.com.cn/zyk/zybk/detail/213775261
7ff7pvc7ozyd50ro,81507,智能采矿工程,本科（普通教育）,1050,工学,105008,矿业类,10500815,2025,本专业服务国家能源战略和社会经济发展需求，培养德、智、体、美、劳全面发展，社会责任感以及创新意识强，具有良好的人文和科学素养和宽厚的基础理论知识，具备智能矿山设计、智能化开采、智能矿山技术管理等较强的工程实践能力，能在矿山自动化、信息化、智能化等智能采矿领域从事设计与施工、生产技术管理、安全监察及科学研究等相关工作的复合型专业技术人才。,https://gaokao.chsi.com.cn/zyk/zybk/detail/7ff7pvc7ozyd50ro
39bcakugglwje5zy,81508,碳储科学与工程,本科（普通教育）,1050,工学,105008,矿业类,10500815,2025,本专业面向国家碳中和目标和国民经济发展的需要，培养具备扎实的物理、化工和地质等学科的基础理论，系统掌握能源高效低碳转化，碳监测与碳核算，二氧化碳捕集、利用转化与封存以及碳交易等方面的专业知识和实践能力，了解碳储领域的发展动向及国际前沿技术，有创新思维和国际视野，能够在碳储科学与工程领域从事科学研究、技术开发、工程设计，以及工程运行与管理等方面工作的复合型创新人才。,https://gaokao.chsi.com.cn/zyk/zybk/detail/39bcakugglwje5zy
rpdls689l8l7ji74,81509,稀土科学与工程,本科（普通教育）,1050,工学,105008,矿业类,10500815,,,https://gaokao.chsi.com.cn/zyk/zybk/detail/rpdls689l8l7ji74
73384700,81601,纺织工程,本科（普通教育）,1050,工学,105008,纺织类,10500816,2025,本专业培养掌握纺织工程方面的基本理论和基本知识，能在纺织企业、科研院所、高等院校等部门从事纺织产品开发与设计、纺织工艺设计、纺织生产质量控制、生产技术改造以及具有经营管理初步能力的高级工程技术人才；学生主要学习纺织工程方面的基本理论和基本知识，受到纺织品设计、纺织工艺设计等方面的基本训练，具有纺织品生产管理方面的基本能力。,https://gaokao.chsi.com.cn/zyk/zybk/detail/73384700
73384704,81602,服装设计与工程,本科（普通教育）,1050,工学,105008,纺织类,10500816,2025,本专业培养从事服装产品设计与开发、服装生产技术、服装企业管理、服装贸易以及服装科学研究与教学的高级技术和管理人才；学生主要学习和掌握服装设计与生产方面的专业知识和技能，通过服装设计基础、服装结构设计、服装产品设计等教学环节，培养学生服装产品创新设计的基本素质和技能；通过服装生产工艺与设备、服装CAD技术与应用、服装生产管理、服装制作工艺等教学环节，使学生掌握服装工业生产的技术及技术管理知识；通过学习服装外贸实务、服装市场营销、服装零售学等课程，使学生了解服装市场营销的基本规律和运作方式。,https://gaokao.chsi.com.cn/zyk/zybk/detail/73384704
73384728,81603,非织造材料与工程,本科（普通教育）,1050,工学,105008,纺织类,10500816,2025,本专业主要培养从事非织造工程技术及企业管理、国内外纺织贸易、产品检验与研究开发等的高素质复合型人才，学生主要学习非织造材料与工程专业的基本理论、基本知识和现代非织造布生产技术，同时要求学生熟练掌握计算机系统应用能力，具备较强的创新意识和解决问题的能力；要求学生系统掌握非织造工程工艺与技术、机械设备与管理、产品设计、产品检验、经营管理等方面的基础知识，具有进行工艺技术探讨、设备改造、产品开发与销售、科学研究与创新的能力，把握现代新材料迅速发展的趋势，具备企业管理及经营管理等方面的基本能力。,https://gaokao.chsi.com.cn/zyk/zybk/detail/73384728
73383411,81604,服装设计与工艺教育,本科（普通教育）,1050,工学,105008,纺织类,10500816,2025,本专业培养能系统掌握服装设计的基本理论与方法，能结合市场需求设计各类服装，掌握服装结构设计与工艺设计基本原理和方法，具有较系统的服装裁剪缝 制技术和成衣制板能力的人才，学生主要学习服装设计与工艺方面的基础知识、基本理论和实践技能、接受专业基本训练，具有从事服装行业设计与技术研究及生产管理等方面工作能力，掌握教育理论和教学实践的基本技能，获得从事服装教学和服装研究的基本能力。,https://gaokao.chsi.com.cn/zyk/zybk/detail/73383411
bhq59tictcmgihus,81605,丝绸设计与工程,本科（普通教育）,1050,工学,105008,纺织类,10500816,2025,本专业面向国际丝绸行业，针对产业绿色化、全球化、数字化趋势，以新工科建设理念为指引，面向各产业链，致力于培养掌握理论知识和实践技能、具备产品创意创新设计能力的复合型“创意、创新、创业”人才。,https://gaokao.chsi.com.cn/zyk/zybk/detail/bhq59tictcmgihus
h5gdp5uyyswstp1q,81606,纤维科学与智能制造,本科（普通教育）,1050,工学,105008,纺织类,10500816,,,https://gaokao.chsi.com.cn/zyk/zybk/detail/h5gdp5uyyswstp1q
73384688,81701,轻化工程,本科（普通教育）,1050,工学,105008,轻工类,10500817,2025,本专业掌握轻化工程基础知识和纺织服装染色、整理等专业知识，具有从事纺织服装材料染色和整理相关领域科学研究、技术开发、生产管理、产品经营与贸易等工作能力的应用型高级专门人才；要求学生掌握服装及其它纺织品色彩的设计与加工原理及方法；掌握服装面料性能的测试技术，具有纺织品检测与评价能力；具有应用计算机进行纺织品色彩、性能设计的能力；具有利用英语进行专业知识学习、文献检索及技术交流的能力；了解生产管理和产品经营知识，具有具有一定生产管理和产品经营能力。,https://gaokao.chsi.com.cn/zyk/zybk/detail/73384688
73384692,81702,包装工程,本科（普通教育）,1050,工学,105008,轻工类,10500817,2025,本专业培养学生掌握现代包装科学、工程和设计方面的基本理论和知识，熟悉包装及相关行业的生产与应用技术和经营管理，了解商品包装及相关领域科学技术的最新发展趋势，具备从事包装系统设计、生产技术管理、产品研发和包装检测等基本技能，具有较强的专业知识综合运用能力、工程实践能力和创新精神。学生毕业后可在包装、印刷及其应用领域从事设计、制造、新材料、新工艺和新技术开发、生产和经营管理等工作。,https://gaokao.chsi.com.cn/zyk/zybk/detail/73384692
73384696,81703,印刷工程,本科（普通教育）,1050,工学,105008,轻工类,10500817,2025,印刷工程专业是按照人的视觉、生理与心理特点和审美要求，对可视信息（图像和文字）进行加工处理，并将加工处理的结果存储、传送或在一定的有形载体上再现，形成印刷品、出版物（包括电子出版物）等产品的一门跨工程与人文艺术的边缘性工程学科；专业以印刷原理与现代印刷技术及数字印刷技术相结合为特色，突出现代印刷技术运用与印刷工艺设计开发能力的培养；培养适系统掌握印刷工程专业的基本理论知识和技能，具有图文信息处理与再现和现代印刷复制技术的能力，图文处理技术、印刷工艺设计、印刷品质量控制、印刷材料适性测试的基本方法，具有较强实践能力和创新精神，能在印刷和包装、出版、广告以及相关行业从事印刷工艺设计、技术管理、质量控制等相关工作的应用型高级专门人才。,https://gaokao.chsi.com.cn/zyk/zybk/detail/73384696
wmt2tqknncxbnjud,81704,香料香精技术与工程,本科（普通教育）,1050,工学,105008,轻工类,10500817,2025,香料香精技术与工程是一门以化学、生物学、食品科学和工程学等作为主要基础的多学科交叉的应用科学。本专业旨在培养高素质应用型高级工程技术人才，具备化学、生物学、食品科学和工程学等基础理论知识，系统掌握香料香精方面的基础理论和专业技能，能在化妆品、烟草、食品、医药、日用品的生产、加工、流通等领域，从事科学研究、产品开发和设计、工程设计、生产管理、质量检测、教育教学等方面的工作。,https://gaokao.chsi.com.cn/zyk/zybk/detail/wmt2tqknncxbnjud
0z7kg62lmb5ga9gd,81705,化妆品技术与工程,本科（普通教育）,1050,工学,105008,轻工类,10500817,2025,化妆品技术与工程专业的特色是现代生物技术与化妆品科学的结合，属于交叉复合型专业。旨在培养具有一定的人文社会科学知识和人文修养，掌握较强的自然科学知识，得到严格的科学思维训练，具备化妆品领域的基础理论、工艺原理及工程技术等专门知识，具有国际视野的应用型、创新性人才。,https://gaokao.chsi.com.cn/zyk/zybk/detail/0z7kg62lmb5ga9gd
xcmgelo1rfmn0yzj,81706,生物质能源与材料,本科（普通教育）,1050,工学,105008,轻工类,10500817,2025,本专业响应国家新农科与新工科建设要求，培养具备环保理念、社会责任感和国际化视野，具备多学科交叉的专业能力与综合能力，系统掌握生物质资源、生物质能源、生物质材料、生物基化学品等领域科学与工程方面的基础知识和基本技能，具有利用现代工具对相关复杂工程问题进行分析、研究、解决和管理的能力，能在国家生物质能源及材料领域开展教学、科研、技术开发、工程应用、经营管理等方面工作的行业领军型人才。,https://gaokao.chsi.com.cn/zyk/zybk/detail/xcmgelo1rfmn0yzj
khd3bn9lua5tez24,81707,生物质技术与工程,本科（普通教育）,1050,工学,105008,轻工类,10500817,2025,本专业培养适应国家科技与经济发展需求，掌握扎实的生物质资源转化利用过程中的基础理论知识与专业技能，能够在动物、植物、微生物生物质资源转化利用相关领域从事科学研究、技术开发、工程设计、生产管理和质量控制等工作，成为生物质利用领域具有国际竞争力的创新型工程技术人才。,https://gaokao.chsi.com.cn/zyk/zybk/detail/khd3bn9lua5tez24
73384624,81801,交通运输,本科（普通教育）,1050,工学,105008,交通运输类,10500818,2025,本专业培养具有国际视野的交通运输专业人才，学生将掌握交通运输规划与管理、城市交通管理与控制、交通运输系统仿真、国际运输业务、汽车理论及构造等方面的基本理论和技能。学生毕业后能在国家、省、市的城乡规划、公安交通管理、港口运输、国际进出口、汽车保险和销售等部门从交通规划、交通设施设计、运输贸易管理、汽车服务等工作。,https://gaokao.chsi.com.cn/zyk/zybk/detail/73384624
73384628,81802,交通工程,本科（普通教育）,1050,工学,105008,交通运输类,10500818,2025,交通工程专业培养从事交通管理与规划、道路与桥梁设计、施工与管理的高级专门人才。本专业以运筹学、概率论与数理统计、系统工程学为基础，要求学生掌握一门外语，熟练使用计算机进行总图运输规划、设计和管理，以及交通规划设计与管理工作；学生主要学习交通工程学原理、城市规划原理、总图设计理论与方法、交通规划设计理论与方法、公路及道路工程、工业铁路工程、工程管线综合等知识系列，并付诸实践性环节，培养分析问题和解决问题以及创新能力。,https://gaokao.chsi.com.cn/zyk/zybk/detail/73384628
73384640,81803,航海技术,本科（普通教育）,1050,工学,105008,交通运输类,10500818,2025,本专业培养适应21世纪社会主义现代化建设需要的，知识、能力、素质协调发展，基础扎实、知识面宽、实践能力强、敬业精神好，安全意识及环保意识强，符合经马尼拉修正的《1978年海员培训、发证和值班标准国际公约》和国家海事主管机关的相关规定要求、具有“诚毅”品格和创新精神的高素质航海技术应用型人才。学生主要学习船舶航行、货物积载与装卸和无线电通信等方面的基本理论和基本知识，受到航线设计、船舶操纵与避碰、现代航海仪器等的基本训练，掌握独立指挥和组织船舶航行与营运的基本能力。,https://gaokao.chsi.com.cn/zyk/zybk/detail/73384640
73384644,81804,轮机工程,本科（普通教育）,1050,工学,105008,交通运输类,10500818,2025,本专业培养符合国家教育方针和国际国内相关法规要求，综合素质好、安全与环保意识强、具有国际竞争能力的高级航海人才；学生通过学习可以掌握车、钳、焊、电的基本工艺和操作技能；掌握船舶主机、辅机基本性能试验和检测能力；通过国家主管机关的考试和评估，可以获得熟悉和基本安全、精通救生艇筏、高级消防、精通急救等专业合格证书及值班机工、甲类一等三管轮适任证书。,https://gaokao.chsi.com.cn/zyk/zybk/detail/73384644
73384636,81805,飞行技术,本科（普通教育）,1050,工学,105008,交通运输类,10500818,2025,本专业培养具备空气动力学、飞行力学、飞行性能与操纵原理等方面知识，能在民用航空公司从事民航航线飞行驾驶，并且符合国际民航航线运输机驾驶员执照标准和营运管理的高级飞行技术人才；学生主要学习飞行性能和控制原理、现代运输飞机构造等方面的基本理论和基本知识，受到识别和运用各种航图、运输机通信和空中领航的基本训练，具有民航航线飞行方面的基本能力。,https://gaokao.chsi.com.cn/zyk/zybk/detail/73384636
320934447,81806,交通设备与控制工程,本科（普通教育）,1050,工学,105008,交通运输类,10500818,2025,交通设备与控制工程专业是车辆工程、机械工程和电气工程等学科的交叉和综合，主要面向新一代智能交通系统和智能交通检测系统，运用电子、信息、计算机和控制等多学科的基本理论和技术，解决交通运输领域当中的信息采集、数据处理及交通检测与控制等系列问题。通过专业学习，要求学生能够广泛、系统地掌握信息领域当中多个方向的前沿理论和技术，并融汇交通运输的行业背景。本专业通过大量的专业实践锻炼，着重培养学生在工程实践中发现、分析和解决问题的能力，毕业生可以独立从事智能交通系统的研发、设计与实现以及交通运输规划与管理等方面的工作。,https://gaokao.chsi.com.cn/zyk/zybk/detail/320934447
73384664,81807,救助与打捞工程,本科（普通教育）,1050,工学,105008,交通运输类,10500818,2025,本专业培养德、智、体全面发展，了解救助与打捞相关的法律法规，掌握先进的救捞技术及专业技能，熟悉现代化的救捞设备，能在交通运输部所属的救助打捞系统、各类海洋工程公司、救助打捞装备研究、设计及制造的研究所、设计所、企业以及救助打捞技术培训的教育机构从事设计、研究、制造、检验、指挥、管理及实施等工作的高级工程技术人才。,https://gaokao.chsi.com.cn/zyk/zybk/detail/73384664
73384448,81808,船舶电子电气工程,本科（普通教育）,1050,工学,105008,交通运输类,10500818,2025,本专业主要培养适应船舶自动化和信息化的要求，熟练掌握电气技术、电子技术、控制技术以及网络技术等理论知识，具备一定的工程素质和实际技能，满足国际海事组织STCW国际公约中规定的“电气、电子和控制工程”、“维护和修理”和“船舶操作控制和船上人员管理”等职能要求，既能够胜任现代船舶电子电气装置的管理、维护和修理等任务，又能够从事船舶电子电气工程领域的产品研发、工程设计、监造、技术支持等工作的复合型船舶工程技术类人才。,https://gaokao.chsi.com.cn/zyk/zybk/detail/73384448
czuqnbkve1ov5goq,81809,轨道交通电气与控制,本科（普通教育）,1050,工学,105008,交通运输类,10500818,2025,本专业培养掌握轨道交通电气自动化控制、供配电安全以及运营设备运行等方面的基本理论与技能，能够在轨道交通配电系统及控制、自动检测与系统设计等领域从事科学研究、工程设计、技术开发、系统安装、运行、维护管理的应用型人才。,https://gaokao.chsi.com.cn/zyk/zybk/detail/czuqnbkve1ov5goq
vewfa6n0ddknwp8t,81810,邮轮工程与管理,本科（普通教育）,1050,工学,105008,交通运输类,10500818,2025,本专业旨在培养掌握邮轮工程与管理相关理论与技术，接受现代工程训练，能在邮轮公司、邮轮港口、邮轮客房空间、公共空间以及休闲娱乐区域机电设备领域，从事管理与检修、科学研究、项目策划、运营和管理等方面工作的具有扎实基础理论知识、实践能力强、创新创业思维活跃、综合素质高、满足行业需求的高级应用型人才。,https://gaokao.chsi.com.cn/zyk/zybk/detail/vewfa6n0ddknwp8t
foxtjnpbvy6qnwkb,81811,智慧交通,本科（普通教育）,1050,工学,105008,交通运输类,10500818,2025,本专业培养具备较扎实的计算机基础，创新务实、实践能力强，适应智慧交通发展需要，具备智慧交通系统布设与应用、设计与优化及现代交通运输管理、交通系统运输规划、交通系统分析与运营管理、交通规划与设计、数据处理与计算机编程等方面知识及相关开发能力的高级工程技术人才。,https://gaokao.chsi.com.cn/zyk/zybk/detail/foxtjnpbvy6qnwkb
4yn9nfmm4druq6q3,81812,智能运输工程,本科（普通教育）,1050,工学,105008,交通运输类,10500818,2025,本专业以适应交通运输行业自动化、信息化、智能化所需基础理论和工程素质教育为重点，培养具有社会主义核心价值观，具备公民意识、健全人格、丰富个性和国际化视野，具有综合交通运输背景，具有良好人文、科学与工程素养的高级工程技术人才和经营管理人才。,https://gaokao.chsi.com.cn/zyk/zybk/detail/4yn9nfmm4druq6q3
bju4ox6m0hrw12xm,81813,交通能源融合工程,本科（普通教育）,1050,工学,105008,交通运输类,10500818,,,https://gaokao.chsi.com.cn/zyk/zybk/detail/bju4ox6m0hrw12xm
73384676,81901,船舶与海洋工程,本科（普通教育）,1050,工学,105008,海洋工程类,10500819,2025,本专业旨在培养具有坚实的自然科学和工程技术基础，受到较强工程实践和研究能力训练，掌握船舶与海洋工程学科的基础知识，具有较高的外语和计算机应用能力，能够从事船舶与海洋工程领域内的设计、建造、检验和管理等方面工作的高级专业人才；毕业生可到沿海地区从事船舶与海洋工程设计制造的大型企业及机关部委从事设计、制造和检验等工作。,https://gaokao.chsi.com.cn/zyk/zybk/detail/73384676
164210715,81902,海洋工程与技术,本科（普通教育）,1050,工学,105008,海洋工程类,10500819,2025,本专业培养具备现代海洋工程装备设计、研究、建造的基本技能和项目管理方面的基础知识、计算机编程及应用能力、具有累积一年的海洋工程领域企业实践经验，能够在海洋工程装备设计、研究、制造、检验、使用、教育和管理等部门从事技术和管理方面工作的海洋工程学科卓越工程技术人才。本专业学生主要学习物理、数学、力学、海洋平台设计原理、海洋工程结构物制造技术、海洋工程项目管理与控制等基本理论和知识，掌握海洋工程装备设计、建造流程中的关键技术、熟悉海洋工程装备设计与建造项目的运行方式、管理方法等方面的专业知识。通过三年的理论学习和累积一年的企业实践训练，使学生成为基础扎实、专业知识面广、动手能力强、具有创新精神和实践能力的应用型、复合型人才。,https://gaokao.chsi.com.cn/zyk/zybk/detail/164210715
164210719,81903,海洋资源开发技术,本科（普通教育）,1050,工学,105008,海洋工程类,10500819,2025,本专业主要学习开发和利用海洋资源的基本知识和核心技术，以海洋生物资源开发利用为特色，培养能掌握海洋生物资源、食品、药品、功能生物制品等基础知识，具有新产品设计与研发能力的高级专门应用型技术人才，或从事海洋生物资源开发相关的科学研究、政策规划与管理等工作的高级专门人才。,https://gaokao.chsi.com.cn/zyk/zybk/detail/164210719
ptykt4lmd1jkm82t,81904,海洋机器人,本科（普通教育）,1050,工学,105008,海洋工程类,10500819,2025,海洋机器人专业是为适应国家建设“海洋强国”战略而设的新兴多学科交叉专业，涉及计算机科学、控制科学与工程、机械工程、船舶与海洋工程等学科。专业以控制技术、传感器技术、人工智能、计算机仿真、水动力分析、深海耐压结构设计等基础理论和应用技术为基础，以遥控水下机器人、自主水下机器人、水面无人艇等水中无人平台的设计和制造为专业发展方向，培养适应机器人设计与数字化制造、智能装备开发与应用、智能运维与装备管理等领域生产和管理第一线需要的应用型人才。,https://gaokao.chsi.com.cn/zyk/zybk/detail/ptykt4lmd1jkm82t
im1cw4zgfi8vq5cg,81905,智慧海洋技术,本科（普通教育）,1050,工学,105008,海洋工程类,10500819,2025,本专业培养社会主义经济建设和海洋强国事业发展需要的，具备海洋探测、海洋调查及海洋开发等方面技能，具有海洋数据和海洋信息采集与分析处理能力，掌握海洋学基本原理、电子电路、传感器、智慧海洋与信号处理、声学探测、海洋遥感等方面的职业技术能力，能够从事海洋开发和研究的高级应用人才。,https://gaokao.chsi.com.cn/zyk/zybk/detail/im1cw4zgfi8vq5cg
92hjzmnkmeihv1ma,81906,智能海洋装备,本科（普通教育）,1050,工学,105008,海洋工程类,10500819,2025,本专业秉承教育部新工科专业建设理念，遵循“横向联系、纵向贯通、实践驱动、国际协同、个性发展”的原则，加强海洋工程、机械工程、智能技术、大数据处理、软件设计等学科交叉知识的深度融合，努力培养一批具有海洋工程专业基础、掌握人工智能、大数据、机电控制一体化等多学科知识体系并具有家国情怀、创新精神、国际视野、实践能力、团队协作的高素质本科人才。,https://gaokao.chsi.com.cn/zyk/zybk/detail/92hjzmnkmeihv1ma
v96lkt1ip6uanfpm,81907,海洋智能与无人技术,本科（普通教育）,1050,工学,105008,海洋工程类,10500819,,,https://gaokao.chsi.com.cn/zyk/zybk/detail/v96lkt1ip6uanfpm
73384768,82001,航空航天工程,本科（普通教育）,1050,工学,105008,航空航天类,10500820,2025,本专业培养具备航空航天领域的多学科知识，能运用理论分析、数值模拟和实验研究等手段研究和解决航空航天领域的实际问题，能从事导弹、航天器、飞行器等航空航天器总体、结构和系统设计相关工作的高级工程技术人才；毕业生应具有扎实的数学、物理、力学、实验及计算机基础，可直接进入航空航天部门的科研院所和工程单位，从事与航空航天工程有关的科研、技术开发、工程设计、测试、制造、使用、维修和教学工作，也可在航空航天科学与技术、力学等相关专业继续深造。,https://gaokao.chsi.com.cn/zyk/zybk/detail/73384768
73384752,82002,飞行器设计与工程,本科（普通教育）,1050,工学,105008,航空航天类,10500820,2025,本专业以航空宇航科学与技术、力学、控制科学与工程为主干学科，学习飞行器总体设计、飞行器结构设计、飞行器飞行力学与控制等学科方向的基础理论和专业知识，主要培养航天航空领域中从事飞行器总体设计的理论研究与试验、设计与开发以及技术管理等工作的高级工程技术人才。,https://gaokao.chsi.com.cn/zyk/zybk/detail/73384752
73384760,82003,飞行器制造工程,本科（普通教育）,1050,工学,105008,航空航天类,10500820,2025,本专业培养从事飞行器制造领域内的设计、制造、研究、开发与管理的高级工程技术和管理人才；学生主要学习自然科学基础知识、制造工程基本理论和飞行器制造的基本理论和知识。并通过各种实践性教学环节，培养学生运用所学的基本知识和技能，分析和解决飞行器制造工程中实际问题的能力。,https://gaokao.chsi.com.cn/zyk/zybk/detail/73384760
73384756,82004,飞行器动力工程,本科（普通教育）,1050,工学,105008,航空航天类,10500820,2025,本专业以航空宇航科学与技术、（热）力学、机械工程为主干学科，重点学习飞行器推进系统原理与设计及相关学科方向的基础理论和专业知识，培养具备飞行器动力装置及其他热动力机械的设计、研究、生产、实验、运行维护和技术管理等方面基础理论知识及能力的高级工程技术人才。,https://gaokao.chsi.com.cn/zyk/zybk/detail/73384756
73384764,82005,飞行器环境与生命保障工程,本科（普通教育）,1050,工学,105008,航空航天类,10500820,2025,本专业培养能够系统地掌握飞行器环境控制、传热学、流体力学、工程热力学、计算机、电工学、电子学和机械等学科基础知识以及航空航天生理学、航空航天生命保障系统的专业基本理论知识，并了解本领域的现状与发展趋势，熟悉飞行器内温度、压力等环境参数控制系统和设备的设计方法；具有设备测试、调试及运行管理的能力，及较强的自学能力、创新意识和较高的综合素质的专业人才；学生毕业后主要在航空、航天、民航、机械、建筑、化工、部队等部门从事飞行器环境与生命保障、空调与制冷技术方面的技术、管理、教学及研究工作。,https://gaokao.chsi.com.cn/zyk/zybk/detail/73384764
73384780,82006,飞行器质量与可靠性,本科（普通教育）,1050,工学,105008,航空航天类,10500820,2025,本专业培养具有人文社会科学素养、社会责任感和职业道德，掌握飞行器技术基础、质量工程与管理、可靠性、安全性、保障性、测试性、维修性、环境适应性、试验与评价技术知识，具备相应试验与实践能力以及团队协作能力，能够在航空航天、军工企业、产品制造等领域从事质量管理、环境可靠性试验、产品测试等方面工作，具有航天品质的应用型人才。,https://gaokao.chsi.com.cn/zyk/zybk/detail/73384780
213778866,82007,飞行器适航技术,本科（普通教育）,1050,工学,105008,航空航天类,10500820,2025,本专业培养具有良好数学、力学和电学基础，具有飞机总体设计、飞机系统设计以及飞机适航性评估等方面的基础理论和专业知识，熟悉适航法规和标准，能从事飞机总体和结构设计与适航符合性评估、飞机系统安全性设计、可靠性工程、飞机适航审定以及适航管理技术等方面工作的高级技术研究、工程应用和管理人才。毕业生可选择报考与本专业密切相关的适航技术与管理、飞行器设计、载运工具运用工程、材料学、航空航天安全工程、航空工程等学科的硕士学位研究生，或在航空、航天等行业的研究所、国有大型企业、外资企业、民航公司，从事飞机总体和结构设计、飞机系统安全性设计与分析、适航符合性评估、可靠性工程、飞机适航审定和验证技术以及适航管理技术等方面工作。,https://gaokao.chsi.com.cn/zyk/zybk/detail/213778866
0555bj61bgkxzphe,82008,飞行器控制与信息工程,本科（普通教育）,1050,工学,105008,航空航天类,10500820,2025,本专业培养基础扎实、专业能力强，有社会责任感和国际视野的高素质工程技术人员和研究人员。具有飞行器系统设计基本理论和工程应用知识，能从事军用/民用有人及无人飞行器系统设计、飞行器综合控制系统设计与仿真、网络化飞行器信息系统设计、飞行器系统动力学建模与仿真、飞行器自动化检测、多电飞机电气系统设计、飞行器保障与维修、适航与飞行管理等工作。,https://gaokao.chsi.com.cn/zyk/zybk/detail/0555bj61bgkxzphe
12vlln5ztng5wyf7,82009,无人驾驶航空器系统工程,本科（普通教育）,1050,工学,105008,航空航天类,10500820,2025,本专业培养具有较强的系统工程思维、一定国际视野、人文素养、自主学习意识与终身学习的能力，掌握无人驾驶航空器相关的无人机总体设计、控制科学与工程、信息与通信工程等多学科领域内的基础理论和专业知识，能够适应先进产业升级革新，在军用和民用航空领域从事无人驾驶航空器总体、结构设计研制、智能飞行控制、安全运营保障、科学研究等方面工作的复合型、创新型高级专门人才。,https://gaokao.chsi.com.cn/zyk/zybk/detail/12vlln5ztng5wyf7
j2xhuknnwqmowm9h,82010,智能飞行器技术,本科（普通教育）,1050,工学,105008,航空航天类,10500820,2025,本专业面向世界航空航天工业智能化发展前沿，紧密衔接国家战略性新兴产业，面向国家低空经济发展与智能装备产业需求，培养掌握智能飞行器设计、制造、控制与应用的核心理论，具备跨学科实践能力与创新能力，将数字技术、信息技术、人工智能技术与航空航天深度交叉融合，能在航空航天、国防科技、智慧城市、遥感测绘等领域从事智能飞行器开发、系统集成、技术管理及创新应用的高素质复合型工程技术人才。,https://gaokao.chsi.com.cn/zyk/zybk/detail/j2xhuknnwqmowm9h
v41d3m0qbzheo85h,82011,空天智能电推进技术,本科（普通教育）,1050,工学,105008,航空航天类,10500820,2025,空天智能电推进技术专业坚持“职业素养、通用能力和专业能力”三位一体的培养模式，着力培养航空航天飞行器动力领域具备力学、机械、能源、电学、信息学交叉融合知识结构，具备解决复杂电推进系统工程问题、探索科学前沿、具有领军和领导潜质的创新型人才。,https://gaokao.chsi.com.cn/zyk/zybk/detail/v41d3m0qbzheo85h
zss41bimo0whk044,82012,飞行器运维工程,本科（普通教育）,1050,工学,105008,航空航天类,10500820,2025,本专业立足民航，面向引领民航运输业运维技术发展和运维能力提升、航空制造业先进维修系统设计与运营支持技术发展的创新型专门人才需求，聚焦飞行器安全运维、经济运维、智慧运维、绿色运维，形成覆盖维修设计、维修实施、维修优化全寿命周期飞行器运维工程的专业核心知识课程群，培养能够在运输航空、通用航空和航空制造等相关行业胜任飞行器运维工程科学研究、技术开发、工程应用及运维管理工作的高素质、国际化、创新型工程技术和管理人才。,https://gaokao.chsi.com.cn/zyk/zybk/detail/zss41bimo0whk044
213778874,82101,武器系统与工程,本科（普通教育）,1050,工学,105008,兵器类,10500821,2025,本专业培养具备武器系统及其子系统综合设计、产品研发、实验测试和工程管理等能力，以及具备机械工程等相关民用工程技术方面的基础知识和工程实践能力，能够适应本专业发展的基本需求，能在国家有关部门、科研单位、高等学校、部队、企业和管理部门从事火炮、自动武器以及机械系统设计、技术开发、产品制造、实验测试和科研管理等方面工作，具有较好的人文社科和管理知识、良好的职业道德素质、身心健康、全面发展的高素质工程科技人才。,https://gaokao.chsi.com.cn/zyk/zybk/detail/213778874
73384788,82102,武器发射工程,本科（普通教育）,1050,工学,105008,兵器类,10500821,2025,本专业以航空宇航科学与技术、力学、机械工程、控制科学与工程为主干学科，重点学习内弹道学、发射装置设计等学科方向的基础理论和专业知识，培养具有武器发射系统总体、战斗载荷发射和飞行控制技术以及机械工程、自动化等民用工程技术方面的理论知识和工程实践能力，能在有关科研单位、高等学校、生产企业和管理部门从事火炮和自动武器、火箭和导弹发射以及民用机械的设计、技术开发、产品制造、实验测试和科技管理工作，具有较好的人文社科和管理知识、良好的职业道德素质、身心健康、全面发展的高素质工程科技人才。,https://gaokao.chsi.com.cn/zyk/zybk/detail/73384788
73384792,82103,探测制导与控制技术,本科（普通教育）,1050,工学,105008,兵器类,10500821,2025,"本专业培养具备目标及环境的探测、识别、跟踪、定位、制导与控制、安全控制以及机电控制和传感检测等方面的基础理论知识和工程实践能力，能在有关科研单位、高等学校、生产企业和管理部门从事系统设计、技术开发、产品研制、实验测试和科技管理等方面工作的高级工程技术人才；学生主要学习目标探测与识别技术、制导与控制技术、传感与检测技术、机电控制技术和系统分析与综合等方面的基本理论和基本知识，受到系统设计、技术开发、产品研制、实验测试以及工程管理方面的基本训练，具备系统分析与综合、工程设计与计算、计算机应用与开发、检测与实验等方面的基本能力。
",https://gaokao.chsi.com.cn/zyk/zybk/detail/73384792
73384796,82104,弹药工程与爆炸技术,本科（普通教育）,1050,工学,105008,兵器类,10500821,2025,本专业以力学、材料科学、机械工程为主干学科，学习战斗部工程设计、爆炸应用及装药、安全与防护、爆炸技术等学科方向所需的基础理论和专业知识，以及计算机应用等现代科技和设计手段；强调坚实的理论基础、创新的思维方法、熟练的计算机应用技能；培养弹药工程与爆炸技术领域内从事理论研究、分析与综合、工程设计与开发和技术管理等工作的应用型高级工程技术人才。,https://gaokao.chsi.com.cn/zyk/zybk/detail/73384796
73384800,82105,特种能源技术与工程,本科（普通教育）,1050,工学,105008,兵器类,10500821,,,https://gaokao.chsi.com.cn/zyk/zybk/detail/73384800
73384804,82106,装甲车辆工程,本科（普通教育）,1050,工学,105008,兵器类,10500821,2025,本专业培养具有装甲车辆总体、动力传动、行动装置、行驶控制、车载武器以及机械设计、机械振动等方面的知识和工程实践能力，能在相关科研单位、高等学校、生产企业、管理机构及相关机构从事装甲车辆总体以及分系统的分析设计、技术开发、产品制造、实验测试和科技管理等方面工作，基础扎实、素质全面、有工程实践能力和创新意识的应用研究型高级工程科技人才。,https://gaokao.chsi.com.cn/zyk/zybk/detail/73384804
73384808,82107,信息对抗技术,本科（普通教育）,1050,工学,105008,兵器类,10500821,2025,本专业为体系与体系对抗、信息系统安全与对抗技术等领域培养具有扎实的理论基础，宽广的知识面，能够用系统的观点分析、综合和处理科学技术问题，进行科学研究、技术开发和应用研究的高级工程技术人才，包括通信对抗、雷达对抗、光电对抗、制导对抗、引信对抗、信息及网络安全技术等专业方向；学生主要学习电子电路理论与技术，电磁场与微波的理论与技术，信号理论与信息处理技术，计算机技术及应用，信息系统工程，控制科学与技术、信息对抗技术等，具备进攻与防御信息战技术系统及其决策支持系统以及民用信息安全防护等方面的基础理论知识和技术综合能力。,https://gaokao.chsi.com.cn/zyk/zybk/detail/73384808
khqpr35u2l9iv0wh,82108,智能无人系统技术,本科（普通教育）,1050,工学,105008,兵器类,10500821,2025,本专业瞄准智能无人系统技术前沿，聚焦智能装备与先进制造等国家重大战略需求，培养具备深厚理论基础、系统总体思维和创新实践能力的智能无人系统领域专业人才。以人工智能技术为核心，以无人系统为平台，围绕感知与交互、学习与理解、推理与决策、控制与协同等环节的基础科学问题，使学生掌握智能无人系统的总体设计、感知认知、信息处理、协同控制、系统可靠性以及学科交叉新领域的相关理论和关键技术，推动智能无人系统理论突破和技术创新。,https://gaokao.chsi.com.cn/zyk/zybk/detail/khqpr35u2l9iv0wh
73384272,82201,核工程与核技术,本科（普通教育）,1050,工学,105008,核工程类,10500822,2025,本专业培养能在核技术、反应堆、核电站、辐射防护及相关专业领域从事应用研究、基础研究、教学、管理等的专门人才；要求毕业生具有良好的数理基础和核技术、核电站工程等的专门理论，具有较深入的专业知识和熟练的专业实验技能，掌握核工程与核技术专业的基础知识体系，掌握相关的工程技术知识，包括工程制图、机械电工、电子技术、计算机等；要求了解本专业各方向的理论前沿、研究动态、应用前景以及相关技术、产业的发展状况，能够适应核技术、核工程、辐射防护等学科的发展。,https://gaokao.chsi.com.cn/zyk/zybk/detail/73384272
433435772,82202,辐射防护与核安全,本科（普通教育）,1050,工学,105008,核工程类,10500822,2025,本专业面向国家核能产业、核医学科及其他涉核领域迫切需求培养人才，培养具备原子核物理、辐射探测与数据分析、辐射防护、放射化学等基础知识与应用能力，拥有辐射防护与核安全基本知识和技能，深刻理解掌握国家涉核法律法规和核产业内部规范，能在核科学与核技术相关的科研院所、企事业单位、高新技术公司从事辐射环境监测与评价、核与辐射安全工程、放射性污染环境的治理与修复、放射性废弃物的处理与处置等方面的工作，以及从事技术管理的高级工程技术人才。,https://gaokao.chsi.com.cn/zyk/zybk/detail/433435772
73384276,82203,工程物理,本科（普通教育）,1050,工学,105008,核工程类,10500822,,,https://gaokao.chsi.com.cn/zyk/zybk/detail/73384276
73384304,82204,核化工与核燃料工程,本科（普通教育）,1050,工学,105008,核工程类,10500822,2025,本专业培养适应我国国民经济和核工业发展需要，能在核化工与核燃料工程及相近专业领域从事科研、设计、生产、应用和管理等工作的专门技术型人才。本专业培养的人才应具有良好的数理基础、扎实的专业知识和熟练的专业技能，适应本专业各个方向发展的基本需要、同时具有较好的人文社科和管理知识、良好的道德素质，身心健康、全面发展，能够为国家的经济建设和国防建设事业做出贡献。,https://gaokao.chsi.com.cn/zyk/zybk/detail/73384304
73384856,82301,农业工程,本科（普通教育）,1050,工学,105008,农业工程类,10500823,2025,本专业培养德、智、体全面发展，具有现代科学技术知识和工程实践能力的农业工程科学研究、农业机械装备及相关产品设计开发、农业设施与环境、农业资源开发与利用、现代农业生产技术集成与管理、自动控制与检测等方面的高素质复合型高级工程技术人才和创新型人才；要求学生系统地接受自然科学基础理论和农业工程技术基本训练，掌握较宽的生物生产系统、农业工程机具装备、农业设施与环境、信息与自动化技术以及农业工程项目规划设计与管理等知识，具有宽广知识结构、良好的素质和系统综合能力，适应现代科技发展，特别是农业工程领域技术集成与创新的需求。,https://gaokao.chsi.com.cn/zyk/zybk/detail/73384856
73384840,82302,农业机械化及其自动化,本科（普通教育）,1050,工学,105008,农业工程类,10500823,2025,本专业培养具备机械设计制造基础知识与应用能力，能在工业生产第一线从事机械制造领域内的设计制造、科技开发、应用研究、运行管理和经营销售等方面工作的高级工程技术人才；学生主要学习机械设计与制造的基础理论，学习微电子技术、计算机技术和信息处理技术的基本知识，受到现代机械工程师的基本训练，具有进行机械产品设计、制造及设备控制、生产组织管理的基本能力。,https://gaokao.chsi.com.cn/zyk/zybk/detail/73384840
73384844,82303,农业电气化,本科（普通教育）,1050,工学,105008,农业工程类,10500823,2025,本专业培养具有创新意识和创新能力、综合素质高、适应能力强的，具备地方电力系统及其自动化、生产过程电气自动化及应用电子信息技术有关的分析计算、工程设计、使用维护、生产管理的基本理论和基本知识，能在与农业、农村有关的地方电力系统、用电管理部门、电子信息产业和技术发展系统从事有关的技术设计、经营管理、教学科研等方面的德、智、体全面发展的高级工程技术人才；要求学生掌握电气、电子与控制工程方面的基本理论；掌握应用电子技术与计算机技术方面的基本知识；掌握电力及自动化工程的分析计算、工程设计方法和农业电气化与自动化、农业生物工程及其环境设计的检测控制技术； 了解电力技术、自动化技术的应用前景和发展动态； 熟悉农业、能源与环境及电力方面的方针、政策和法规。,https://gaokao.chsi.com.cn/zyk/zybk/detail/73384844
73384848,82304,农业建筑环境与能源工程,本科（普通教育）,1050,工学,105008,农业工程类,10500823,2025,本专业培养具备现代农业生产性建筑、现代设施农业工程、城镇规划与建设等方面的基本知识，具有本专业工程项目建设可行性论证，工程规划设计、施工与运行管理等基本能力，能在工厂化高效农业系统、生态观光农业工程等相关的现代农业建筑与环境领域从事规划设计、装备开发与集成、施工管理、教学与科研等方面工作的高级工程技术人才；要求学生掌握现代农业生产性建筑、现代设施农业工程、城镇规划与建设等方面的基本知识，具有本专业工程项目建设可行性论证、工程规划设计、施工与运行管理等基本能力。能在工厂化高效农业系统、生态观光农业工程等相关的现代农业建筑与环境领域从事规划设计、装备开发与集成、施工管理、教学与科研等方面的工作。,https://gaokao.chsi.com.cn/zyk/zybk/detail/73384848
73384852,82305,农业水利工程,本科（普通教育）,1050,工学,105008,农业工程类,10500823,2025,本专业培养具有现代农业水利工程理论及相关学科的基本理论，能在政府管理部门、规划部门、水利水电工程设计开发及科研部门，从事农业水利工程及水利信息化领域的勘测、设计、施工、管理和科研等工作的高级工程技术人才；学生主要学习农业水利工程建设所必需的数学、力学、建筑结构和水利信息技术等方面的基本理论和基本知识，使学生得到必要的工程设计方法、施工管理方法和科学研究方法的基本训练，具有供水工程、灌排工程、水利信息化工程的勘测、规划、设计、施工、科研和自动管理技术等方面的基本能力。,https://gaokao.chsi.com.cn/zyk/zybk/detail/73384852
i3sheu65pwtjoq0l,82306,土地整治工程,本科（普通教育）,1050,工学,105008,农业工程类,10500823,2025,本专业围绕国家生态文明建设的战略需求，培养熟悉地质地貌学、资源学、生态学、工程学和土地管理学的基本理论，掌握土地整治工程勘察、测绘、“3S”技术、工程规划设计、施工组织和项目管理等的基本技能，以及国土空间开发、利用、整治、保护和修复的基本知识和方法，熟悉国家有关国土综合整治与生态修复方面的有关方针、政策、法规、标准和规范，具有熟练运用计算机的能力，具有自然科学基本素养和一定的人文科学知识，能在自然资源、城乡建设、生态环境、测绘、林草、农业农村和水利等领域从事国土整治与生态修复勘察测绘、调查评价与规划、工程设计施工和管理的高级工程技术人才，培养我国生态文明时代的规划师与工程师。,https://gaokao.chsi.com.cn/zyk/zybk/detail/i3sheu65pwtjoq0l
2bg0d3zzy33ieqep,82307,农业智能装备工程,本科（普通教育）,1050,工学,105008,农业工程类,10500823,2025,本专业培养具备数学、物理、计算机、控制等方面的自然科学基础知识和农业智能装备领域相关基本理论、基本方法及基本技能，具备较好的科学思维能力和解决农业智能装备领域复杂工程问题的能力；能胜任农业智能装备、机械工程等相关领域的科学研究、产品设计、技术研发和管理等方面的工作，能在企事业和科研机构发挥骨干作用并具有领军素养的高素质复合应用型人才。,https://gaokao.chsi.com.cn/zyk/zybk/detail/2bg0d3zzy33ieqep
7jxwl413l94b1bs7,82308,农业机器人,本科（普通教育）,1050,工学,105008,农业工程类,10500823,,,https://gaokao.chsi.com.cn/zyk/zybk/detail/7jxwl413l94b1bs7
73384864,82401,森林工程,本科（普通教育）,1050,工学,105008,林业工程类,10500824,2025,本专业以社会对森林工程专业人才需求为导向，培养基础扎实、知识结构合理、专业面宽、能力强，能够在林业及相关行业企事业单位从事森林工程等方面的生产技术与组织管理、林区道路与森工规划、森工机械与装备设计及运用等方面工作的复合应用型高级专业人才；毕业生能在林业、交通、土建等部门的企事业单位、科研院所从事森林工程、道路桥梁的勘测、设计、施工、管理等工作。,https://gaokao.chsi.com.cn/zyk/zybk/detail/73384864
73384868,82402,木材科学与工程,本科（普通教育）,1050,工学,105008,林业工程类,10500824,2025,本专业培养具有良好艺术修养、掌握系统设计理论和现代设计方法；掌握木材和其代用材料的结构、性能及加工工艺；掌握家具造型、结构设计与家具制造工艺的基本理论和操作技能。能在木材加工工业、家具制造业、室内工程等领域的企业、设计院、科研院所从事木材加工、室内设计、室内装饰的高级工程技术人才；学生主要学习木材学、电工与电子技术、机械基础、计算机辅助设计、美术、造型艺术、设计艺术和木材科学与加工技术等方面的基本理论和基本知识，受到木材干燥、制材、人造板、木制品与家具设计制造的基本训练，具有木材加工和室内装饰工程的生产技术、工艺流程和设备选择及经营管理的基本能力。,https://gaokao.chsi.com.cn/zyk/zybk/detail/73384868
73384872,82403,林产化工,本科（普通教育）,1050,工学,105008,林业工程类,10500824,2025,本专业培养学生在林产化工、林产品精细化工及相关领域内从事生产过程的设计、产品开发、技术服务、研究和管理等方面工作的高级工程技术人才。学生主要学习掌握森林植物及其林产品的化学组成、性质方面的基本理论和基本知识，受到林产化工生产工艺设计、设备选型和原材料、半成品及成品分析检验等方面的基本训练，具有从事林产品化学加工工艺流程、新产品研究开发、设备设计及生产过程技术改造等方面的基本能力。,https://gaokao.chsi.com.cn/zyk/zybk/detail/73384872
c1sf0p7jp6tzppr1,82404,家具设计与工程,本科（普通教育）,1050,工学,105008,林业工程类,10500824,2025,本专业服务城乡建设行业和经济社会发展需要，培养具有高度社会责任感、较强工程实践能力与科技创新能力，掌握家具设计、室内设计等方面扎实专业知识，具备较强工程实践能力与科技创新能力厚基础、强能力、高素质、宽视野的高层次研究应用型人才。,https://gaokao.chsi.com.cn/zyk/zybk/detail/c1sf0p7jp6tzppr1
2d8yaof4lge5ryt9,82405,木结构建筑与材料,本科（普通教育）,1050,工学,105008,林业工程类,10500824,2025,本专业培养富有良好科学素养和社会责任感、兼顾人文情怀和生态意识、并能积极践行和弘扬绿色可持续发展与自主创新的核心价值观，具备扎实工科理论基础、系统掌握现代木结构建筑工程领域高级专业技术人才应有的创新精神、职业素养和健全人格，掌握木结构建筑材料、设计和施工等方面的知识，能在木结构建筑以及工程木制品等领域从事设计、生产、施工、经营、管理和研究的高级工程技术和研究应用型的复合人才。,https://gaokao.chsi.com.cn/zyk/zybk/detail/2d8yaof4lge5ryt9
73384576,82501,环境科学与工程,本科（普通教育）,1050,工学,105008,环境科学与工程类,10500825,2025,本专业旨在培养具备环境科学的基本理论、基本知识、基本技能和专业素养的环境学科复合型人才，能在高等学校、科研机构攻读硕士或博士学位，或进入企事业单位、研究院所、高等学校、政府等部门从事环境工程、环境科学研究、教学、环境管理、环境评价和环境监测等工作的高级应用型人才；要求学生掌握环境科学与工程专业的基本理论知识，接受实验技能、工程实践、计算机应用、科学研究与工程设计方法等的基本训练，具备对当今环境质量进行研究和评估、对企业的环保工程进行革新改造，并能进行环保新型产品的开发设计的基本能力。,https://gaokao.chsi.com.cn/zyk/zybk/detail/73384576
73384560,82502,环境工程,本科（普通教育）,1050,工学,105008,环境科学与工程类,10500825,2025,环境工程学是运用环境科学、工程学和其他有关学科的理论和方法，研究合理保护和利用自然资源，预防与治理环境污染，以改善环境质量，促进人类与自然协调发展的工程技术学科，对环境资源的综合利用和经济可持续发展具有极其重要作用；本专业培养从事流域、区域、城镇及企事业单位的水、气、固、土壤、噪声和其他污染的控制、治理、管理等方面的高级工程技术人才。学生在校期间，除公共基础课外，还将学习力学、化学系列课程、环境微生物学、环境工程原理等系列专业基础课及实践课程；毕业后或报考环境工程、环境科学、市政工程等专业的研究生深造，还可从事与环境相关的科研教学、规划设计、咨询评估、监察管理、施工运营、产品销售等多项工作。,https://gaokao.chsi.com.cn/zyk/zybk/detail/73384560
73384052,82503,环境科学,本科（普通教育）,1050,工学,105008,环境科学与工程类,10500825,2025,环境科学专业的培养目标是培养具有良好的科学素质、系统的环境科学基础和较全面的环境科学专业知识，获得科学研究的初步训练，具有分析问题和解决问题的能力，能在环境科学和环境保护事业及有关科学领域从事科研、教学和技术管理工作的高级专门人才；学生主要学习包括数理化、天地生多学科交叉的各种自然科学及社会人文科学相关的必要基础知识，基于环境问题识别及解决能力培养的相关基本理论、基本技能，受到应用基础研究、应用研究和环境决策及管理等相关领域的基本训练，具有较好的科学素养及一定的教学、研究、开发和管理能力，掌握基于环境介质的相关专业研究方法与手段，以及不同空间尺度的环境规划与决策管理的基本技能。,https://gaokao.chsi.com.cn/zyk/zybk/detail/73384052
433435921,82504,环境生态工程,本科（普通教育）,1050,工学,105008,环境科学与工程类,10500825,2025,本专业培养能综合应用环境科学与工程、生态学原理、方法和技能，分析解决复杂生态环境相关工程问题，具有生态环境规划、监测、评价、环保工程（设备）设计、工程造价、管理、监理以及环保技术研发能力的应用与研究交融的复合型双创人才。,https://gaokao.chsi.com.cn/zyk/zybk/detail/433435921
164210691,82505,环保设备工程,本科（普通教育）,1050,工学,105008,环境科学与工程类,10500825,2025,本专业培养具有良好人文精神、科学素养，掌握污染控制工艺过程、基本控制单元、设备机械基础和环保过程装备等环境污染控制技术和过程装备技术及控制工程等方面的基 本理论和基本知识，能够从事环境保护设备以及成套装备的科技开发、优化设计、创新改造和应用研究等工作的高级工程技术人才；学生主要学 习环境污染控制工程(水、气和固体废物等)、机械制造基础、控制工程基础、机械设计基础、环保设备原理与设计等方面的基础知识和基本技能，具有从事环保设备设计、污染治理工程设计、组织施工、技术经济分析、测试和调试等领域工作的基本能力。,https://gaokao.chsi.com.cn/zyk/zybk/detail/164210691
73384060,82506,资源环境科学,本科（普通教育）,1050,工学,105008,环境科学与工程类,10500825,2025,本专业培养具备资源环境科学的基本理论，掌握资源环境科学（特别是农业资源与环境）的基本技能与知识，能够进行资源与环境质量的定性与定量分析及评价；掌握提高土壤、水、养分、生物等资源利用效率的技术与方法；学会利用信息技术实现对农业资源的开发、利用与保护及退化防治等宏观管理与决策；培养能够在农业资源与环境领域从事科研、教学及技术推广等工作的高级应用型人才；学生主要学习农业资源的利用管理、农业生态、农业环境保护、资源信息技术等方面的基本理论和基本知识。受到农业资源调查与规划、土壤肥力、植物营养与施肥技术、肥料加工、生态效益分析、计算机技术等方面的基本训练，具备从事本领域工作的能力。,https://gaokao.chsi.com.cn/zyk/zybk/detail/73384060
73384568,82507,水质科学与技术,本科（普通教育）,1050,工学,105008,环境科学与工程类,10500825,2025,本专业培养学生具有化学、化工、材料、计算机、仪器仪表和自动控制等学科宽厚的理论基础、实验能力和专业知识，具备水处理工艺、设备和系统的设计、研究和开发能力，掌握相关工业领域的水质控制技术和水资源可持续利用技术；主要培养从事水质科学研究、水质工程规划、水处理系统设计、水质监测与污染防治；水处理新技术、新设备、新材料、新工艺的开发、水工材料及其腐蚀与防护、水质分析与检测和水质控制等工作的高级专门人才。,https://gaokao.chsi.com.cn/zyk/zybk/detail/73384568
73384344,82601,生物医学工程,本科（普通教育）,1050,工学,105008,生物医学工程类,10500826,2025,"生物医学工程学科是理、工、医、生物等学科高度交叉的新兴学科,该学科致力于人的防病、治病、康复和健康，致力于为探索生命现象，提供高水平的科学方法和工程技术手段。 本专业一方面要求学生掌握医学和生物学的基本知识，另一方面要求学生要结合医学学科的特点深入扎实地学习电子、信息类的专业知识，如医学电子学、医学信号的检测和处理、医学成像与医学图像处理、医学模式识别、医疗仪器原理及设计等。毕业生可在生物医学工程领域，从事生物医学工程基础理论的科学研究，医疗仪器设备的设计、开发与维护，医学信息系统的软、硬件的研发，以及电子信息领域的科研及技术管理工作。",https://gaokao.chsi.com.cn/zyk/zybk/detail/73384344
73384400,82602,假肢矫形工程,本科（普通教育）,1050,工学,105008,生物医学工程类,10500826,2025,本专业培养医工结合、机电融合，兼顾管理知识与实践动手能力的复合型高级工程技术应用人才。该专业人才要求掌握康复医学、矫形器与假肢及其它康复器械的设计、制造与管理的基础知识、基本理论和基本技能，既适应现代矫形器与假肢技术一线的需要，又能从事医疗器械及康复工程专业领域的技术和管理工作。本专业学生主要学习医学基础、康复医学、机械、电气等基础理论知识，掌握康复器械基本专业知识，具有制作、配置矫形器和假肢的能力，并具备相关康复器械设计与应用能力。,https://gaokao.chsi.com.cn/zyk/zybk/detail/73384400
qehb1imxt1e2t9rn,82603,临床工程技术,本科（普通教育）,1050,工学,105008,生物医学工程类,10500826,2025,本专业旨在培养医工结合复合型高素质临床工程技术应用型人才。培养的学生应具有扎实的自然科学基础、较好的人文、艺术和社会科学等综合素质，较系统地掌握临床工程技术领域宽广的医工基础理论知识及专业技能。,https://gaokao.chsi.com.cn/zyk/zybk/detail/qehb1imxt1e2t9rn
4q244f89yh4ndv9x,82604,康复工程,本科（普通教育）,1050,工学,105008,生物医学工程类,10500826,2025,本专业培养学生具备宽广的医学、机电一体化、信息技术相关理论知识，扎实的医工结合的综合素质和能力，并接受现代康复医学和典型康复辅助器具应用的训练，能在临床康复工程领域从事现代康复器械设计、临床应用与管理的高级专业人才。,https://gaokao.chsi.com.cn/zyk/zybk/detail/4q244f89yh4ndv9x
tjzb6ahu1cuvvdym,82605,健康科学与技术,本科（普通教育）,1050,工学,105008,生物医学工程类,10500826,2025,本专业围绕“AI+健康”的未来方向，培养具有坚实的数学和统计学基础，以及计算机、数据管理与分析、信息处理等其他相关学科知识交叉应用能力，具有创新精神、批判性思维与团队协作与领导能力，能利用人工智能等前沿技术，在健康智能检测、健康预测、健康大数据分析、政策与管理、健康咨询等领域从事研究、开发与管理的战略型领军人才。,https://gaokao.chsi.com.cn/zyk/zybk/detail/tjzb6ahu1cuvvdym
73384684,82701,食品科学与工程,本科（普通教育）,1050,工学,105008,食品科学与工程类,10500827,2025,食品科学与工程专业以化学、生物学和工程学为理论基础，学习食品的开发、贮藏、加工、营养、卫生与安全等方面的基础理论和工艺工程技术，了解食品科学前沿理论和高新技术，培养适应社会主义市场经济、国际竞争与合作的需求，从事食品工艺与工程设计、产品开发、质量管理、生产管理和市场营销的高级工程技术人才；毕业生可在食品加工与制造、食品机械与设备、食品原料与配料、食品物流与营销等企业，从事产品研发、生产、检测和销售工作，并可报考研究所、设计院、大专院校的事业编工作岗位，或公共卫生、技术监督、商品检验等部门的公务员工作岗位。,https://gaokao.chsi.com.cn/zyk/zybk/detail/73384684
73384708,82702,食品质量与安全,本科（普通教育）,1050,工学,105008,食品科学与工程类,10500827,2025,食品质量与安全专业培养具有扎实的食品学科专业基础知识，熟悉国内外食品质量与安全的前沿理论知识以及现代科学研究方法，掌握科研和撰写学术论文的方法，具备较强的科研能力和广博的知识视野，能够熟练应用国内外学术文献资料，具有较强的动手实践能力，具有理论创新精神以及向权威挑战的批判精神的应用研究型人才。毕业生应具有较高的政治觉悟、良好的文化和专业素养，掌握数学、化学、生物学和食品质量与安全专业基础知识，具有分析解决食品质量与安全检测技术和食品生产营销企业质量管理中一般问题的能力。,https://gaokao.chsi.com.cn/zyk/zybk/detail/73384708
73384736,82703,粮食工程,本科（普通教育）,1050,工学,105008,食品科学与工程类,10500827,2025,本专业培养适应社会主义现代化建设需要的，德智体等全面发展的，具备粮食工程方面知识和设计研究能力，具有较强理论能力和实践能力的高级工程技术人才；主要学习粮食化学、化工原理、粮食工程和油脂、蛋白工程等方面的基本理论和基本知识，系统进行有关粮食工程、淀粉和油脂、蛋白工程等方面的实验技能、工程实践、科学研究与工程设计方法的基本训练，具有对粮油产品的生产、管理、工程设计、科研与开发的基本能力。,https://gaokao.chsi.com.cn/zyk/zybk/detail/73384736
73384740,82704,乳品工程,本科（普通教育）,1050,工学,105008,食品科学与工程类,10500827,2025,本专业是培养具有乳品专业技术知识和能力，政治素质好，知识结构合理，具有较扎实的乳品加工和质量管理知识，具有一定的其它食品领域的知识，能从事乳品科学研究、新产品开发、乳品深加工和乳品品质检测等方面工作的知识、能力、素质协调发展的复合性应用型人才；毕业生通过食品生物化学、乳品化学、管理学和乳品安全与质量控制、乳品科学、乳品加工等专业知识的学习，为在乳品加工、新产品开发、乳品厂设计等领域从事生产技术、品质控制、产品开发、科学研究和工程设计工作奠定坚实的理论基础。,https://gaokao.chsi.com.cn/zyk/zybk/detail/73384740
73384712,82705,酿酒工程,本科（普通教育）,1050,工学,105008,食品科学与工程类,10500827,2025,酿酒工程专业主要针对白酒、黄酒、葡萄酒、啤酒等日常饮用酒的特征风味成分和酿制过程中的功能微生物、酶及其代谢调控机制，对其中重要微生物和酶在分子水平上进行认识与改造，开发新产品，实现传统产业的改造和提升；该专业以化学、生物学和工程学为基础，将传统酿酒工艺艺术与现代生物工程技术有机结合，旨在培养酿酒行业的生产、技术和管理的高级工程技术和管理人才。,https://gaokao.chsi.com.cn/zyk/zybk/detail/73384712
73384716,82706,葡萄与葡萄酒工程,本科（普通教育）,1050,工学,105008,食品科学与工程类,10500827,2025,本专业以化学、生物学、食品科学和药学为基础，培养学生系统地掌握葡萄与葡萄酒学相关的基础理论、专业知识和技能，具有葡萄酒的原料生产、酿造工艺、营养保健、分析检测、生产设备维护及市场营销、市场开发的基本技能，能在葡萄与葡萄酒相关领域科研、教学、生产设计与管理、酒鉴赏和文化推广，具备复合型知识和综合运用能力，促进中药学、生物技术、制药工程学和食品科学的交叉融合。,https://gaokao.chsi.com.cn/zyk/zybk/detail/73384716
73383423,82707,食品营养与检验教育,本科（普通教育）,1050,工学,105008,食品科学与工程类,10500827,2025,本专业培养具有化学、生物学和分析、检验等基本理论，食品营养学知识，食品安全与卫生学基础，食品分析与检测技能，通晓食品法规与标准，熟悉食品加工技术、食品安全评价技术、食品质量控制与管理规律的德、智、体、美全面发展的综合型应用技术人才和掌握教育教学方法、具备良好素质的教育和研究工作者；学生主要学习化学、生物学和食品科学的基本理论和基本知识，接受食品营养检验与设计、食品分析与检测、食品质量控制与管理、食品安全检测与评价、食品加工与品质评定等方面的系统训练。,https://gaokao.chsi.com.cn/zyk/zybk/detail/73383423
73383427,82708,烹饪与营养教育,本科（普通教育）,1050,工学,105008,食品科学与工程类,10500827,2025,本专业培养具有熟练的烹饪工艺实践技艺、宽厚的烹饪科学理论以及相应的餐饮管理知识与营销业务能力的高级职业技术人才；毕业生能从事大、中型饭店及集团餐饮部门的技术及管理工作，也可在中、高等烹饪学校或相关科研部门从事教学、科研工作。,https://gaokao.chsi.com.cn/zyk/zybk/detail/73383427
yzi41fxkmqdjv898,82709,食品安全与检测,本科（普通教育）,1050,工学,105008,食品科学与工程类,10500827,2025,本专业培养掌握食品安全与检测基础知识，培养运用现代生物技术手段，具备扎实的食品安全管理基本理论、基本知识和实验技能的人才，能在科研机构、质量技术监督、疾病预防控制中心、检验检疫局、海关、食品企业等企事业单位和政府部门从事与食品安全与管理相关的技术工作，并具有食品科学研究、设计、营销和食用新资源开发利用能力的复合型人才。,https://gaokao.chsi.com.cn/zyk/zybk/detail/yzi41fxkmqdjv898
7xe409rlzpadmz59,82710,食品营养与健康,本科（普通教育）,1050,工学,105008,食品科学与工程类,10500827,2025,本专业旨在培养具有良好的文化底蕴和科学素养，以及良好的技术沟通和科技创新素质，适应科学和经济社会发展，掌握食品与营养专业基础理论知识与实践技能，能够在食品加工、流通及销售等相关领域，从事与营养健康相关的科学研究、教育教学、技术开发、工程设计、生产管理等方面工作的创新型人才。,https://gaokao.chsi.com.cn/zyk/zybk/detail/7xe409rlzpadmz59
dsmkmi9ysskpp0xz,82711,食用菌科学与工程,本科（普通教育）,1050,工学,105008,食品科学与工程类,10500827,2025,本专业培养能够适应现代食用菌产业和社会发展需要，系统掌握食用菌分类、育种、栽培、设施设计与建造、加工和贮运、病虫害防治技术等基础理论知识和专业基本技能，能够在食用菌、食品、园艺、生物等领域从事食用菌的工厂设计、生产、加工、流通、管理、新产品开发及科学研究等方面工作的复合应用型高级技术人才。,https://gaokao.chsi.com.cn/zyk/zybk/detail/dsmkmi9ysskpp0xz
8p05n3hhe0zs7ggk,82712,白酒酿造工程,本科（普通教育）,1050,工学,105008,食品科学与工程类,10500827,2025,本专业面向酿造行业培养一批德、智、体、美、劳全面发展，具备良好的人文、科学和职业素养，具有工匠精神和行业发展战略视野，掌握良好的白酒酿造工程基本知识、能力和素质，能够从事酿造、品评、酒体设计、生产管理、质量控制、产品研发等工作，适应地方经济发展需要的行业一流、高素质卓越人才和领军人才。,https://gaokao.chsi.com.cn/zyk/zybk/detail/8p05n3hhe0zs7ggk
jbh0r87qc4tvxk8h,82713,咖啡科学与工程,本科（普通教育）,1050,工学,105008,食品科学与工程类,10500827,2025,本专业培养适应国家和地区经济社会发展需求，具有较扎实的自然科学基础知识和咖啡科学与工程方面的基本理论、基本知识和基本技能，具有对咖啡新产品、新工艺和新技术的研究和开发及工程设计的能力，满足现代咖啡行业对知识、能力和素养的要求，能在咖啡行业及相关领域从事产品开发、科学研究、工程设计、生产技术管理、质量检测与品质控制、食品安全与监管等方面工作的高素质应用型人才。,https://gaokao.chsi.com.cn/zyk/zybk/detail/jbh0r87qc4tvxk8h
73384460,82801,建筑学,本科（普通教育）,1050,工学,105008,建筑类,10500828,2025,建筑学是一门综合性较强的学科，涉及理、工、文、艺诸领域，具有科学与艺术、理工与人文结合的特点；学生主要学习建筑设计基础、建筑设计、居住区规划与居住建筑设计、大型公共建筑设计为主干的系列课程，以及交通建筑与城市设计、绿色建筑与工业化、建筑遗产与保护等特色方向的课程，受到建筑设计、城市设计、建筑技术等方面的基本训练，具备较强的建筑创新思维和专业设计能力。,https://gaokao.chsi.com.cn/zyk/zybk/detail/73384460
73384464,82802,城乡规划,本科（普通教育）,1050,工学,105008,建筑类,10500828,2025,本专业针对我国快速城市化背景下的人才需求，为城市建设与城市管理培养复合型高级人才，涵盖城市空间规划与设计，城市管理与法规，城市历史保护，交通规划，景观规划等方向。在校期间，学生除学习自然科学、人文社科基础知识外，还将学习工程图学、测绘学、城市规划设计、城市规划管理与法规、城市道路交通、城市基础工程、城市生态学、城市经济学、城市地理学等专业课，通过场地设计、修建性详细规划、城市设计、控制性详细规划、城市总体规划、区域规划等为主干的系列课程学习，辅以建筑设计、景观设计等课程学习，使学生受到城市空间设计、城市规划管理、城市问题研究等方面的基本训练，具有较强的城市问题分析能力和城市规划设计能力。,https://gaokao.chsi.com.cn/zyk/zybk/detail/73384464
73384512,82803,风景园林,本科（普通教育）,1050,工学,105008,建筑类,10500828,2025,本专业与建筑学、城乡规划学共同构成三位一体的人居环境设计学科，是建筑学、城市规划、环境艺术、市政工程设计、动植物学等多学科交叉的综合学科，其宗旨是综合利用科学和艺术手段设计美好的室外生活环境。本专业培养基础扎实，知识面宽，专业素质高，实践能力强，具备风景园林规划设计、文化景观与遗产保护设计、绿地公园规划设计、园林古建筑设计、城市设计等方面的知识的专业应用型人才。在校期间，学生可获得园林绿地规划与设计、风景名胜区规划、城市景观规划设计、园林建筑设计、风景园林工程设计及园林植物种植设计等领域的基本理论和基本知识；受到绘画技法、制图方法、风景园林表现技法、规划设计方法等方面的综合训练；具有运用所学艺术理论、设计理论，进行风景园林艺术设计及表达、园林施工与组织管理的基本能力。,https://gaokao.chsi.com.cn/zyk/zybk/detail/73384512
73384484,82804,历史建筑保护工程,本科（普通教育）,1050,工学,105008,建筑类,10500828,2025,本专业以建筑学学科为基础，主修建筑遗产保护理论、建筑历史与理论，兼修建筑设计及其理论、城市规划与设计、土木工程学、建筑技术科学、艺术学、历史学、美学等学科内容，要求学生系统掌握历史建筑与历史环境保护与再利用的理论、方法和技术，着重培养有较高建筑学素养和特殊保护技能的专家和未来的专业领导者。,https://gaokao.chsi.com.cn/zyk/zybk/detail/73384484
8w4dgcdf074zzzk1,82805,人居环境科学与技术,本科（普通教育）,1050,工学,105008,建筑类,10500828,2025,本专业以服务未来智慧宜居城市发展需求为目标，培养具备生态学、经济学、社会学、环境学、人工智能等相关学科基本知识，以及人居环境多尺度系统思维，掌握地理信息科学、城市空间数据获取与分析、智慧城市与城市计算、环境工程与系统监测、现代家居、城市更新与历史遗产保护等人居环境建设中的基本技能，能够在人居环境综合集成科学领域具备多学科协同合作和创新能力的高素质应用型人才。,https://gaokao.chsi.com.cn/zyk/zybk/detail/8w4dgcdf074zzzk1
ivvrevjfqrgqyb83,82806,城市设计,本科（普通教育）,1050,工学,105008,建筑类,10500828,2025,本专业培养适应国家建设需要，适应未来社会发展需求，基础扎实、知识面宽广、综合素质高，掌握城市设计学科的基本理论和基本的设计方法，了解各个相关学科领域的知识，获得初步的实践能力和研究训练，具有团队精神、创新意识、社会责任和国际视野，富于创新精神的新领域的开拓者以及本专业领域的专业领导者。,https://gaokao.chsi.com.cn/zyk/zybk/detail/ivvrevjfqrgqyb83
8fppa89ju6hnclop,82807,智慧建筑与建造,本科（普通教育）,1050,工学,105008,建筑类,10500828,2025,本专业融合科学与艺术，涉及科学、工程、人文、艺术等诸多方面，面向国家创新驱动发展需求，着力培养兼具智慧建筑与建造相关自然科学、人文与建筑及相关学科理论知识；具备卓越扎实的科学研究能力、逻辑思维能力、工程实践能力、兼具艺术与审美能力；掌握智慧建筑与建造基础与前沿理论方法和技术工具，具备开放兼容的知识结构、扎实求精的工程能力，开阔的国际视野；信念执着、品德优良、善于沟通表达、注重团队协作、肩负社会责任、恪守职业信条，引领智慧建筑设计与建造及其相关领域未来发展的复合型卓越创新人才。,https://gaokao.chsi.com.cn/zyk/zybk/detail/8fppa89ju6hnclop
6py21faaap4ww339,82808,智慧景观营造,本科（普通教育）,1050,工学,105008,建筑类,10500828,,,https://gaokao.chsi.com.cn/zyk/zybk/detail/6py21faaap4ww339
73384564,82901,安全工程,本科（普通教育）,1050,工学,105008,安全科学与工程类,10500829,2025,本专业以力学、化学、机械工程为主干学科，重点学习与工程系统与产品的碰撞冲击损害机理、系统安全性评估和监测，易燃易爆物质的安全性评估和安全防护设计，环境安全与监测等学科方向的基础理论和专业知识；主要培养从事安全防护技术与工程领域的理论研究、实验研究、设计开发及安全监测、监理维护以及技术管理等工作的安全工程学科技术管理人才。,https://gaokao.chsi.com.cn/zyk/zybk/detail/73384564
1z0ozhdu867agdq7,82902,应急技术与管理,本科（普通教育）,1050,工学,105008,安全科学与工程类,10500829,2025,本专业培养具备创新精神、实践能力、国际视野，具有良好团队合作能力、强烈社会责任感，掌握应急技术与管理的基础理论和方法，能够从事应急管理、应急技术与装备研究、应急决策与救援、应急防护、应急管理、调查评估等方面工作，培养具有科研创新能力和实践应用能力的高层次复合型高级专门人才。,https://gaokao.chsi.com.cn/zyk/zybk/detail/1z0ozhdu867agdq7
z6f39izx8l30cihp,82903,职业卫生工程,本科（普通教育）,1050,工学,105008,安全科学与工程类,10500829,2025,本专业培养适应社会经济发展与职业安全需要，掌握作业场所职业危害因素检测、控制与管理的基础理论和方法，具备创新精神、实践能力、国际视野，能从事职业危害因素检测、职业卫生咨询评价、职业卫生管理、职业病预防、职业危害控制等方面的工作，能够引领职业卫生科技创新、行业发展及社会进步的技术与管理复合型一流人才。,https://gaokao.chsi.com.cn/zyk/zybk/detail/z6f39izx8l30cihp
hg6jwacbyk2pk6eq,82904,安全生产监管,本科（普通教育）,1050,工学,105008,安全科学与工程类,10500829,2025,本专业面向安全生产领域监管执法人才需求，以精准执法为导向，聚焦生产过程安全管控，培养熟悉安全生产特征与法律法规，掌握安全监管基础理论和专业知识，能够胜任安全生产过程中的风险管控与隐患排查、安全监管与执法、安全管理、事故调查与处理等工作，为我国应急管理系统、安全监管部门及地方相关企事业单位输送践行“对党忠诚、纪律严明、赴汤蹈火、竭诚为民”精神的应用型高级专门人才。,https://gaokao.chsi.com.cn/zyk/zybk/detail/hg6jwacbyk2pk6eq
x3vzrllikv2nyhsr,82905,智慧应急,本科（普通教育）,1050,工学,105008,安全科学与工程类,10500829,2025,本专业面向国家应急管理事业和经济社会发展的迫切需要，深度融合应急管理和计算机科学与技术等多学科专业知识，旨在培养既熟练掌握监测预警、应急指挥和应急救援等应急管理业务领域知识又精通云计算、大数据、物联网和人工智能等新一代信息技术的复合型、应用型高级专门人才，其目的是为实现应急管理事业现代化、科学化、专业化和智慧化提供人才支撑。,https://gaokao.chsi.com.cn/zyk/zybk/detail/x3vzrllikv2nyhsr
73384828,83001,生物工程,本科（普通教育）,1050,工学,105008,生物工程类,10500830,2025,本专业是以生命科学、食品科学和工程学为基础，培养具备从事食品科学基础研究、食品生物高新技术创新、功能食品开发、食品原辅料生产、农产品综合利用、食品生物工程产业管理等方面能力的“生物技术 食品工程”复合型高级专业人才；旨在强调学生专业知识、基本技能、创新思维和科研能力的培养，注重应用研究、工程设计和产业管理的基本训练；本专业涉及基因工程、细胞工程、蛋白质工程、酶工程、发酵工程和生物反应工程等生物工程教学和研究内容，要求学生掌握生物学、生化工程、化学工程等学科的基本理论和知识，掌握基因工程、酶工程、生化反应与催化工程、细胞培养和微生物发酵工程、生物分离工程和工程计算等方面的基本技术。,https://gaokao.chsi.com.cn/zyk/zybk/detail/73384828
164210703,83002,生物制药,本科（普通教育）,1050,工学,105008,生物工程类,10500830,2025,本专业培养掌握现代生物科学和生物技术基本理论、基本技能和工艺工程，具有生物制药技术专业素质，可从事药品生产、管理和技术研发的高等技术应用型人才。要求学生掌握生物制药领域的基本理论、基本知识和基本技能；掌握药物生产装置工艺与设备设计方法；具有对药品的新资源、新产品、新工艺进行研究、开发和设计的初步能力；具备一定的实验设计与实施，归纳、分析实验结果和撰写论文的能力；熟悉国家对于制药生产、设计、研究与开发、环境保护等方面的方针、政策和法规；熟练掌握一门外语，具备听、说、读、写能力；掌握文献检索、资料查询的基本方法，具有一定的科学研究和实际工作能力。,https://gaokao.chsi.com.cn/zyk/zybk/detail/164210703
vq22xvmht99fjvm3,83003,合成生物学,本科（普通教育）,1050,工学,105008,生物工程类,10500830,2025,合成生物学作为一门新兴交叉学科，是在工程学思想指导下，对生物系统进行有目标的理性设计、改造甚至重新合成具有非自然功能的生命体，既可以通过设计合成探索生命组成和调控规律，也可以设计和改造人工生物系统以满足社会发展重大需求。合成生物学专业聚焦为合成生物领域培养基础理论深厚、专业知识扎实、研究能力、实践能力、终身学习能力突出，具有国际视野、家国情怀、职业道德的复合型创新人才。,https://gaokao.chsi.com.cn/zyk/zybk/detail/vq22xvmht99fjvm3
blecrphwig4x9aba,83004,生物制造,本科（普通教育）,1050,工学,105008,生物工程类,10500830,,,https://gaokao.chsi.com.cn/zyk/zybk/detail/blecrphwig4x9aba
73384876,83101,刑事科学技术,本科（普通教育）,1050,工学,105008,公安技术类,10500831,2025,刑事科学技术专业是综合运用自然科学、社会科学的有关知识和技术，研究各种犯罪中物证的形成与变化规律，运用显现、提取、鉴定等技术方法，揭露和证实犯罪，为侦查、起诉、审判提供线索和证据的专门学科。本专业培养具有良好科学素养、人文素养和警察基本素质，熟悉党和国家的路线、方针、政策，掌握本专业基础理论、基本知识与基本技能，具备开展刑事科学技术工作的职业核心能力和创新精神，能够在公安机关从事现场勘查、分析、重建以及常规物证检验、鉴定工作的应用型高级专门人才。,https://gaokao.chsi.com.cn/zyk/zybk/detail/73384876
73384880,83102,消防工程,本科（普通教育）,1050,工学,105008,公安技术类,10500831,2025,本专业培养掌握火灾科学理论、消防安全技术与工程、消防政策法规，具有消防安全技术工程应用的研究、设计、监测、施工、管理和火灾安全评估、控制及火灾事故调查分析能力的复合型高级专门人才。能在消防工程技术研究和开发部门武警消防部队、消防行政管理部门、各级建设规划设计院、消防工程施工安装部门及大型企事业单位消防事务管理部门等单位，从事消防工程技术的研究、设计、评价、监测、教育与培训，以及消防设备、仪器研究、设计、开发与制造等工作。,https://gaokao.chsi.com.cn/zyk/zybk/detail/73384880
73384888,83103,交通管理工程,本科（普通教育）,1050,工学,105008,公安技术类,10500831,2025,交通管理工程专业培养德、智、体全面发展，系统掌握道路交通管理的基础理论、基础知识和基本技能，熟悉公安交通管理的相关法律法规，具有基本的公安行政执法能力，具备开展道路交通管理工作的专业核心能力和创新精神，能够运用现代科技手段从事交通秩序维护、交通事故处置、车辆及驾驶员管理等道路交通管理工作的应用型专门人才。,https://gaokao.chsi.com.cn/zyk/zybk/detail/73384888
73384884,83104,安全防范工程,本科（普通教育）,1050,工学,105008,公安技术类,10500831,2025,本专业培养具有良好的政治素质、科学素质与人文素养，具备警察基本素质和技术技能；掌握安全防范、通信保障和信息应用的基础理论、基本知识和基本技能，熟悉与本专业有关的法律法规，能在公安部门、国家机关和企事业的安全部门等单位从事入侵报警、视频监控、出入口控制、行动技术、防爆安检、通信保障等领域的技术研究和应用管理的高素质应用型专门人才。,https://gaokao.chsi.com.cn/zyk/zybk/detail/73384884
73384896,83105,公安视听技术,本科（普通教育）,1050,工学,105008,公安技术类,10500831,,,https://gaokao.chsi.com.cn/zyk/zybk/detail/73384896
213778882,83106,抢险救援指挥与技术,本科（普通教育）,1050,工学,105008,公安技术类,10500831,2025,本专业培养适应灭火指挥、应急救援、安全管理事业发展需要，基础理论扎实，实践能力强，富有创新精神，具有国际视野，系统掌握灾害事故抢险救援的专业理论，掌握现场急救、心理救助等基本理论，具备良好的沟通交流、组织管理和学术科研能力，能从事灾害事故救援的组织指挥、技术处置、教育训练和科学研究等工作的高素质复合型人才。,https://gaokao.chsi.com.cn/zyk/zybk/detail/213778882
73383239,83107,火灾勘查,本科（普通教育）,1050,工学,105008,公安技术类,10500831,2025,本专业培养能够系统掌握公共安全、火灾科学、事故致因、火灾调查、火灾物证鉴定等相关理论与知识，具备火灾现场勘验与询问、火灾原因分析与认定、火灾痕迹物证检验与鉴定、事故统计与评估等能力，能够从事现场调查取证、物证技术鉴定、火灾统计评估等方面的技术支持与服务、科学研究和工程应用的高素质应用型复合型专业技术人才。,https://gaokao.chsi.com.cn/zyk/zybk/detail/73383239
213761144,83108,网络安全与执法,本科（普通教育）,1050,工学,105008,公安技术类,10500831,2025,本专业培养具有良好的政治素养、科学素质和人文素养，具备警察基本素质和技术技能；掌握网络安全与执法专业基础理论、基本知识与基本技能，具备开展网络安全与执法工作的专业核心能力和创新精神，能够在公安机关从事网络安全保卫与执法工作的应用型高级专门人才。,https://gaokao.chsi.com.cn/zyk/zybk/detail/213761144
73384892,83109,核生化消防,本科（普通教育）,1050,工学,105008,公安技术类,10500831,2025,本专业培养适应公共安全及消防事业发展需要，基础理论扎实，实践能力强，富有创新精神，具有国际视野，系统掌握化学化工安全、生物安全、核与辐射安全等相关理论与知识，具备良好的沟通交流、组织管理和学术科研能力，能够从事核生化灾害事故应急处置与技术支持、污染物检验检测、突发事件应急处置、科学研究、教育培训等工作的高素质复合型人才。,https://gaokao.chsi.com.cn/zyk/zybk/detail/73384892
ot79muqer711n8cp,83110,海警舰艇指挥与技术,本科（普通教育）,1050,工学,105008,公安技术类,10500831,,,https://gaokao.chsi.com.cn/zyk/zybk/detail/ot79muqer711n8cp
bo1pwd8fit9qhmgg,83111,数据警务技术,本科（普通教育）,1050,工学,105008,公安技术类,10500831,2025,本专业面向公安大数据战略对高素质人才的需求，培养熟悉党和国家的路线、方针、政策，具有大数据理念与思维，掌握大数据技术和公安基础理论，熟悉大数据在社会治理、犯罪侦查、服务群众等公安工作中的应用，具备将大数据、人工智能等信息技术与公安业务融合创新的能力，能够从事公安大数据平台构建与维护、公安大数据分析与预测、公安大数据决策与指挥的高素质应用型警务技术人才以及在相关领域从事教学、科研工作的应用型高级专门人才。,https://gaokao.chsi.com.cn/zyk/zybk/detail/bo1pwd8fit9qhmgg
2cn216zrxbluh6i9,83112,食品药品环境犯罪侦查技术,本科（普通教育）,1050,工学,105008,公安技术类,10500831,2025,本专业培养对党忠诚、服务人民、执法公正、纪律严明，社会责任感强烈，富有创新精神、法治意识，具备运用法治思维和专业知识解决实际问题的能力，能够适应公安工作现代化、公安队伍革命化、正规化、专业化、职业化建设工作需要，熟悉食品药品环境犯罪相关政策法律和技术标准，系统掌握食品、药品、环境领域犯罪案件侦查技术理论、知识和技能，具备从事食品药品环境犯罪侦查技术工作能力的应用型公安专门人才。,https://gaokao.chsi.com.cn/zyk/zybk/detail/2cn216zrxbluh6i9
te92tzrgrj59p98n,83113,低空安全管理,本科（普通教育）,1050,工学,105008,公安技术类,10500831,,,https://gaokao.chsi.com.cn/zyk/zybk/detail/te92tzrgrj59p98n
73384904,90101,农学,本科（普通教育）,1050,农学,105009,植物生产类,10500901,2025,本专业培养具有坚实的现代生物学基础知识，熟悉作物生长发育、遗传变异和产量品质形成规律，掌握作物育种和良种繁育、农业信息与管理、农业资源开发与利用和作物高产优质与可持续发展的基础理论、基本知识和基本技能，熟练掌握现代生物技术、作物生产技术、农副产品加工技术和农业标准化与质量认证技术，能够适应农作物产业化开发、农业经营与管理、教学与科研等工作的应用型、复合型高级专门人才。,https://gaokao.chsi.com.cn/zyk/zybk/detail/73384904
73384908,90102,园艺,本科（普通教育）,1050,农学,105009,植物生产类,10500901,2025,园艺专业是以生物学为基础研究果树、蔬菜、花卉的育种、栽培、生理等理论与技术的学科；本专业培养学生具备坚实的生物科学基础知识，掌握园艺植物生长发育的基本规律和系统基础理论，具有栽培管理、育种良繁、贮藏加工及园艺场所规划设计等本技能；毕业生主要面向科研、农业管理、高新技术产业及其相关部门，从事果树、蔬菜、花卉、设施园艺科学研究、技术推广、生产经营等工作。,https://gaokao.chsi.com.cn/zyk/zybk/detail/73384908
73384912,90103,植物保护,本科（普通教育）,1050,农学,105009,植物生产类,10500901,2025,植物保护专业是以植物学、动物学、微生物学、农业生态学、信息科学为基础，研究有害生物的发生发展规律并提出综合治理技术的学科。本专业主要培养具备植物保护及相关学科的基本理论和基本技能，从事植物保护技术研究、农产品有机安全生产技术应用推广、农用化学品研发及营销、进出口植物的安全生产监控及植物产品的检疫或报检、植物有害生物疫情监测与控制、现代植物保护和植物检疫技术研究等方面工作的复合型、应用性专业人才；要求学生掌握农业科学、植物保护等方面的基础知识、基本理论和技能，具备病、虫、草等有害生物识别鉴定、监测防治及可持续控制等方面的知识和能力。,https://gaokao.chsi.com.cn/zyk/zybk/detail/73384912
73384924,90104,植物科学与技术,本科（普通教育）,1050,农学,105009,植物生产类,10500901,2025,本专业培养学生熟悉国内外本领域学科发展前沿和应用前景、国家科学技术、知识产权、植物生产、生物环境等有关方针、政策和法规；具备深厚的人文底蕴、较强的生态环境保护意识、扎实的生物科学基础知识及有关植物科学与技术的基本理论、基本知识和基本技能；熟练掌握植物生产、植物育种、植物保护、植物开发的方法和技能；具备较强的调查研究与决策、试验设计、组织管理以及应用现代生物技术、信息技术获取知识并创新的能力；能够从事与植物科学相关的科学研究与教学、技术推广与开发、生产经营与管理等高级技术研发工作。,https://gaokao.chsi.com.cn/zyk/zybk/detail/73384924
73384928,90105,种子科学与工程,本科（普通教育）,1050,农学,105009,植物生产类,10500901,2025,本专业以植物遗传育种为基础，研究各类作物种子生产、种子质量控制及提高种子商品性的种子加工包装贮藏等理论与技术；学生在掌握生物科学及植物遗传育种、耕作栽培学的基本知识和理论基础上，接受种子生产、贮藏加工、种子检验、经营管理、成本会计、国际商法等专业知识、技能的学习训练，具备植物育种、种子加工贮藏、种子质量检测、种子营销基本理论和基本技能，能在种子相关部门或单位从事教学与科研、技术与设计、推广与开发、经营与管理等工作。,https://gaokao.chsi.com.cn/zyk/zybk/detail/73384928
73384936,90106,设施农业科学与工程,本科（普通教育）,1050,农学,105009,植物生产类,10500901,2025,本专业培养具有坚实的生物学、工程学及环境控制基础，具有系统的设施工程科学和农业科学基础理论、知识和技能，能在设施农业科学与工程及相关部门或单位从事设施管理、设施植物产品生产、设施农业工程设计、建造、科研教学、技术开发、经营管理等工作的应用型复合型高级专门人才；要求学生系统掌握相关基础知识和专业基础知识，熟练掌握一门外语和计算机应用能力；掌握园艺设施的设计与建造、设施环境自动化调控、工厂化农业生产、农业高新技术园区的规划和经营管理，掌握高效、特色作物的优质无公害标准化设施栽培技术；具有创新意识和现代理念，能够胜任设施园艺工程设计、生产技术、经营管理、教学和科研等方面工作。,https://gaokao.chsi.com.cn/zyk/zybk/detail/73384936
73384916,90107,茶学,本科（普通教育）,1050,农学,105009,植物生产类,10500901,2025,本专业培养具有开阔的国际化视野，掌握较完整的现代生物学知识体系，具备扎实的自然科学、人文社会科学知识和外语综合能力以及良好的专业技能，具有扎实的茶学基础理论知识和熟练的基本技能，能在茶的科技、经济、文化和健康等领域从事行政管理、教学研究，国内外贸易和文化交流等部门从事工作的高层次专业人才；学生主要学习农业生物科学和茶学基本理论、茶树栽培育种、茶叶生物化学、茶叶加工与机械等方面的基础知识，新品种选育、种苗繁育、机械化加工、茶叶审评与品质检验、茶叶经营与销售、茶文化等方面的实验、实践技能，具备该领域教学、研究、开发和管理能力。,https://gaokao.chsi.com.cn/zyk/zybk/detail/73384916
73384920,90108,烟草,本科（普通教育）,1050,农学,105009,植物生产类,10500901,2025,烟草专业培养基础扎实、知识面广、能力强、素质高，能适应烟草农业、烟草工业和烟草商业发展的人才；要求学生具备烟草栽培生理、烟草遗传育种、烟草调制加工、烟叶质量检测与管理，及烟草化学、卷烟加工工艺、卷烟配方设计、卷烟营销方面的基本理论、基本知识和基本技能；能胜任烟草生产与加工、卷烟营销、教学、科学研究和技术开发工作，以及与烟草科学相关的应用研究，生产管理和行政管理等工作。,https://gaokao.chsi.com.cn/zyk/zybk/detail/73384920
73384932,90109,应用生物科学,本科（普通教育）,1050,农学,105009,植物生产类,10500901,2025,本专业以现代生物技术为核心，培养具备化学和生物学的基本理论和基本技能，可在相关部门和单位从事农产品有害物质分析检测、植物检疫、微生物发酵产品研发、转基因生物风险评估等方面的教学、科研与管理工作的高级科学技术人才；学生主要学习农业有害生物学、应用微生物学和转基因生物管理等方面的基本理论和基本知识，接受植物检疫、农产品有害物质分析检测、转基因生物风险评估、微生物发酵、入侵生物防控等方面的基本训练，具有从事农业有害生物综合防控、微生物发酵产品研发、转基因生物风险评估、农产品质量安全控制等方面工作的基本能力。,https://gaokao.chsi.com.cn/zyk/zybk/detail/73384932
73383363,90110,农艺教育,本科（普通教育）,1050,农学,105009,植物生产类,10500901,2025,农艺教育专业旨在培养中等职业教育农艺专业课程师资和应用型人才。该专业要求掌握农业生物科学的基本知识和理论，掌握大田作物、园艺作物等高产栽培措施，掌握作物良种繁育、病虫害防治等的基本理论和技能；掌握科学的教育理论和教学方法，教师职业基本技能达标；具有从事现代农业教学、生产、技术开发与推广等工作的能力。,https://gaokao.chsi.com.cn/zyk/zybk/detail/73383363
73383367,90111,园艺教育,本科（普通教育）,1050,农学,105009,植物生产类,10500901,2025,园艺教育专业是为了培养具有从事综合园艺的教学、生产、经营管理、技术开发与推广等工作的能力的人才而设立的专业。该专业培养具备生物学和园艺学的基本理论、基本知识和基本技能，能在农业、商贸、园林管理等领域和部门从事与园艺科学有关的技术与设计、推广与开发、经营与管理、教学和科研等工作的高级科学技术人才。,https://gaokao.chsi.com.cn/zyk/zybk/detail/73383367
wjicz7qepranpnk4,90112,智慧农业,本科（普通教育）,1050,农学,105009,植物生产类,10500901,2025,智慧农业是以信息和知识为核心要素，通过互联网、物联网、大数据、人工智能和智能装备等现代信息技术与农业深度融合，实现农业生产全过程的信息感知、定量决策、智能控制、精准投入、个性化服务的全新农业生产方式，是农业发展中从数字化到网络化再到智能化的高级阶段，已成为农业现代化发展的趋势。智慧农业专业立足于国家和区域农业农村现代化发展战略需求，培养能将信息技术、生物技术、现代工程技术、现代经营管理知识与农学有机融合的高素质复合型人才。,https://gaokao.chsi.com.cn/zyk/zybk/detail/wjicz7qepranpnk4
ouwvw2syglemjvdg,90113,菌物科学与工程,本科（普通教育）,1050,农学,105009,植物生产类,10500901,2025,本专业培养熟练掌握菌物学和食用菌学基础理论知识，精通食用菌和药用菌栽培、加工及高值化利用基本技能，为菌物资源保护利用研究、菌物产业技术创新应用以及菌物药、菌物食品开发利用方面培养能传播菌物知识、创造菌物知识、推广菌物知识的复合型高素质人才。,https://gaokao.chsi.com.cn/zyk/zybk/detail/ouwvw2syglemjvdg
w17bdq3dv8dkmwk7,90114,农药化肥,本科（普通教育）,1050,农学,105009,植物生产类,10500901,2025,本专业培养具有良好的科学、文化素养，具有扎实的农学、农药学、肥料学基本知识、基本理论和基本技能，了解学科前沿，具有创新意识和较强的实践能力，能在农业生产资料行业相关企、事业单位从事推广应用、技术服务、营销管理、科研开发、质量监控等方面工作的人才。,https://gaokao.chsi.com.cn/zyk/zybk/detail/w17bdq3dv8dkmwk7
cu8z6bs52vuma60s,90115,生物农药科学与工程,本科（普通教育）,1050,农学,105009,植物生产类,10500901,2025,本专业培养适应国家绿色农药，尤其是生物农药行业发展需要和人才需求，掌握绿色农药，尤其是生物农药技术与产品的研发、生产与应用所涉及的基本理论、知识和技能，能够在农药制药、生物制药和植物保护等领域，从事相关药物尤其是生物农药的科研、开发、设计、生产、管理、应用与营销等方面的新农科应用型高素质人才。,https://gaokao.chsi.com.cn/zyk/zybk/detail/cu8z6bs52vuma60s
o2ez8unfg4q663yx,90116,生物育种科学,本科（普通教育）,1050,农学,105009,植物生产类,10500901,2025,本专业面向保障国家粮食安全以及促进农业高质量发展的战略需求，服务现代种业强国建设，着力解决优异品种创制的关键科学问题与“卡脖子”技术问题，全面推进生物育种专业人才的定向培养，引领中国分子设计育种创新发展。通过“个性化、强基础、重创新”全方位育人，着力夯实植物种质资源创新、生物进化与驯化、遗传与表观遗传学、基因组学、系统生物学、合成生物学、育种信息化等现代育种理论基础，培养具有深厚的人文底蕴与自然科学基础、扎实的专业知识、创新能力及国际视野，能够深入开展现代育种科学研究，在现代育种及相关领域富有创新精神与创造能力的拔尖创新型人才。,https://gaokao.chsi.com.cn/zyk/zybk/detail/o2ez8unfg4q663yx
eh22y52jnh97ppcr,90117,生物育种技术,本科（普通教育）,1050,农学,105009,植物生产类,10500901,2025,本专业面向保障国家粮食安全以及促进农业高质量发展的战略需求，培养在掌握生物科学和农业科学基本知识的基础上，以现代生物技术、植物育种技术、大数据技术为学习重点，系统掌握遗传学、基因组学、生物信息学、生物育种等方面的知识和技能，服务于现代种业及相关领域的综合素质高、知识结构合理、实践能力强、具有创新精神和创业能力的复合应用型卓越农林人才。,https://gaokao.chsi.com.cn/zyk/zybk/detail/eh22y52jnh97ppcr
73384988,90201,农业资源与环境,本科（普通教育）,1050,农学,105009,自然保护与环境生态类,10500902,2025,本专业培养农业可持续发展及生态环境保护等领域的专门人才，要求学生系统掌握农业资源与环境的规划与管理、农业环境保护、特色生物质资源深度开发利用等的基本理论和基本技能，具备环境质量评价及环境监控的先进技能，掌握农业环境污染治理及生态修复的技术方法，能够在农业资源与环境相关部门和单位从事资源合理利用与可持续发展、生态环境保护与规划管理、生态环境建设、环境规划设计等方面的教学、科研、管理等相关工作。,https://gaokao.chsi.com.cn/zyk/zybk/detail/73384988
73384968,90202,野生动物与自然保护区管理,本科（普通教育）,1050,农学,105009,自然保护与环境生态类,10500902,2025,本专业培养具备野生动物繁育、驯养、检疫、疾病防治和自然保护区规划设计、管理等方面的知识，能在野生动物科研院所、国家海关和边境口岸、工商、自然保护区、动物园等部门或单位从事野生动物保护、利用、检疫和自然保护区资源管理的高级科学技术人才；学生主要学习保护生物学、野生动植物保护与利用、动物遗传育种与繁殖、预防兽医学、自然保护区资源管理方面的基本理论和基本知识， 受到显微制片技术、动物解剖、生物化学分析、饲料营养成分分析、自然保护区规划、动植物检疫方面的基本训练，具有野生动物资源调查与评价、野生动物产品鉴 定与开发利用、经营管理的基本能力。,https://gaokao.chsi.com.cn/zyk/zybk/detail/73384968
73384984,90203,水土保持与荒漠化防治,本科（普通教育）,1050,农学,105009,自然保护与环境生态类,10500902,2025,本专业毕业生具备生物学、生态学、森林及草场培育学、环境科学与工程、水利工程等方面的知识。主要学习生物学、生态学、地学、森林及草场培育学、环境科学及工程、水利工程等方面的基本理论和基本知识，受到水土保持与荒漠化防治、生物措施、工程措施的规划、设计、施工、管理的基本训练，具有水土流失与荒漠化的监测、防治及森林生态环境建设等方面的基本能力。,https://gaokao.chsi.com.cn/zyk/zybk/detail/73384984
bnr62gklf7blh029,90204,生物质科学与工程,本科（普通教育）,1050,农学,105009,自然保护与环境生态类,10500902,2025,本专业围绕国家和区域发展战略，培养适应生态文明建设需求，掌握数理、化学、化工、生物、材料、能源等学科的基础理论知识，具备生物质材料与化学品制备、生物质生物转化工程设计、生物质能源开发与应用等能力，具有创新创业意识和实践能力，能够在生物质新能源、新材料等新兴产业领域从事科学研究、产品开发、生产管理等方面工作的高素质应用型人才。,https://gaokao.chsi.com.cn/zyk/zybk/detail/bnr62gklf7blh029
v4hs2alpe8fupwhp,90205,土地科学与技术,本科（普通教育）,1050,农学,105009,自然保护与环境生态类,10500902,2025,本专业是在生态文明新时代下，围绕着耕地资源安全、土地资源可持续利用、乡村振兴、国土空间优化配置等国家重大需求而设，以培养自然资源管理迫切需求的土地科学与技术人才为目标，培养具备宽厚的地学基础理论，掌握现代信息技术及工程技术，具备从国家到区域的土地资源利用及管理科学理论、土地信息及工程技术创新与应用能力的高级专门人才。,https://gaokao.chsi.com.cn/zyk/zybk/detail/v4hs2alpe8fupwhp
1vjn3087dvtxqhbe,90206,湿地保护与恢复,本科（普通教育）,1050,农学,105009,自然保护与环境生态类,10500902,2025,本专业培养具有扎实的湿地科学基础理论与专业技能，能在湿地保护与管理、湿地监测与评价、湿地可持续利用、保护地规划与设计等相关领域从事教育、科学研究、生态规划、管理与技术服务等工作的复合型人才。,https://gaokao.chsi.com.cn/zyk/zybk/detail/1vjn3087dvtxqhbe
2vuq42j0vnsvhyno,90207,国家公园建设与管理,本科（普通教育）,1050,农学,105009,自然保护与环境生态类,10500902,2025,本专业面向国家生态文明建设战略目标，聚焦以国家公园为主体的自然保护地体系建设的重大需求，培养了解国内外国家公园相关领域发展趋势，系统掌握行业建设与管理基础理论与基本技能，熟悉国家公园相关法律法规政策，具备推进绿色发展、促进人与自然和谐共生能力，能够在国家公园等自然保护地、自然保护与生态环境建设等相关领域从事建设管理、生态保护与修复、监测监管、社区发展、自然教育及科学研究等工作的复合型领军人才。,https://gaokao.chsi.com.cn/zyk/zybk/detail/2vuq42j0vnsvhyno
3rxb2tmqzo2v3y5n,90208,生态修复学,本科（普通教育）,1050,农学,105009,自然保护与环境生态类,10500902,2025,本专业以服务国家生态文明建设和美丽中国建设为目标，面向“碳达峰碳中和”重大战略需求设立的新农科人才培养引导性专业。本专业不仅学习林学、生态学、环境科学及水土保持与荒漠化防治专业等基础知识，还施教工程学、景观学及信息科学等专业知识与技术，并将其与大数据处理、人工智能等现代技术有机结合，融合工、农、理、管理等多学科知识，培养熟练掌握生态修复工程的科学理论、技术原理和工程设计方面的知识与专业技能，熟悉专业科学领域发展前沿，具有创新意识、国际视野、团队精神与终身学习能力的复合型人才。,https://gaokao.chsi.com.cn/zyk/zybk/detail/3rxb2tmqzo2v3y5n
4v7cu2yc8t5m4xxj,90209,盐碱地科学与工程,本科（普通教育）,1050,农学,105009,自然保护与环境生态类,10500902,,,https://gaokao.chsi.com.cn/zyk/zybk/detail/4v7cu2yc8t5m4xxj
73385000,90301,动物科学,本科（普通教育）,1050,农学,105009,动物生产类,10500903,2025,本专业培养具备动物科学方面的基本理论、基本知识和基本技能，能在畜牧业及其它相关领域和部门从事与畜禽养殖有关的技术与设计、推广与开发、经营与管理、教学与科研等工作的高级科学技术人才；通过学习，要求学生掌握牧场设计、动物生产与管理、动物遗传育种与繁殖、动物营养与饲料配合、畜产品加工等方面的基本理论和基本知识，受到饲料分析与检测、畜禽产品分析与检测和生产实践等方面的基本训练，具有从事动物育种、繁殖、生产与管理的基本能力。,https://gaokao.chsi.com.cn/zyk/zybk/detail/73385000
73385004,90302,蚕学,本科（普通教育）,1050,农学,105009,动物生产类,10500903,2025,专业培养具有坚实的生物科学基础，具备蚕业生产与经营管理等方面的基本理论、基本知识和技能，能在蚕业及其相关部门从事蚕业生产、教学科研、技术开发、蚕业企业经营管理、茧丝绸商品贸易等工作的应用型、复合型高级专门人才。本专业学生主要学习生物科学和蚕业科学方面的基本理论和基本知识。学生将受到现代蚕业生产技术、资源开发利用及生物技术等方面的基本训练，具备现代蚕业及农业生产经营管理、科技推广等方面的基本能力。,https://gaokao.chsi.com.cn/zyk/zybk/detail/73385004
73385008,90303,蜂学,本科（普通教育）,1050,农学,105009,动物生产类,10500903,2025,蜂学专业学生主要学习养蜂生产与管理、蜜蜂遗传育种、蜂病防治、蜂产品加工、蜂产品贸易的基本理论与知识，接受与蜂学相关的实验、设计、调查、分析、评估等方面的基本训练，要求应具有养蜂、蜂产品加工和蜂产品贸易等方面的基本技能。,https://gaokao.chsi.com.cn/zyk/zybk/detail/73385008
0thurittweclthrr,90304,经济动物学,本科（普通教育）,1050,农学,105009,动物生产类,10500903,2025,本专业培养能够综合运用专业知识与创新设计能力，解决实际问题并坚守动物科学的伦理观念，能够在育种、养殖、环境、饲料、病害、加工、包装、流通等领域从事以特种经济动物养殖为主的研究与管理工作，为全国乃至世界培养适应能源战略转型、支撑特种养殖领域创新发展、掌握特种动物养殖的关键技术、引领动物科学先进理念与模式变革的复合应用型新农科人才。,https://gaokao.chsi.com.cn/zyk/zybk/detail/0thurittweclthrr
1cdqahkzggxxhra7,90305,马业科学,本科（普通教育）,1050,农学,105009,动物生产类,10500903,2025,本专业培养掌握马业科学、马术运动、马文化等的基本理论、知识和技能，具备从事马的繁育、马的驯养与管理、马房管理与设施、马医学与护理、马的调训与骑乘及马术运动管理等方面的基本能力，能在相关领域从事教学与科研、技术与设计、推广与开发、经营与管理工作，特别是在马业科学、马产业领域具有一定专业特长的高级应用型人才。,https://gaokao.chsi.com.cn/zyk/zybk/detail/1cdqahkzggxxhra7
k7eiz4g5d8bhs13l,90306,饲料工程,本科（普通教育）,1050,农学,105009,动物生产类,10500903,2025,本专业面向国家和社会需求，在智能化饲料工程、饲料机械设计与制造、饲料和饲料添加剂生产等技术领域，培养具有饲料工程、机械设计与制造、动物营养学和管理学等多学科基础理论知识和基本技能，能从事智能化饲料工程、机械设计、饲料工艺设计、资源综合利用及企业生产管理等工作的应用型创新人才。,https://gaokao.chsi.com.cn/zyk/zybk/detail/k7eiz4g5d8bhs13l
37mct2t2zpe16k6j,90307,智慧牧业科学与工程,本科（普通教育）,1050,农学,105009,动物生产类,10500903,2025,本专业用数字赋能传统畜牧业，集成互联网、物联网和人工智能等技术为一体，为畜牧生产的精准化饲养、可视化管理、智能化决策提供技术和人才支持，培养掌握动物科学、智慧畜牧工程和装备领域基本理论和基本知识，具备动物生产、智慧养殖设施配套运行以及畜牧场大数据应用与管理等方面的基本能力，能在智慧牧业领域从事生产管理、技术推广等工作的高素质应用型人才。,https://gaokao.chsi.com.cn/zyk/zybk/detail/37mct2t2zpe16k6j
73385016,90401,动物医学,本科（普通教育）,1050,农学,105009,动物医学类,10500904,2025,本专业培养德、智、体、美全面发展，具备小动物疾病防治、牧场兽医、兽医公共卫生、兽医医学等方面的基本理论、基本知识和基本技能，能在兽医业务部门、各级政府机关和行政事业单位、动物生产单位等从事兽医临床、防疫检疫、教学、科研、生产经营、行政管理、产品开发营销、机关公务员等方面工作的高素质创新型应用技术人才和创新型拔尖人才。要求学生通过学习基础兽医学、预防兽医学和临床兽医学的基本理论和基本知识，了解动物机体正常和异常结构及功能，掌握疾病预防、诊断、治疗的基本技术，掌握动物保健、临床诊疗、动物防疫检疫和兽医公共卫生管理方面的基本知识。,https://gaokao.chsi.com.cn/zyk/zybk/detail/73385016
73385020,90402,动物药学,本科（普通教育）,1050,农学,105009,动物医学类,10500904,2025,本专业是以动物药学基本理论为核心内容，对动物药品配方、生产开发、药物与毒素残留检测、动物性食品安全、动物药品营销及药政管理等动物药品相关知识和技能进行研究的动物医、药学的交叉专业。它的基本任务是研究与基础兽医学相关的药理学与毒理学方面的相关内容，有效地研制、开发、检验、销售与生产兽药。,https://gaokao.chsi.com.cn/zyk/zybk/detail/73385020
73383867,90403,动植物检疫,本科（普通教育）,1050,农学,105009,动物医学类,10500904,2025,本专业培养具备动植物检验检疫方面的基本理论、基本知识和基本技能，能在国家各级检验检疫部门、动植物产品卫生安全与监督机构、农畜产品生产销售企业及进出口管理部门从事动植物病虫害检验检疫及防治、农畜产品及食品卫生安全检测、动植物保护等方面的技术、管理、教学与推广的高级科学技术人才；要求学生掌握动植物有害生物的化验、检测、病虫害防治的基本知识； 掌握有害生物的鉴定、识别、监测和控制等方面的方法和技能； 熟悉国家关于动植物防疫检疫、动植物进出口检疫、农畜产品卫生安全流通等方面的方针、政策和法规； 了解动植物检验检疫理论与技术最新发展动态，了解相近专业的一般原理和知识。,https://gaokao.chsi.com.cn/zyk/zybk/detail/73383867
ekafn4n2a6xkbk12,90404,实验动物学,本科（普通教育）,1050,农学,105009,动物医学类,10500904,2025,实验动物学是集成动物医学、动物科学、生物学、医学、药学、环境工程学等学科理论和方法的一门新兴交叉学科，为生命科学研究的重要组成部分，是衡量现代医学科学研究水平的重要标志。实验动物学专业旨在培养具有实验动物学方面的基本理论、基本知识和基本技能，能在其相关领域从事实验动物生产、疾病动物模型制备、动物实验技术研发和动物实验设备研制等工作，具有良好实践能力和创新精神的复合型人才。,https://gaokao.chsi.com.cn/zyk/zybk/detail/ekafn4n2a6xkbk12
3zrrovsfvbu0qqx5,90405,中兽医学,本科（普通教育）,1050,农学,105009,动物医学类,10500904,2025,本专业培养具备扎实的中兽医学基本理论知识和实践技能，在中兽医临床应用方面具有突出优势，具备较强创新创业精神，兼备现代兽医学诊疗能力，能从事兽医管理、临床诊疗、兽药研发、防疫检疫和教学科研等工作的复合应用型专业人才。,https://gaokao.chsi.com.cn/zyk/zybk/detail/3zrrovsfvbu0qqx5
92zmo638579c2scu,90406,兽医公共卫生,本科（普通教育）,1050,农学,105009,动物医学类,10500904,2025,作为医学、兽医学、管理学等多学科交叉融合的“新农科”专业，本专业培养具有坚定正确的政治方向，良好的思想品德修养、职业道德、科学素养和宽广的国际视野，能积极为“新农科”和社会主义现代化建设服务，能够解决人兽共患病防控、动物源食品安全监测和动物源细菌耐药性控制等兽医公共卫生学复杂问题的卓越人才。,https://gaokao.chsi.com.cn/zyk/zybk/detail/92zmo638579c2scu
73384960,90501,林学,本科（普通教育）,1050,农学,105009,林学类,10500905,2025,本专业培养具备森林培育、森林经理、林木遗传育种、野生植物资源开发利用等方面的理论知识和技术，从事林木良种选育、森林培育（包括经济林栽培）、森林资源经营管理、森林资源保护及开发利用、自然保护区与森林公园经营管理、城市绿地规划与设计、生态环境建设等方面的高级科学技术人才与管理人才。,https://gaokao.chsi.com.cn/zyk/zybk/detail/73384960
73384980,90502,园林,本科（普通教育）,1050,农学,105009,林学类,10500905,2025,本专业主要培养从事园林植物繁育、养护管理与应用，城乡各类园林绿地的规划与设计，园林施工组织与管理等方面的高级复合型科学技术人才；本专业学生可获得生态学、园林植物、园林规划设计、园林建筑工程等领域的基本理论和基础知识；受到园林植物认知方法、栽培养护技术、育种技术、种植设计方法、插花技法、绘画技法、制图方法、园林规划设计表现技法等方面的综合训练；具有园林植物的繁殖、栽培、养护、管理及应用的基本能力；具有运用生态学理论、植物学理论、艺术理论及设计理论进行规划设计艺术创作及表达的基本能力；具有城市园林绿化施工与组织管理方面的基本能力。,https://gaokao.chsi.com.cn/zyk/zybk/detail/73384980
656043739,90503,森林保护,本科（普通教育）,1050,农学,105009,林学类,10500905,,,https://gaokao.chsi.com.cn/zyk/zybk/detail/656043739
489bj4vodvzevs93,90504,经济林,本科（普通教育）,1050,农学,105009,林学类,10500905,2025,本专业围绕国家林业现代化、乡村振兴、生态文明建设需要，培养具备生物学和林学（主要为经济林）的基本理论、基本知识和基本技能，掌握经济林良种培育、栽培管理、病虫害防控、生态复合经营、产品精深加工利用、产品市场营销等方面的理论和技能，懂得因地制宜地进行经济林生产、经营管理、加工利用和科学研究的应用型、创新型和复合型人才。,https://gaokao.chsi.com.cn/zyk/zybk/detail/489bj4vodvzevs93
h19j2pkofo2z4fre,90505,智慧林业,本科（普通教育）,1050,农学,105009,林学类,10500905,2025,本专业旨在培养具有国际视野、创新精神和实践能力，具备林学基本知识，并能将3S、大数据、云计算和人工智能等现代信息技术、现代生物技术及林业智能装备等与林业科学有机融合，可在林业生产和管理部门、企业等开展智能化林木育种、森林精准培育、森林资源监测与可持续经营、森林灾害与健康监测预警、森林生态系统服务功能评价等相关领域的教学科研、产业规划、经营管理、技术服务等工作的复合型林学人才。,https://gaokao.chsi.com.cn/zyk/zybk/detail/h19j2pkofo2z4fre
73385028,90601,水产养殖学,本科（普通教育）,1050,农学,105009,水产类,10500906,2025,本专业培养具备水产动植物的繁殖、育种与增养殖技术以及病害与防治、渔业企业经营管理等方面知识，能在水产养殖生产、教育、科研和管理等部门从事科学研究、教学、水产养殖技术开发及经营管理等工作的高级应用型、复合型人才。学生主要学习生物学和水域环境学的基本理论以及水产增养殖、疫病防治、渔业经济和管理等方面的基本知识，接受有关生物学和化学实验教学、水产增养殖实践性教学、计算机应用等方面的基本训练，掌握水产经济动植物增养殖、病害防治、水产生物育种等基本能力。,https://gaokao.chsi.com.cn/zyk/zybk/detail/73385028
73385032,90602,海洋渔业科学与技术,本科（普通教育）,1050,农学,105009,水产类,10500906,2025,本专业在渔获机理与渔具设计、渔业资源养护与增殖工程、养殖工程、渔业管理等现代渔业科学与技术方向，培养专业知识扎实、实践能力突出、创新意识活跃的复合型人才，能够从事海洋渔业资源开发与养护、设施渔业工程设计、渔业管理、渔政管理与渔港监督等相关领域的教学、科研、管理及技术开发工作；毕业生可到海洋、水产系统的企业和相关产业管理部门从事工程技术与管理工作，或到高等院校和科研单位从事研究与教学工作，也可报考我校增殖养殖工程、渔业经济与管理、渔业资源、捕捞学等相关硕士、博士学科点继续深造。,https://gaokao.chsi.com.cn/zyk/zybk/detail/73385032
73385036,90603,水族科学与技术,本科（普通教育）,1050,农学,105009,水产类,10500906,2025,本专业培养具有观赏水族养殖与鉴赏、繁殖与育种、水质调控、营养与饲料、病害防治、水族工程设计、经营管理等方面知识与能力，能够在水族产业的企事业单位从事休闲渔业及观赏水族科研、开发、教学、管理等工作的复合型科学技术人才；要求学生学习现代生物科学和环境科学的基本理论以及观赏水族的养殖、水族产业的经营和管理等方面的知识，受到有关生物学和化学实验教学、观赏水族养殖实践性环节基本训练，掌握观赏水族养殖技术、水域环境控制、营养与饲料、病害防治等方面的基本能力。,https://gaokao.chsi.com.cn/zyk/zybk/detail/73385036
qzs7efhe8494jxj8,90604,水生动物医学,本科（普通教育）,1050,农学,105009,水产类,10500906,2025,本专业培养掌握水生动物疾病诊疗、检验检疫、渔业水域环境调控以及水产药物使用与开发等水生动物医学专业基本知识和技能，能够胜任水生动物保护、病害防控、水产养殖生产等领域基础研究和应用研究，可独立承担本专业领域实际工作中病害应急处理、常规健康养殖防病指导、常见传染病疾病流行病学调查以及临床治疗的高素质应用型人才。,https://gaokao.chsi.com.cn/zyk/zybk/detail/qzs7efhe8494jxj8
mrvs10wrepy5mmmx,90605,智慧渔业,本科（普通教育）,1050,农学,105009,水产类,10500906,,,https://gaokao.chsi.com.cn/zyk/zybk/detail/mrvs10wrepy5mmmx
73384948,90701,草业科学,本科（普通教育）,1050,农学,105009,草学类,10500907,2025,本专业培养具备草坪学、草地学、树木学、运动场草坪建植与管理、高尔夫球场草坪建植与管理、草坪与牧草病虫害、园林绿地规划等方面的知识，能在园林绿化、高尔夫球场、运动场、城市林业等部门从事草坪建植与管理、人工草地栽培、城市生态环境建设的高级科学技术人才；毕业生可在园林、水土保持、环保、人工草场、体育场等部门从事各种类型草坪的建植与管理工作，各种功能草地的培育以及园林绿地规划设计、园林花卉植物栽培以及优良牧草和草坪草的选育、人工牧草培育、人工牧草深加工、优良草种品种种子生产等的技术与管理工作。,https://gaokao.chsi.com.cn/zyk/zybk/detail/73384948
9r9rtexa92cbxh1v,90702,草坪科学与工程,本科（普通教育）,1050,农学,105009,草学类,10500907,2025,本专业以生物学为基础，研究草坪绿地植物生长发育规律，以及草坪与绿地、运动场草坪、园林建造与管理、生态环境、草业生产技术与管理。服务范围涵盖园林景观设计、水土保持、游憩与运动场地、生态建设与草业生产等领域。培养系统掌握生物科学、生态学、环境科学和草坪科学基本理论知识以及草坪与绿地建植管理、园林建造与管理、生态建设、草业生产技能，能在管理部门、科研院所、高等院校与企业从事绿化工程施工与监理、运动场草坪建造、园林规划设计、生态修复、草业生产等方面的工作的高素质应用型专业人才。,https://gaokao.chsi.com.cn/zyk/zybk/detail/9r9rtexa92cbxh1v
73385044,100101,基础医学,本科（普通教育）,1050,医学,105010,基础医学类,10501001,2025,本专业培养具备自然科学、生命科学和医学科学基础理论知识和实验技能，熟悉基础医学先进仪器设备，具有较高的外语水平、一定的教学实践能力和开展实验研究的能力，自主学习、独立分析问题和解决问题的能力；能够从事基础医学各学科教学、科研研究及基础与临床相结合的医学实验研究工作的有较大发展潜力的基础医学高级专门人才。,https://gaokao.chsi.com.cn/zyk/zybk/detail/73385044
i59sgkg0s3p6ac2y,100102,生物医学,本科（普通教育）,1050,医学,105010,基础医学类,10501001,2025,生物医学是综合基础医学和生物学的理论和方法而发展起来的前沿交叉学科，综合了医学、生物学、管理学等多个学科，主要目的为进行人体健康知识的探寻和完善，从而对人体疾病的预防和诊疗手段实现创新。培养具有扎实的生命科学、基础医学和相关临床医学的理论基础、较强实践和创新能力，具有全面的综合素质、较大发展潜能的生物医学复合型人才。,https://gaokao.chsi.com.cn/zyk/zybk/detail/i59sgkg0s3p6ac2y
31l23ztmfs6bec7o,100103,生物医学科学,本科（普通教育）,1050,医学,105010,基础医学类,10501001,2025,本专业培养掌握医药卫生领域生物技术的基础知识和理论，熟悉干细胞和免疫细胞治疗技术、干细胞及其衍生物的临床应用及研究前沿、生物制药及生物制品前沿科学知识和实验技能，具有良好科学素养、创新能力和国际视野，能在医院、生物医药企业、教育单位从事诊疗技术研究、生物医药研发和人才培养等工作的医药生物技术复合型人才以及在干细胞、组织工程和再生医学领域从事科学研究工作的应用型创新人才。,https://gaokao.chsi.com.cn/zyk/zybk/detail/31l23ztmfs6bec7o
73385072,100201,临床医学,本科（普通教育）,1050,医学,105010,临床医学类,10501002,2025,本专业培养具有扎实医学基本理论、知识和技能，具有较高的综合素质、较强的实践能力和有一定科研基础的应用型临床医学人才；学生应具有宽厚的自然学科、生命学科和人文学科的基本理论知识；掌握基础医学和临床医学的基本理论、基本知识和基本技能，较熟练地掌握人类疾病的诊断、治疗和预防方面的基本方法，掌握疾病的产生原因、发病机制以及对疾病的鉴别能力；掌握常见病、多发病诊断处理的基本技能，具有对急、难、重症的初步处理能力；掌握临床诊疗工作的辨证思维和分析判断方法；得到医学科学思维和科研方法的基本训练；熟练掌握一门外语，掌握计算机基本操作技能。,https://gaokao.chsi.com.cn/zyk/zybk/detail/73385072
73385076,100202,麻醉学,本科（普通教育）,1050,医学,105010,临床医学类,10501002,2025,麻醉学专业作为现代外科系统的重要组成部分，广泛应用于外科手术、急救、心脑肺复苏、疼痛的研究与治疗等众多方面，由于其专业特点明确、适用性强等特点，毕业生就业方向较多，就业率高。本专业培养具有基础医学、临床医学、麻醉学等方面的基本理论知识和基本技能，能在医疗卫生单位的麻醉科、急诊科、急救中心、重症监测治疗病房（ICU）、药物依赖戒断及疼痛诊疗等领域从事临床麻醉、急救和复苏、术后监测和生理机能调控等方面工作的医学高级专业人才。,https://gaokao.chsi.com.cn/zyk/zybk/detail/73385076
73385080,100203,医学影像学,本科（普通教育）,1050,医学,105010,临床医学类,10501002,2025,医学影像学专业是利用各种成像设备（包括常规X线摄影，超声显像，放射性核素显像，放射计算机断层摄影、电子计算机X线体层摄影、磁共振成像等）和放射治疗设备，应用基础医学和临床医学基本理论知识，对疾病进行医学影像诊断和治疗的一个专业，是自然科学、工程学、生物学、医学等多学科相互渗透和综合的新兴学科。本专业培养具备基础医学、临床医学和现代影像学的基本理论知识及能力，能在医疗卫生单位从事医学影像诊断、介入诊断学和医学成像技术等方面工作的医学高级专门人才。,https://gaokao.chsi.com.cn/zyk/zybk/detail/73385080
437287000,100204,眼视光医学,本科（普通教育）,1050,医学,105010,临床医学类,10501002,2025,眼视光医学是一门以眼睛为主要工作对象，将传统眼科学与现代视光学有机结合，以手术、药物、光学手段等综合方法，以改善视觉功能、提高视觉质量为目标的医学学科。眼视光医学专业归属于临床医学类，主要培养具有完整的临床医学教育背景，同时掌握基础医学、临床医学、视光学的知识与技能，在眼健康医疗领域从事现代眼科学、眼视光学诊疗工作的眼视光医师。,https://gaokao.chsi.com.cn/zyk/zybk/detail/437287000
73385100,100205,精神医学,本科（普通教育）,1050,医学,105010,临床医学类,10501002,2025,本专业培养学生掌握基础医学、临床医学、临床心理学及精神病学的基本理论和诊疗技能，使学生具备较好的哲学和人文素质，能够成为具有较高专业和人文素养的精神科医师、心身科医师、心理咨询和心理治疗师、精神康复治疗师和社区全科医师；学生毕业后可在各级医药院校、综合医院、精神卫生中心、医学心理中心及精神卫生康复机构从事医疗、教学、科研以及心理咨询和心理治疗等工作。,https://gaokao.chsi.com.cn/zyk/zybk/detail/73385100
73385088,100206,放射医学,本科（普通教育）,1050,医学,105010,临床医学类,10501002,2025,本专业培养从事放射医学及放射病诊治、防护、核医学及医学影像等工作的临床医师；要求学生掌握包括基础医学、临床医学、放射医学的基础知识；用放射诊断、核素诊断、影像诊断等各种诊断技术进行疾病诊断，并掌握其基本理论、方法和技能；应用Y射线、深部x射线、放射性核素等各种射线进行诊断及放射治疗，并掌握其基本理论、方法和技能；放射损伤及放射病的诊治技术；放射防护的基本理论、方法和技能；医学科学研究的初步能力；毕业后能够从事放射医学及防护、放射病诊断治疗、核医学和医学影像诊断等工作。,https://gaokao.chsi.com.cn/zyk/zybk/detail/73385088
76uflhbk4wopn1pc,100207,儿科学,本科（普通教育）,1050,医学,105010,临床医学类,10501002,2025,本专业致力于培养具有扎实的医学知识和初步的儿科学专业能力、良好的职业道德和较强的沟通能力、创新精神和终身学习能力的儿科专业人才。,https://gaokao.chsi.com.cn/zyk/zybk/detail/76uflhbk4wopn1pc
73385128,100301,口腔医学,本科（普通教育）,1050,医学,105010,口腔医学类,10501003,2025,本专业培养具备医学基础理论和临床医学知识，掌握口腔医学的基本理论和临床操作技能，能通过国家执业医师资格考试，在医疗机构从事口腔常见病、多发病诊治和预防工作的口腔医学专门人才；要求学生具有较广泛的人文、社会科学知识，较宽厚的自然科学基础，较坚实和较系统的基础医学和临床医学理论，扎实的口腔医学理论知识，一定的预防医学知识，同时具有较强的自学能力；熟练掌握一门外国语，并能较熟练阅读本专业外文资料；具有较强的临床分析和思维能力，能独立诊治口腔医学领域内的常见病和多发病，基本达到卫生部颁发的《口腔医学住院医师规范化培训试行办法》中规定第一阶段培训结束时要求的临床工作水平；能结合口腔临床实际，学习并掌握临床科学研究的基本方法。,https://gaokao.chsi.com.cn/zyk/zybk/detail/73385128
73385052,100401,预防医学,本科（普通教育）,1050,医学,105010,公共卫生与预防医学类,10501004,2025,预防医学以人群为研究对象，应用基础医学和临床医学理论以及预防医学的理论和方法，从群体的角度研究环境因素、宿主因素以及致病因子与人类疾病和健康的关系，是预防疾病发生、控制疾病发展以及促进健康的一门医学科学；本专业要求学生系统掌握基础医学、临床医学和预防医学的基本理论和技能，能灵活运用所学知识分析、解决预防医学与公共卫生领域的实际问题，具有进行卫生监督与管理、科学研究、信息和数据处理的能力，具备应对突发公共卫生事件的能力，能成为应用型、复合型的预防医学人才。,https://gaokao.chsi.com.cn/zyk/zybk/detail/73385052
437287056,100402,食品卫生与营养学,本科（普通教育）,1050,医学,105010,公共卫生与预防医学类,10501004,2025,食品卫生与营养学是研究食物与机体的相互作用，以及食物营养成分（包括营养素、非营养素、抗营养素等成分）在机体里分布、运输、消化、代谢等方面的一门学科；本专业培养学生具备基础医学、营养学和预防医学、临床医学的基本知识、基本理论和基本技能，使毕业生能够成为从事人群的营养指导、保健和营养知识的宣传教育、防病治病、医院临床营养治疗和指导食品配制的高级营养专业人才；要求学生掌握食品卫生与营养学的基本理论知识；掌握基础医学、临床医学、营养与食品卫生的基本理论知识及食品卫生检测技能；能够从事营养与食品卫生的监督、检测和管理工作；熟悉国家的食品卫生法规； 具有一定的社会医学知识、劳动卫生、环境卫生和职业病知识，具有调查、研究的能力和科学的思维方法。,https://gaokao.chsi.com.cn/zyk/zybk/detail/437287056
164242595,100403,妇幼保健医学,本科（普通教育）,1050,医学,105010,公共卫生与预防医学类,10501004,2025,本专业培养具有良好职业道德、创新精神、实践能力和学习能力，具有较好的基础医学、临床医学和预防医学的基本理论、基本知识和技能，掌握妇幼保健与管理理论与实践，能够胜任儿童保健、妇女保健、学校卫生、计划生育服务、妇幼卫生管理、疾病预防控制、健康促进等公共卫生相关领域的专业人才。,https://gaokao.chsi.com.cn/zyk/zybk/detail/164242595
320924625,100404,卫生监督,本科（普通教育）,1050,医学,105010,公共卫生与预防医学类,10501004,2025,本专业培养具备医学背景，系统掌握临床医学、预防医学、卫生法学、卫生监督学基本理论知识和技能，具备卫生管理、卫生监督、卫生行政执法基本能力，毕业后能够胜任卫生行政部门、卫生监督机构和疾病预防控制相关机构工作，从事卫生监督管理、卫生行政执法和突发公共卫生事件处置等工作的综合性专业人才。,https://gaokao.chsi.com.cn/zyk/zybk/detail/320924625
666237938,100405,全球健康学,本科（普通教育）,1050,医学,105010,公共卫生与预防医学类,10501004,2025,全球健康学专业秉持“国际视野、多元交叉、大众情怀”的培养理念，侧重于培养与世界卫生健康对话的人才。旨在从学习、研究和实践的角度将全球健康这门学科介绍给学生，其重点是改善健康状况，实现全球人类的健康平等。,https://gaokao.chsi.com.cn/zyk/zybk/detail/666237938
y7byh55op257vtu6,100406,运动与公共健康,本科（普通教育）,1050,医学,105010,公共卫生与预防医学类,10501004,2025,本专业培养服务“健康中国”国家战略需求，掌握体育学、预防医学的基本理论、基本知识和基本技能；能够在社区卫生服务中心、街道基层社区服务站点、卫生管理部门及相关机构、运动健康产业相关机构等领域从事运动与公共健康相关工作的高素质复合应用型人才。,https://gaokao.chsi.com.cn/zyk/zybk/detail/y7byh55op257vtu6
73385140,100501,中医学,本科（普通教育）,1050,医学,105010,中医学类,10501005,2025,本专业培养系统掌握中医学基本理论知识和基本技能，适应现代中医学发展和高等中医教育需要，具备良好的人文和自然科学素养、扎实的西医学基本理论和基本技能、一定的中药学及预防医学相关知识，具有较强临床思维能力和临床实践能力的中医学专门人才。学生主要学习中医药学基本理论知识和中医临床医疗技能，具有必要的自然科学和扎实的现代医学知识，受到中医临床基本技能和现代医学临床基本技能的训练，具有中医各科疾病的临床诊疗和科研工作的基本能力。,https://gaokao.chsi.com.cn/zyk/zybk/detail/73385140
73385144,100502,针灸推拿学,本科（普通教育）,1050,医学,105010,中医学类,10501005,2025,本专业培养能运用中医药基础理论、针灸推拿（含气功）专业知识和基本技能，以及一定的西医学知识和专业外语能力，能在医药健康产业等领域中从事中医针灸推拿医疗、教学、科研及国内外学术交流工作的中医针灸推拿专门人才。要求学生掌握中医药学基础理论、基础知识和基本技能；掌握针灸推拿学基础理论、基础知识和基本技能，能从事针灸推拿、中医药临床常见病证的辨证论治；了解针灸推拿学术发展动态，具有从事针灸推拿科研的初步能力；掌握一定的西医学的基础知识和技能，了解中医针灸推拿学科学术发展动态，具有从事针灸推拿科学研究的初步能力；掌握一定的专业外语知识，具有一定的中医针灸专业外语学术交流能力；能够顺利阅读古典医籍。,https://gaokao.chsi.com.cn/zyk/zybk/detail/73385144
73385152,100503,藏医学,本科（普通教育）,1050,医学,105010,中医学类,10501005,2025,本专业培养热爱藏医药事业和藏民族文化，满足人民群众对藏医医疗、预防、保健、康复需要的德、智、体、美全面发展、具有良好职业道德；系统掌握扎实的藏医基础理论与基本知识、基本技能和必要的西医基础、临床知识；具有足够的藏医传承能力、藏医临床思维能力和一定的创新精神；能够准确运用藏医药学术和西医的基础知识、基本技能防治常见病、多发病，并具备对常见的急重症进行急救处理能力以及在藏医学教育、科研和对外推广、交流等工作中具有较强发展潜能的藏医专业人才。,https://gaokao.chsi.com.cn/zyk/zybk/detail/73385152
73385148,100504,蒙医学,本科（普通教育）,1050,医学,105010,中医学类,10501005,2025,本专业培养具备蒙医学、临床医学的基本理论和医疗预防的基本技能及人文知识；能在各级医疗卫生机构、科研部门从事医疗、预防、科研等方面工作的有创新精神的应用人才。学生主要学习蒙医药学基本理论、基本知识和蒙医临床诊疗技能，掌握一定的现代自然科学和现代医学等方面的知识，接受蒙医临床技能和现代医学临床技能的基本训练，掌握蒙医各科疾病的临床诊疗技能。,https://gaokao.chsi.com.cn/zyk/zybk/detail/73385148
73385160,100505,维医学,本科（普通教育）,1050,医学,105010,中医学类,10501005,2025,本专业培养热爱维吾尔医药事业，具有系统的维医基础理论和基本知识，坚实的维医临床诊疗技能，必要的现代基础知识和临床诊疗技能；能从事维吾尔医临床工作和维吾尔医科研工作的高级医学人才；要求掌握维医基础理论、基本知识和基本技能；掌握运用维医辨证施治的基本能力；掌握必要的现代医学基本理论和基本知识；熟悉国家及民族医药卫生工作方针、政策和法规；了解维医学理论与学术的发展动态；掌握文献检索、资料查询的基本方法，具有一定的科学研究和实际工作能力。,https://gaokao.chsi.com.cn/zyk/zybk/detail/73385160
213778886,100506,壮医学,本科（普通教育）,1050,医学,105010,中医学类,10501005,2025,本专业培养具备壮医、中西医基本理论、基本知识和基本技能；较强的交流适应能力以及良好的职业道德；具备一定的科研能力，能在各级医院和医疗科研机构从事壮医、中医、中西医结合临床、预防、保健、康复和科学研究工作的医学高级专业人才。掌握壮医基础理论、基本知识和基本技能；要求掌握运用壮医辨证施治的基本能力；掌握必要的现代医学基本理论和基本知识；熟悉国家及民族医药卫生工作方针、政策和法规；了解壮医学理论与学术的发展动态；掌握文献检索、资料查询的基本方法，具有一定的科学研究和实际工作能力。,https://gaokao.chsi.com.cn/zyk/zybk/detail/213778886
213778890,100507,哈医学,本科（普通教育）,1050,医学,105010,中医学类,10501005,2025,本专业培养具备扎实的基本理论、基本知识和基本技能，具有良好的自主学习能力、崇高的人文情怀和优秀的职业素养，具备运用现代医学和哈医药基本理论、哈医药专业知识、专业实践技能，能在医疗卫生领域从事哈医医疗、教育、科研的应用型人才。,https://gaokao.chsi.com.cn/zyk/zybk/detail/213778890
i5mtf26sfq1lwfnj,100508,傣医学,本科（普通教育）,1050,医学,105010,中医学类,10501005,2025,本专业培养具备较为深厚的傣医、中医文化底蕴，系统掌握傣医药基础理论、基本知识和基本技能，较强的傣医药临床思维与实践能力；掌握一定的现代医学和中医学知识，具有自主学习和终身学习的能力，较强的传承能力和创新精神，服务于民族医药事业和产业发展，能在医疗卫生领域从事傣医临床医学、教育和科学研究工作的高素质应用人才。,https://gaokao.chsi.com.cn/zyk/zybk/detail/i5mtf26sfq1lwfnj
9hek3sdxoupemx66,100509,回医学,本科（普通教育）,1050,医学,105010,中医学类,10501005,,,https://gaokao.chsi.com.cn/zyk/zybk/detail/9hek3sdxoupemx66
xd5fkmjof9g03ue7,100510,中医康复学,本科（普通教育）,1050,医学,105010,中医学类,10501005,2025,本专业旨在培养适应中医康复事业及大健康事业发展需要，系统掌握中医学及康复医学基础知识、基本理论、基本技能，具备良好的人文、科学、职业素养和较强的人际交流能力、良好的职业道德和创新创业意识及社会服务能力，能够在医学院校、各级医疗机构康复科、各级康复中心、各级运动队、疗养院及社区卫生机构等领域从事中医康复临床、教学、科研的中医康复特色应用型人才。,https://gaokao.chsi.com.cn/zyk/zybk/detail/xd5fkmjof9g03ue7
80rdif7wzxi482rx,100511,中医养生学,本科（普通教育）,1050,医学,105010,中医学类,10501005,2025,本专业培养具备中医养生学专业理论知识和实践技能，较为系统的中医基本理论、知识和技能，较为全面的现代医学知识，较强的中医思维及较强的传承能力、创新创业意识和社会服务能力，具有较强的自主学习和终身学习能力，毕业后从事中医养生保健、健康管理、治未病、医疗及健康宣教等工作的高素质应用型人才，并为将来从事中医养生教育、科研、对外交流、文化传播及中医药事业管理等方面的工作奠定基础。,https://gaokao.chsi.com.cn/zyk/zybk/detail/80rdif7wzxi482rx
7x77g2909syba7zc,100512,中医儿科学,本科（普通教育）,1050,医学,105010,中医学类,10501005,2025,本专业培养具有良好人文、科学和职业素养，掌握系统扎实中医学基本理论、基本知识、基本技能，具有对常见疾病、疑难病，尤其是儿科疾病的中医临床诊疗能力，能够在医疗卫生领域和中医院校从事中医儿科临床、预防保健、康复、教学科研工作的中医儿科学实用性人才。,https://gaokao.chsi.com.cn/zyk/zybk/detail/7x77g2909syba7zc
483ljewviqqet6u9,100513,中医骨伤科学,本科（普通教育）,1050,医学,105010,中医学类,10501005,2025,本专业培养具备中医学基础理论、基本知识、基本技能，突出中医骨伤科学相关知识，满足中医执业医师考试要求的各项标准，熟练掌握中医骨伤特色诊疗手段，具有独立诊治常见骨伤疾病的能力，熟悉现代骨科各项基本手术操作，能够在医疗卫生领域从事骨伤医疗，以及预防、保健、康复、科研等工作的中医骨伤人才。,https://gaokao.chsi.com.cn/zyk/zybk/detail/483ljewviqqet6u9
73385156,100601,中西医临床医学,本科（普通教育）,1050,医学,105010,中西医结合类,10501006,2025,本专业培养具备中西医学基础理论、中西医学专业知识和临床专业实践技能，具有良好的职业道德和人文素养，能够熟练、准确运用中西医两套理论，对常见病、多发病进行中西医临床诊疗，熟悉国家卫生工作的方针、政策和法规，能够在各级医院从事中西医临床医疗工作，具有一定科研能力的实用型中西医临床医学人才。,https://gaokao.chsi.com.cn/zyk/zybk/detail/73385156
73385188,100701,药学,本科（普通教育）,1050,医学,105010,药学类,10501007,2025,本专业培养具有化学生物学与基础医学背景，掌握必需的人文社科知识以及化学生物学与相关基础医学知识、较扎实的自然科学理论和系统的药学知识，具有较强的创新意识、科研思维能力与实践技能，适应研究生生源培养的要求，能够从事与药物合成、药物制剂、药物检验、药品生产与营销、新药研究与开发、质量控制，以及药学管理和教学工作的具有理学学士学位药学专门人才 。学生需掌握药物化学、药理学、生物化学、药剂学、天然药物化学、药物分析学等学科的基本理论和专业技能，学会药物制备、质量控制、药物与生物间相互作用、药效学与药物安全性评价等主要基本方法和技术，具有药物制剂的初步设计、选择药物分析方法、新药药理实验与评价等能力，熟知药事管理法规、政策等。,https://gaokao.chsi.com.cn/zyk/zybk/detail/73385188
73385196,100702,药物制剂,本科（普通教育）,1050,医学,105010,药学类,10501007,2025,药物制剂学是综合运用化学、生物化学、药学基础理论与现代制药工程手段进行药物制剂的研究、设计、开发与生产的学科，本专业培养德、智、体全面发展，具备广博而坚实的化学、生物学、药学基本理论知识和实验技能，能够从事药物新剂型与新制剂的研究、设计与开发，药物制剂及其生产管理、工艺设计与技术改造工作的高级药物制剂专门人才以及具有一定的企业管理知识，良好的科学素养和一定的创新创业能力的高级实用型人才；要求掌握物理化学、药物化学、药用高分子材料学、工业药剂学、制剂设备与车间工艺设计等方面的基本理论、基本知识；掌握制剂的研究、剂型设计与改进以及药物制剂生产的工艺设计等技术；具有药物制剂的研究与开发、剂型的设计与改进和药物制剂生产工艺设计熟悉药事管理的法规、政策；了解现代药物制剂的发展动态；掌握文献检索、资料查询的基本方法，具有初步的科学研究和实际工作能力。,https://gaokao.chsi.com.cn/zyk/zybk/detail/73385196
73385212,100703,临床药学,本科（普通教育）,1050,医学,105010,药学类,10501007,2025,"临床药学是研究药物防病治病的有效性、安全性与合理性的一门学科，其主要研究内容包括，药物治疗疾病的临床规律、临床合理用药、临床药物评价、药学监护、药物配伍与禁忌等；临床药学的主要任务是综合运用药学和医学的理论、观点和方法，为药物临床治疗的有效性、安全性、经济性提供保障；本专业培养具备药学、医学的基本理论知识，掌握临床合理用药、安全用药及安全用药的重要意义和基本 原理，熟悉新药开发研制基本流程和技能，综合素质高、知识结构合理、基础扎实、知识面宽、综合运用知识能力强、具有创新精神和实践能力，从事临床合理用 药、治疗药物监测和临床药学研究的融药学与医学为一体复合型应用型药学专门人才。
",https://gaokao.chsi.com.cn/zyk/zybk/detail/73385212
73385220,100704,药事管理,本科（普通教育）,1050,医学,105010,药学类,10501007,2025,本专业培养掌握药学、管理学、法学等自然科学和社会科学的基本理论知识与技能，掌握药品研制、生产、经营、使用、价格、广告、包装及监督管理等不同环节的相关法律法规，能够运用药物经济学、药品质量管理、药品风险管理等经济、管理方法从事行业管理、预测、评估、注册等活动，能够适应现代医药事业建设与发展需要，从事药事相关管理工作的复合型专业人才。学生毕业后能在药事各部门如各级药品监督管理部门、社会劳动保障部门、药品价格管理部门、工商行政管理部门、药品生产企业、药品经营企业、药品科研院所、医疗卫生机构、各类社会中介机构中从事药事管理工作。,https://gaokao.chsi.com.cn/zyk/zybk/detail/73385220
213778894,100705,药物分析,本科（普通教育）,1050,医学,105010,药学类,10501007,2025,本专业培养具备化学、生物学和药学的基本理论和技能，熟练掌握国内外药品生产质量管理规范、药品质量监督管理的法规与标准体系，能够在药物研究、生产、流通和临床使用领域，从事药物分析研究、药物质量控制与管理、临床用药监测等工作的高级科学技术人才。要求系统掌握药物分析的基本理论、基本知识和基本技能，具有良好的专业素养，具备药物分析及体内药物分析、中药及其制剂分析、新药研发、药品质量标准制定、药事管理知识能力，能够在药品生产企业的质量管理（QA）、质量控制（QC）关键质控及管理岗位，药品研发企业的新药研发、药品质量标准制定、临床研究（CRC）等关键岗位，国家及省市地方食品药品监督管理局（所）、药品检验检定所药品检验检定及管理岗位，药品流通领域质量管理岗位等方面工作。,https://gaokao.chsi.com.cn/zyk/zybk/detail/213778894
213778898,100706,药物化学,本科（普通教育）,1050,医学,105010,药学类,10501007,2025,本专业培养掌握药物化学的基础理论、基本知识和实验技能，熟悉和了解本学科国内外研究前沿及其发展方向；掌握新药设计和合成路线设计的基本理论和技术，药物生产工艺研究的基本技能和方法；熟悉药品生产质量管理规范，具有良好的科学素养、严谨求实的科学作风和开拓创新的进取精神，能够在化学药物研究和医药设计机构、化学药物生产和流通企业、药品监督管理和检验以及农药、精细化工等领域从事化学药物的设计、研究、开发、生产、工艺改进、质量控制和经营管理等方面工作的高级专门人才。,https://gaokao.chsi.com.cn/zyk/zybk/detail/213778898
73385216,100707,海洋药学,本科（普通教育）,1050,医学,105010,药学类,10501007,2025,"本专业旨在通过药学、海洋生物学基本理论以及现代生物技术基本专业技能等的传授，培养能够从事海洋药物研究、生产与工艺设计以及海洋生物工程技术研究的专业技术人才。学生毕业后既可以从事生物医药领域的相关工作，也可以从事与海洋生物资源开发利用及海洋药物研发的相关工作,包括：药品研发、质量控制、生产管理、药品销售等工作。",https://gaokao.chsi.com.cn/zyk/zybk/detail/73385216
l5v16sjlvfcuij3p,100708,化妆品科学与技术,本科（普通教育）,1050,医学,105010,药学类,10501007,2025,本专业培养拥有与化妆品相关的化学化工、药学、基础医学、生物学基础知识，了解皮肤结构、皮肤生理学、皮肤病理学、皮肤微生态学相关知识，掌握化妆品与皮肤健康保护基本知识、化妆品原料基础知识、化妆品配方原理与技术基础知识、化妆品制备工艺与质量控制基本知识、化妆品法律法规基础知识、化妆品品牌与市场基础知识，以及从事化妆品基础研究、技术创新、安全功效、产品经营管理相关的高素质应用型专业人才和技术骨干。,https://gaokao.chsi.com.cn/zyk/zybk/detail/l5v16sjlvfcuij3p
7xy95jdbzxzl48jg,100709,药物经济与管理,本科（普通教育）,1050,医学,105010,药学类,10501007,2025,本专业立足国家大健康产业战略，培养掌握药物经济学、药品管理、药物政策相关的基本知识，学会解读药物临床证据与经济学证据，熟悉药品全生命周期管理流程，能综合运用循证医学与循证药学、药物经济学、数据科学等方法，能对医疗产品与服务等健康干预措施对患者、医疗系统和全社会的影响进行经济学分析，满足医药卫生管理部门、地方政府、医药企业、医疗机构等多方需求的复合型、应用型、德智体美劳全面发展的高层次人才。,https://gaokao.chsi.com.cn/zyk/zybk/detail/7xy95jdbzxzl48jg
73385192,100801,中药学,本科（普通教育）,1050,医学,105010,中药学类,10501008,2025,本专业培养具备中药学科基本理论、基本知识和实验技能，具有良好的科学素养，在中药科研、生产、检验、流通、应用和经营领域从事中药鉴定、炮制、药剂及临床、合理用药等方面工作的中药人才；要求掌握中医药基本理论和临床用药基本知识；熟练运用现代中药化学与中药药理学基本理论与方法，研究中药化学成分以及中药与机体相互作用的规律；掌握中药鉴定的基本理论知识和技能；掌握中药炮制加工和制剂制备的基本理论和技能；了解中药从开发、生产到临床应用的流程；熟悉营销理论与药事管理法规、政策；了解中药学科的学术发展动态，具备在中药临床、科研及相关领域独立工作以及获取新知识和创新的能力；掌握一门外国语，具有较好的听说读写能力，具备较熟练地阅读本专业外文书刊和进行国际学术交流的能力。,https://gaokao.chsi.com.cn/zyk/zybk/detail/73385192
73385208,100802,中药资源与开发,本科（普通教育）,1050,医学,105010,中药学类,10501008,2025,本专业培养适应现代社会发展需要、掌握中药资源与开发的基本理论和基本技能的高级专门人才。学生可受到中药资源与开发训练，尤其是掌握常规及珍稀中草药栽培、常规与基因工程育种以及细胞培养、组织培养等现代中药生产技术与现代生物技术提取中药成分、中药药效及保健作用等基本理论和实用技术，并获得一定的企业管理知识，具有良好科学素养及创新精神，能够胜任中药资源方面研发、教学和管理工作。,https://gaokao.chsi.com.cn/zyk/zybk/detail/73385208
73385204,100803,藏药学,本科（普通教育）,1050,医学,105010,中药学类,10501008,2025,本专业培养具有藏医药学和现代药学基本理论、基本知识和基本技能，能从事藏药生产经营管理、藏药质量分析鉴定、藏药资源可持续利用、新药和保健品开发等工作的藏药学专门人才；学生要求掌握基础医学和藏药学基础理论、基本知识及基本技能；全面掌握藏药基本知识、藏药材辨认及配制技能；掌握一定的现代药学基础知识，能够结合现代科学知识来分析药理及药物性能；对常见病和多发病的药方，能够独立配药的基本技能；基本掌握常见病及多发病的诊疗技能；了解并掌握GMP有关内容；掌握藏医天文星算的基础知识；具有一定的科学研究和实际工作能力；具有良好的医风医德和人际沟通能力。,https://gaokao.chsi.com.cn/zyk/zybk/detail/73385204
73385224,100804,蒙药学,本科（普通教育）,1050,医学,105010,中药学类,10501008,2025,本专业培养具备蒙药学基础理论、基本知识、基本技能以及与其相关的蒙医学、药学等方面的知识和能力及人文知识，能在蒙药生产、检验、流通；使用和研究与开发领域从事蒙药鉴定、设计、制剂、栽培及临床合理用药等方面工作的科学专门人才；学生应掌握蒙医学与蒙药学的基本理论、基本知识和基本技能，掌握蒙药制剂的制备原理、方法、生产工艺、质量控制方法和应用，能够充实蒙药剂型的研究开发，充实蒙药制剂的生产及质理管理，从事制剂工艺技术的设计以及承担蒙药调剂和临床应用指导等工作。,https://gaokao.chsi.com.cn/zyk/zybk/detail/73385224
164242631,100805,中药制药,本科（普通教育）,1050,医学,105010,中药学类,10501008,2025,本专业培养具备中医药和现代药学等方面的基础理论知识和工程实践技能，具有良好的科学素养，在医药科研单位、生产企业和管理部门从事医药产品的研究与开发、生产、质量控制、管理及临床应用等方面进行工作的药学专门人才。学生要求熟悉中医药基本理论和知识；掌握制药技术与工程的基本知识和技能；了解药品生产常用设备，掌握药物生产工艺设计方法；掌握制药生产工艺管理；熟悉营销理论与药事管理法规、政策；了解药物新剂型、新工艺、新技术和新设备的发展动态，具有药物新制剂、新工艺研发的初步能力；掌握一门外国语，具有较好的听说读写能力，具备较熟练地阅读本专业外文书刊和进行国际学术交流的能力。,https://gaokao.chsi.com.cn/zyk/zybk/detail/164242631
73385200,100806,中草药栽培与鉴定,本科（普通教育）,1050,医学,105010,中药学类,10501008,2025,本专业培养面向药材种植基地、中药研究部门、药品监督管理部门、药品生产企业、医药贸易部门、教学、科研等单位、行业，具备中药学学科基础理论、基本知识和基本实验技能，及其相关的中医学、药学、农学等方面的知识和技能，从事中药材栽培，药材的品质鉴定，药用植物资源开发与保护以及中草药栽培基地的规划、建设及管理等方面工作的高级专门人才；学生将系统学习中药学、农学和生物学基本理论，深入进行药用植物种质资源的保存与鉴定、野生药用植物归圃与药用植物新品种选育、中草药栽培管理与病虫害防治、中草药采收与加工炮制、中药化学成分研究与质量评价等方面的理论学习与生产实践锻炼，培养具有从事中草药生产管理、技术推广、质量评价、成分提取、加工炮制以及经营管理和教学科研创新能力。,https://gaokao.chsi.com.cn/zyk/zybk/detail/73385200
73385164,100901,法医学,本科（普通教育）,1050,医学,105010,法医学类,10501009,2025,法医学是以医学为基础的自然学科，也是医学与法学交叉的边缘学科，在法制实践中，法医学为医疗纠纷、刑事侦查、司法审判以及灾害事故鉴定提供科学依据。本专业培养具有扎实的生物医学、临床医学、法医学及相关自然科学和社会科学知识，掌握法医学的基本理论和鉴定技能，具有较强的人际交往沟通能力，良好的职业道德和人文素养，具有创新精神，能够致力于法医学事业的复合型人才。,https://gaokao.chsi.com.cn/zyk/zybk/detail/73385164
73385084,101001,医学检验技术,本科（普通教育）,1050,医学,105010,医学技术类,10501010,2025,医学检验是一门多学科交叉的应用型学科，是运用现代物理、化学方法，实验室技术，借助高科技精密医疗仪器设备进行检测，对疾病的临床诊断、治疗监测和预后评估提供判断依据的一门学科；本专业培养具有医学检验学等方面的基本理论知识和基本技能，具有一定的科研和创新能力，能在各类医院、疾病控制中心、血站、商检局、技术监督局等医学及卫生管理机构、医学教育与科研院所等单位，从事医学检验以及医学类实验室工作的高级专门人才；通过系统学习，使学生具有基础医学、医学检验及医学检验技术等方面的基本理论知识和基本技术能力，并具有为临床提供及时准确检验结果的能力。,https://gaokao.chsi.com.cn/zyk/zybk/detail/73385084
433435720,101002,医学实验技术,本科（普通教育）,1050,医学,105010,医学技术类,10501010,2025,本培养具有全面的综合素质、具有较宽厚的自然科学和人文科学基础知识，具有扎实的生物医学知识、基本技能、实验技术，具有较强的科研创新和实践能力，能在高等医学院校、医疗卫生机构与科研院所等从事医学实验、医学研究和教学辅助工作的应用型医学实验专业人才。,https://gaokao.chsi.com.cn/zyk/zybk/detail/433435720
433435892,101003,医学影像技术,本科（普通教育）,1050,医学,105010,医学技术类,10501010,2025,本专业培养具有基础医学、临床医学和医学影像学的基本理论知识及能力，具有较深厚的电子技术基础，能胜任医学影像设备的管理、操作、维护、图像处理以及设备研发、安装、维护等工作的复合型应用人才；学生要求掌握基础医学、临床医学、医学影像技术的基本理论和技能，具有操作普通X线、CT、MRI、DSA、放射治疗及核医学成像技术等的能力，能够灵活应用各种医学影像成像技术实施个性化检查方案，精通影像设备的工作原理，开展有效的医学影像质量管理活动。,https://gaokao.chsi.com.cn/zyk/zybk/detail/433435892
73385092,101004,眼视光学,本科（普通教育）,1050,医学,105010,医学技术类,10501010,2025,眼视光学是一门现代光学技术和现代眼科学相结合，运用现代光学理论和技术解决视觉障碍的新兴、交叉学科；本专业培养以掌握现代视光科学知识和技能为基础，具有能够应用视光学知识指导并帮助人民群众进行视觉保健和矫治的高级视光学人才；学生应掌握基础医学、眼科学、视光学的基本理论和技能，毕业后能够以其专长从事于眼睛健康与视觉的保健工作。,https://gaokao.chsi.com.cn/zyk/zybk/detail/73385092
73385096,101005,康复治疗学,本科（普通教育）,1050,医学,105010,医学技术类,10501010,2025,康复治疗学是促进病、伤、残者身心及社会功能康复的现代新兴治疗学科；本专业培养具有扎实的康复医学基础理论和较强的康复治疗技术，具有中西医结合特色优势，具有较强的人际交流能力和良好的职业道德的康复治疗师，以及能够在康复医学工程研究机构、公司从事研发工作的应用型专门技术人才。要求掌握基础医学和临床医学的基本理论、基本知识；掌握康复医学的基本理论和基本知识；掌握中医康复治疗方法（推拿按摩及手法治疗、针灸、中医养生保健技术），并能运用这些方法对伤病员及残疾人进行康复治疗；掌握一定的社区康复知识和方法及康复宣传教育能力，能组织开展社区康复活动；掌握康复治疗常用的功能评定技术；掌握运动疗法、物理因子疗法、作业疗法、言语治疗等康复治疗的基本技能；具有一定的基本科研工作能力，有参与现代医学科学技术竞争的基本素质和发展潜能。,https://gaokao.chsi.com.cn/zyk/zybk/detail/73385096
73385132,101006,口腔医学技术,本科（普通教育）,1050,医学,105010,医学技术类,10501010,2025,本专业以口腔医学技术行业岗位需求为标准，培养具有基础医学和临床医学的基本理论、基本知识，具备口腔修复体设计、制造、性能测试等方面的能力及一定的科研能力，掌握基础医学、材料学、艺术美学、制造学、管理学、口腔修复工艺学基本知识和技能，了解技术专业的理论前沿和发展动态，具有终身学习能力、批判性思维能力、创新能力，能在口腔医疗卫生领域从事口腔修复体的研究与开发、生产、质量控制和管理工作的高级应用型口腔医学技术专门人才。,https://gaokao.chsi.com.cn/zyk/zybk/detail/73385132
73385056,101007,卫生检验与检疫,本科（普通教育）,1050,医学,105010,医学技术类,10501010,2025,本专业培养具有卫生检验与检疫专业基础理论、基本知识，同时具备一定预防医学相关知识，熟练掌握岗位操作技能，应用所学知识从事食品卫生检验、环境卫生检验、劳动卫生检验、疾病监控以及环境监测等方面工作的高素质卫生检验与检疫人才。要求掌握卫生检验与检疫理论与技能；医用基础化学、基础医学和预防医学的基本理论知识和实验技能；临床疾病诊断的基本知识；临床医学检验的基本理论知识和实验操作技能；数量统计和计算机应用的基本知识和技能；掌握各种常用医学检验分析仪器的构造和操作技术；掌握医学文献检索、资料调查的基本方法，具有临床医学检验科研工作的初步能力。,https://gaokao.chsi.com.cn/zyk/zybk/detail/73385056
73385108,101008,听力与言语康复学,本科（普通教育）,1050,医学,105010,医学技术类,10501010,2025,本专业基于国家对听力与言语康复专业人才的需求，培养掌握广博的社会科学和自然科学知识，具有扎实的医学科学基础知识，承担促进群体健康的责任，掌握听力与言语康复专业相关基本技能，具备较高的教学科研能力和团队合作能力，具有优良的中英文沟通能力、信息管理和应用能力、自主学习和创新能力，能够适应医学科学的社会需求和听力与言语康复行业的人才。,https://gaokao.chsi.com.cn/zyk/zybk/detail/73385108
ibwqf4uj305t93s1,101009,康复物理治疗,本科（普通教育）,1050,医学,105010,医学技术类,10501010,2025,本专业培养具有较扎实的自然科学知识、生物医学基本理论和康复治疗学基础理论，具有良好的职业道德和较强的人际交流能力，具有创新精神，融康复、医疗、预防、保健于一体的应用型物理治疗技术专业人才。,https://gaokao.chsi.com.cn/zyk/zybk/detail/ibwqf4uj305t93s1
f89mqofv3ddcq5ho,101010,康复作业治疗,本科（普通教育）,1050,医学,105010,医学技术类,10501010,2025,本专业培养初步掌握基础医学和临床医学的基本知识，系统掌握康复作业治疗专业的基础理论、基本知识、基本技能和基本方法，具有较强的康复作业治疗临床思维能力和分析解决问题的能力，具备一定的科研思维和科研技能以及创新精神的高素质康复作业治疗师。,https://gaokao.chsi.com.cn/zyk/zybk/detail/f89mqofv3ddcq5ho
46m44bnrowrcgoqu,101016,健康与医疗保障,本科（普通教育）,1050,医学,105010,医学技术类,10501010,2025,本专业通过加强中医药特色的人文及通识教育，培养具备良好道德素养、职业素养和深厚的中国优秀文化底蕴，掌握健康服务、医疗保险、社会保障基本知识，熟悉健康治理的基本理论以及健康保障相关法律法规，具备应用医疗保险管理技术和健康保障决策支持能力，能够在医疗保险部门、社会保障机构或医疗卫生单位从事医疗保险管理、健康保险核保与理赔、健康保障政策开发与评估等方面创新型、复合型人才。,https://gaokao.chsi.com.cn/zyk/zybk/detail/46m44bnrowrcgoqu
eqggvyi6gobxq0gu,101017,老年医学与健康,本科（普通教育）,1050,医学,105010,医学技术类,10501010,2025,本专业培养适应中国特色社会主义健康中国战略需求，具备现代养老服务以及管理理念，具有临床医学、药学、心理学和材料学的基本理论、基本知识和基本技能，具有医学管理思维、老年疾病康养、健康管理知识能力，能在国家规定的医疗机构、养老机构及综合社区从事老年人群健康管理，老年康养政策制定及开展融预防、医疗保健、康复、健康教育为一体的医疗卫生服务工作的应用型管理学人才。,https://gaokao.chsi.com.cn/zyk/zybk/detail/eqggvyi6gobxq0gu
z4cpl92cy7unycho,101018,核医学工程,本科（普通教育）,1050,医学,105010,医学技术类,10501010,,,https://gaokao.chsi.com.cn/zyk/zybk/detail/z4cpl92cy7unycho
73385172,101101,护理学,本科（普通教育）,1050,医学,105010,护理学类,10501011,2025,护理学专业本科教育的培养目标是培养适应我国社会主义现代化建设和卫生保健事业发展需要，德、智、体、美全面发展，比较系统地掌握护理学的基础理论、基本知识和基本技能，具有基本的临床护理工作能力，初步的教学能力、管理能力、科研能力及创新能力，能在各类医疗卫生、保健机构从事护理和预防保健工作的专业人才。,https://gaokao.chsi.com.cn/zyk/zybk/detail/73385172
4ibx9d0treij97jn,101102,助产学,本科（普通教育）,1050,医学,105010,护理学类,10501011,2025,助产学专业是一门研究女性妊娠、分娩和产褥全过程，传播正确助产服务理念和传授助产实践技能的学科，是产科学重要的组成部分。助产学以正常妊娠及分娩的管理为核心，提倡自然分娩，以最恰当的干预争取最好的母婴结局，同时强调高危妊娠的动态观察、早期识别及处理。毕业后大多数学生成为助产士，为孕妇提供整个孕期、产时和产后必要的支持、护理和咨询，主要包括在其职责范围内进行助产接生和新生儿照护。,https://gaokao.chsi.com.cn/zyk/zybk/detail/4ibx9d0treij97jn
73385236,120101,管理科学,本科（普通教育）,1050,管理学,105012,管理科学与工程类,10501201,2025,本专业培养学生掌握经济学、管理学的基本理论和基础知识；具有扎实的现代管理科学理论功底，了解现代管理科学前沿，掌握管理科学方法、模型和工具；具有定性和定量相结合研究和解决管理问题的能力；掌握常用的计算软件和计算工具，能熟练使用电子计算机从事管理工作；具备针对财经领域管理工作中的实际问题进行分析与决策的能力；成为理论基础扎实、应用能力强大的高素质复合型人才。,https://gaokao.chsi.com.cn/zyk/zybk/detail/73385236
73385240,120102,信息管理与信息系统,本科（普通教育）,1050,管理学,105012,管理科学与工程类,10501201,2025,本专业旨在培养熟悉互联网、移动互联网、大数据等领域最新动态和发展趋势，掌握相关领域信息系统需求分析、架构设计方法和信息系统实现技术，能够服务于互联网、移动互联网和大数据等领域的既懂信息技术又懂运营管理的复合型人才；学生系统学习数据管理与数据库、决策分析、信息系统分析与设计、IT服务管理、信息系统安全与管理、信息管理学、人工智能与数据挖掘、信息系统项目管理、信息化与信息技术应用等课程。,https://gaokao.chsi.com.cn/zyk/zybk/detail/73385240
73385248,120103,工程管理,本科（普通教育）,1050,管理学,105012,管理科学与工程类,10501201,2025,本专业是工程技术与管理科学相结合的复合型专业，主要培养具备管理学、经济学和工程技术知识，掌握现代项目管理科学的理论、方法与手段，能在国内外项目管理领域从事项目决策和全过程项目管理的复合型高级管理人才。毕业生可在金融、证券及保险企业、制造类企业、物流企业、中介及服务业企业、IT类高科技企业、房地产企业、建筑业企业及投资业主单位从事项目管理工作。,https://gaokao.chsi.com.cn/zyk/zybk/detail/73385248
73385256,120104,房地产开发与管理,本科（普通教育）,1050,管理学,105012,管理科学与工程类,10501201,2025,本专业旨在培养能够在政府机关等行政事业单位、银行等各类金融机构、房地产开发经营和房地产咨询、估价、物业管理等各类企业中胜任与土地和房地产行政管理、住房保障、房地产金融、房地产投资、房地产资产经营管理、房地产价格评估等相关工作的高素质复合型人才；学生要掌握经济学、管理学、法学，以及建筑规划、工程技术的基础知识，了解国内外房地产行业的发展动态，掌握房地产企业经营管理、开发项目管理、金融学和投资学的基本理论与方法，熟悉房地产开发流程、房地产经营实务、房地产估价理论和方法、房地产金融理论和实务、房地产投资与风险管理、房地产法律和政策，具有进行房地产开发、经营管理、估价、房地产投融资决策分析及运作的能力。,https://gaokao.chsi.com.cn/zyk/zybk/detail/73385256
73385252,120105,工程造价,本科（普通教育）,1050,管理学,105012,管理科学与工程类,10501201,2025,本专业培养具备管理、技术、经济、法律等基本理论知识，系统掌握固定资产投资、融资管理、工程经济管理及工程造价管理等方面的理论基础和基本技能，能在各类建筑施工企业、造价咨询单位、监理公司与设计院、建设单位、金融机构以及各级政府投资管理部门、高等院校、科研机构等部门从事投资与工程造价管理、咨询与服务、工程保险、房地产估价等工作的高级应用型专门人才；要求学生掌握管理学、经济学以及土木工程技术的基本理论知识；了解世界先进的工程造价管理经验和主要发达国家和地区的工程造价管理方法，以及世界工程投资与管理的发展状况及趋势；具有工程造价的确定与控制、工程担保与保险的管理能力；能熟练运用计算机技术处理各种工程造价文件及信息；具备从事工程投资与管理实践的基本技能；熟练地掌握一门外语。,https://gaokao.chsi.com.cn/zyk/zybk/detail/73385252
433435796,120106,保密管理,本科（普通教育）,1050,管理学,105012,管理科学与工程类,10501201,2025,本专业培养坚实掌握经济管理知识、保密法学知识以及信息安全与秘密防护及管理的专业知识，具备综合运用保密管理理论及相关技术创造性地执行保密管理工作，特别是涉密信息系统建设及运维管理的能力；培养具备较强的创新思维能力、技术应用能力和团队协作能力，能够综合运用保密管理专业的理论和工具解决实际问题，保护国家秘密、商业秘密，兼顾其他类型信息安全管理的保密管理专业人才。,https://gaokao.chsi.com.cn/zyk/zybk/detail/433435796
t3yn9ba4xulp0vhw,120107,邮政管理,本科（普通教育）,1050,管理学,105012,管理科学与工程类,10501201,2025,本专业以管理科学、电子科学、信息科学和计算机科学为基础，重点面向邮政系统优化、邮政运营管理、邮政金融和邮政政策法规等领域，掌握前沿的管理理念，具有系统优化思想，能够做到收寄个性化、分拣自动化、投递智能化、运输协同化，且具有邮政金融数字化、政策法规合理化、服务普遍化素养和科研创新能力的邮政快递高级管理应用型人才。,https://gaokao.chsi.com.cn/zyk/zybk/detail/t3yn9ba4xulp0vhw
igstrg7hjguzgj7z,120108,大数据管理与应用,本科（普通教育）,1050,管理学,105012,管理科学与工程类,10501201,2025,本专业是一个前沿性、学科交叉性强的专业，涉及数据科学、管理学等多个学科门类，与统计学、计算机科学、管理科学与工程、信息管理与信息系统等学科专业联系紧密，旨在培养掌握扎实系统数据科学理论基础，熟悉采集、存储、处理与分析、传输与应用等现代数据管理技术与方法，善于利用海量数据进行定性与定量结合的系统分析，并能在各行业为政府机构和企事业单位实现数据分析与智能化决策的管理与应用人才。,https://gaokao.chsi.com.cn/zyk/zybk/detail/igstrg7hjguzgj7z
b75wm8gw513778lz,120109,工程审计,本科（普通教育）,1050,管理学,105012,管理科学与工程类,10501201,2025,工程审计专业是融合了审计学、管理学、经济学、信息科学和工程技术等多学科知识的新型交叉专业。本专业适应工程行业智能化和审计行业精细化、数字化的发展趋势，培养灵活运用各种审计方法、技术进行工程全过程审计（工程决策审计、合同与招投标审计、工程施工审计和工程绩效审计）的“工程+审计+计算机”应用型工程技术管理人才。,https://gaokao.chsi.com.cn/zyk/zybk/detail/b75wm8gw513778lz
zyzd0v3uo8dgh5v4,120110,计算金融,本科（普通教育）,1050,管理学,105012,管理科学与工程类,10501201,2025,本专业是数学、计算机科学技术与金融学相结合的新兴交叉学科专业，以计算方法和仿真模拟技术为主，整合计算数学、金融学、管理学等知识，形成新型培养体系，旨在培养具有社会责任感、创新精神、国际视野的计算金融领域的复合型卓越人才。要求学生具有较强的计算数学基础、金融学基础、计算机应用基础，掌握扎实的计算金融专业知识，具备解决由大数据、区块链、云计算、人工智能等新兴前沿技术驱动的金融科技以及金融实践中的大型计算问题的能力。,https://gaokao.chsi.com.cn/zyk/zybk/detail/zyzd0v3uo8dgh5v4
edz3bpp8wjb6ydjo,120111,应急管理,本科（普通教育）,1050,管理学,105012,管理科学与工程类,10501201,2025,应急管理专业是多学科、跨学科融合专业，旨在培养德智体美劳全面发展，系统掌握管理科学、应急管理、安全科学的理论知识和技能，具备发现并解决城市安全与应急治理、生产安全与应急管理、社会组织应急管理、企事业单位生产安全等实务问题的能力，能够进行应急政策分析、应急预案编写、应急绩效评估、应急组织规划、应急决策、应急处置与响应、事故调查与评估的复合型、应用型人才。应用领域涉及社会文化、公共管理、消防、土木、矿业、交通、运输、航空、机电、食品、生物、农业、林业、能源等行业乃至人类生活的各个领域。,https://gaokao.chsi.com.cn/zyk/zybk/detail/edz3bpp8wjb6ydjo
73385276,120201,工商管理,本科（普通教育）,1050,管理学,105012,工商管理类,10501202,2025,本专业培养具备管理、经济、法律及企业管理方面的知识和能力，能在企、事业单位及政府部门从事管理以及教学、科研方面工作的工商管理学科高级专门人才；要求掌握管理学、经济学的基本原理和现代企业管理的基本理论、基本知识；掌握企业管理的定性、定量分析方法； 具有较强的语言与文字表达、人际沟通以及分析和解决企业管理工作问题的基本能力； 熟悉我国企业管理的有关方针、政策和法规以及国际企业管理的惯例与规则； 了解本学科的理论前沿和发展动态；掌握文献检索、资料查询的基本方法，具有初步的科学研究和实际工作能力。,https://gaokao.chsi.com.cn/zyk/zybk/detail/73385276
73385280,120202,市场营销,本科（普通教育）,1050,管理学,105012,工商管理类,10501202,2025,本专业培养具备管理、经济、法律等方面的知识和能力，掌握营销和管理学的基本理论，统计分析、预测决策等知识与方法，具有较强的语言与文字表达、人际沟通，熟悉我国有关市场营销的方针和政策、熟悉国际市场营销惯例，分析和解决营销管理各种问题，熟练掌握一门以上外语，掌握文献检索、资料查询基本方法，了解本学科的理论前沿和发展动态，具有较强实际工作能力，能在各类企、事业单位从事市场营销策划和营销管理工作应用型专门人才。,https://gaokao.chsi.com.cn/zyk/zybk/detail/73385280
73385284,120203,会计学,本科（普通教育）,1050,管理学,105012,工商管理类,10501202,2025,本专业培养适应社会主义市场经济要求，培养德智体美全面发展，具有经济学、管理学的基础理论，具备财务管理、会计、审计、资产管理等方面专业知识和基本技能，能够在综合经济管理部门、各类企事业单位及会计师事务所、资产评估事务所等中介机构从事管理、咨询等工作的高级专门人才；学生要求系统地掌握会计学的基本理论、知识和技能，能熟练地运用计算机处理财务、会计、审计等方面的业务，较熟练地掌握一门外语。深入理解中国和国际会计准则，精通现代会计业务，掌握国际通行的会计核算与公司理财技能，能够独立从事财务管理、会计核算、审计等方面的工作。,https://gaokao.chsi.com.cn/zyk/zybk/detail/73385284
73385288,120204,财务管理,本科（普通教育）,1050,管理学,105012,工商管理类,10501202,2025,本专业培养具备管理学、经济学、法律和理财、金融等方面的基础知识和能力，具有扎实的财务管理知识和技能，适应政府经济管理部门、企事业单位、金融与证券机构以及会计事务所、资产评估事务所等中介机构的相关业务工作，能在工商、金融企业、事业单位和政府部门从事财务、金融管理以及在大专院校、科研单位从事教学、科研方面工作的工商管理学科高素质复合型专门人才。学生要求掌握管理学科、经济学科的基本理论与基础知识；熟悉国家有关财务管理法律法规和方针、政策；较深入了解市场经济运行机制，具备综合分析、解决财务管理实际问题的能力和初步的科研能力；熟练掌握一门外语，具有较强的外语阅读能力和相当的外语听、说、写、译能力，能利用外语获取专业信息；通过国家计算机二级水平考试，能熟练运用计算机从事业务工作。,https://gaokao.chsi.com.cn/zyk/zybk/detail/73385288
73385316,120205,国际商务,本科（普通教育）,1050,管理学,105012,工商管理类,10501202,2025,本专业培养具有国际视野，掌握当代国际商务理论和国际商务专业技能，熟练应用英语和现代信息技术，通晓国际商务环境和规则，尤其熟悉跨国企业经营管理和战略，可以在国内企业、跨国公司、金融机构、咨询机构和政府部门等从事国际贸易、国际投融资、跨国企业经营管理、国际商务营销、国际商务谈判等实际业务以及策划、咨询和管理工作的国际化、复合型和创新性人才。学生要求掌握扎实的经济学和管理学基础理论和方法；系统掌握国际商务理论和专业技能；熟悉国际商务惯例和相关法律法规；了解国际经济、国际贸易与投资的发展状况与趋势；具有较强的科研能力、市场调研和市场预测能力；具备较高的英语应用能力和跨文化交流能力，具有突出的适应英语工作环境的综合能力。,https://gaokao.chsi.com.cn/zyk/zybk/detail/73385316
73385292,120206,人力资源管理,本科（普通教育）,1050,管理学,105012,工商管理类,10501202,2025,本专业培养具有较为深厚的心理学、经济学、管理学等学科基础知识与分析方法，熟练掌握人力资源管理的各种理论和技术，能独立从事人力资源管理不同功能模块方案设计、操作和实施的应用型专门人才。学生将学习人力资源管理、管理学、经济学和心理学等方面的基础理论和基础知识，获得人力资源管理方法与技巧的基本训练，具备分析和解决人力资源管理问题的基本能力。,https://gaokao.chsi.com.cn/zyk/zybk/detail/73385292
73385304,120207,审计学,本科（普通教育）,1050,管理学,105012,工商管理类,10501202,2025,本专业培养具备经济学、管理学、会计学和审计学的基础知识，掌握现代审计理论、方法和手段，掌握外语和计算机工具，具有较强的创新意识和继续发展潜力，能在国内外经济管理领域从事财务审计、绩效审计、固定资产投资审计、信息系统审计工作的复合型应用人才。学生要求必须掌握理论知识和业务技能，了解本学科的理论前沿和发展动态，具有一定的科学研究能力；掌握文献检索、经济管理信息搜集、资料查询等专业性信息处理方法；熟悉常用的经营管理、会计审计等专业软件，能熟练运用计算机处理会计审计业务；具备英语的听、说、读、写、译能力，英语水平达到国家大学英语等级考试四级要求，或学校学位英语要求；具有良好的审计文化底蕴和诚信品格，有较强的沟通协调能力及团队意识。,https://gaokao.chsi.com.cn/zyk/zybk/detail/73385304
73385332,120208,资产评估,本科（普通教育）,1050,管理学,105012,工商管理类,10501202,2025,本专业旨在培养具备扎实的经济学、管理学基础理论知识，以及资产评估理论知识，具有能够出色完成各类资产价值分析和评估的专业能力，并具有国际化视野的创新型、应用型、复合型专门人才；学生应系统掌握经济学、管理学基础理论与基本知识，全面掌握企业资产、无形资产、金融资产、房地产等各类资产的价值评估理论和方法，熟悉国内外与资产评估业务有关的方针、政策和法律法规，熟练掌握一至两门外语，具有较强的外语阅读能力及相当的外语听、说、写、译能力，能利用外语获取专业信息，能熟练使用计算机从事实际业务工作和研究工作。,https://gaokao.chsi.com.cn/zyk/zybk/detail/73385332
73385320,120209,物业管理,本科（普通教育）,1050,管理学,105012,工商管理类,10501202,2025,本专业培养具备管理学、经济学、法学以及与物业管理直接相关的自然与人文学科的基本理论；熟悉物业管理的有关理论、方针、政策与法规，能综合运用国内外物业管理的理论和方法，对物业管理系统进行规划、设计、完善，具备解决物业管理具体问题的基本能力；能够在各级房地产管理部门、物业管理公司、政府及企事业单位从事物业管理、项目管理、招投标及合同管理、环境设计等工作的高级复合型管理人才。,https://gaokao.chsi.com.cn/zyk/zybk/detail/73385320
73385388,120210,文化产业管理,本科（普通教育）,1050,管理学,105012,工商管理类,10501202,2025,本专业方向面向文化产业领域、影视制作公司、电视台和相关媒体机构，培养具有良好的影视艺术创作基础、较强的经营管理能力的影视剧及电视栏目制片人，培养从事影视制片、媒体管理、策划、组织、协调、项目运作、受众研究等方面工作的复合型高级专门人才；学生应学习和掌握文化学、经济学、管理学等相关基本知识、理论和专业技能；具有文化产业投融资、文化企业经营管理、创意策划等多方面的基础理论与业务技能，熟知国际文化产业管理的理念与运营模式，具备有效介入我国文化产业并与国际接轨、参与国际文化产业竞争的基本素养；具有扎实的文化功底，掌握文化规律，具有某一方面较突出的文化技能；熟练掌握本专业外语，具有外语交际能力；能熟练使用计算机从事业务工作。,https://gaokao.chsi.com.cn/zyk/zybk/detail/73385388
73385404,120211,劳动关系,本科（普通教育）,1050,管理学,105012,工商管理类,10501202,2025,本专业培养学生掌握国内外劳动经济学和劳动关系的理论与方法，熟悉我国劳动关系政策、劳动法及劳动争议处理实务、社会保险理论及政策的变化与发展，具有调查、研究和解决各类型组织现实劳动关系、劳动争议处理及相关劳动问题的实际能力。培养协调劳动关系的实务人才（企业管理等），处理劳动行政事务的行政人才（劳工政策制定、劳动关系管理和仲裁等），研究劳动关系并进行国际交流的理论人才（教学、研究、国际国内非政府组织等）。,https://gaokao.chsi.com.cn/zyk/zybk/detail/73385404
433435917,120212,体育经济与管理,本科（普通教育）,1050,管理学,105012,工商管理类,10501202,2025,本专业致力于将学生培养成为了解经济规律和管理理论，熟悉国际体育发展趋势和管理模式，掌握体育经济、管理专业知识和实践技能，适应我国及地方经济社会和体育事业、体育产业发展需要的创新型体育经济管理人才。能在各级体育行政主管部门、体育产业政策研究单位、体育企业事业单位、国际国内各类体育组织从事规划、管理和其他业务工作的综合性、复合型人才。,https://gaokao.chsi.com.cn/zyk/zybk/detail/433435917
73383431,120213,财务会计教育,本科（普通教育）,1050,管理学,105012,工商管理类,10501202,2025,专业培养掌握现代理财理论和方法，具备经济、管理和法律等方面的相关知识和能力，能在中等和高等职业教育领域进行专业教学的专业化、技能化、双证书一体化职教师资和应用型高级专门人才。学生要求学习宏微观经济学、会计、税收、审计、筹资、投资等基本理论与专业知识，接受与会计、审计、税收、筹资、投资等相关的专业教学与基本能力训练，拥有必要的财务会计专业基础理论，掌握财务会计实务操作方法，掌握信息收集与处理的技术方法，具备必要的理论分析与业务创新能力，熟练掌握一门外语，熟练掌握计算机应用技术，获得与专业内容相关的职业资格证书。,https://gaokao.chsi.com.cn/zyk/zybk/detail/73383431
73383439,120214,市场营销教育,本科（普通教育）,1050,管理学,105012,工商管理类,10501202,2025,本专业培养具备管理、经济、法律、市场营销、教育学等方面的知识和能力，能在企、事业单位及政府部门从事市场营销与管理、科研和在中、高等职业学校从事教育教学等方面工作的高级人才；学生主要学习市场营销、工商管理及教育学方面的基本理论和基本知识、受到营销方法与技巧方面以及职业教育教学法的基本训练，具有分析、解决营销问题和从事职业教育工作的基本能力。,https://gaokao.chsi.com.cn/zyk/zybk/detail/73383439
i39jlngfv1j38cml,120215,零售业管理,本科（普通教育）,1050,管理学,105012,工商管理类,10501202,2025,本专业按照智慧零售、智慧营销飞速发展对经营管理人才的新要求，培养掌握系统的智慧零售、智慧营销管理知识，具备智慧营销行业运营与分析策划能力，综合素质高，具有很强实践能力、创新意识、创业精神、社会责任感和广阔的国际视野，能胜任企业事业单位的智慧营销经营管理、运营管理和商业数据分析、商业策划等中高级管理工作的高素质应用型人才。,https://gaokao.chsi.com.cn/zyk/zybk/detail/i39jlngfv1j38cml
g7lu68ocvyhc7m49,120216,创业管理,本科（普通教育）,1050,管理学,105012,工商管理类,10501202,2025,创业管理专业是管理学科领域适应新时代发展需要而迅速成长起来的一个交叉学科专业。本专业在国家“双创”背景下，顺应区域经济社会发展和各行业对创业型人才的需要，致力于培养具备创新创业精神的职业经理人、初创企业与中小微企业创新创业开拓骨干、优秀的民营企业接班人、具有创新意识和创业动力的自主创业者、成熟企业的内部创业者等。让学生掌握终生受益的管理学原理性知识，具备复合型知识结构与处理复杂问题的能力，具有创新精神和国际化视野、全球化创业思维，使学生成为适应新时代行业需求的创新型、复合型、应用型中高端创业管理人才。,https://gaokao.chsi.com.cn/zyk/zybk/detail/g7lu68ocvyhc7m49
6uv6i8in4bzmreic,120217,海关稽查,本科（普通教育）,1050,管理学,105012,工商管理类,10501202,2025,本专业培养适应新时代中国特色社会主义发展需要，具有正确的政治意识和坚定的爱国情怀，系统掌握海关稽查的基本理论和方法，熟悉国内外海关稽查技术与法规，熟练掌握海关稽查专业技能，了解海关稽查的国际动态和国内新海关发展的前沿知识，具备较强的海关稽查风险分析与防控能力，毕业后能在海关等国家机关和国内外审计中介机构等从事海关稽查工作，通晓海关稽查业务的应用型、复合型、涉外型的高素质专门人才。,https://gaokao.chsi.com.cn/zyk/zybk/detail/6uv6i8in4bzmreic
5ptjx2gbamqt97th,120218,内部审计,本科（普通教育）,1050,管理学,105012,工商管理类,10501202,2025,本专业培养具有扎实的数理与计算机基础、系统的审计学理论、丰富的专业实践、优异的跨文化沟通能力、全球化视野和社会责任感的未来内部审计精英，注重培养学生的创新能力、创造能力和在日益复杂的全球文化环境下的专业实践能力，力求把学生培养成为具有较高国际视野以及具备较强解决所在方向、领域的重大前沿技术和基础理论问题能力的复合型、实用型高端人才。,https://gaokao.chsi.com.cn/zyk/zybk/detail/5ptjx2gbamqt97th
4ogluo917tpohms0,120219,商业人工智能,本科（普通教育）,1050,管理学,105012,工商管理类,10501202,,,https://gaokao.chsi.com.cn/zyk/zybk/detail/4ogluo917tpohms0
73385432,120301,农林经济管理,本科（普通教育）,1050,管理学,105012,农业经济管理类,10501203,2025,本专业学生主要学习经济科学和管理科学的基本理论和相关的农（林）业科学基本知识，学会调查、策划、技术经济分析、计算机应用的基本训练，掌握企业经营管理、市场营销、政策研究等方面的基本能力；掌握管理科学和经济科学的基本理论、基本知识，具有相关的农业科学知识和较宽广的人文、社会科学知识；掌握企业经营管理、技术经济分析、经济核算、社会调查等基本方法；具有独立获取知识、计算机应用和信息处理、较好的语言和文字表达、组织协调、分析和解决实际问题等方面的基本能力；熟悉国家有关方针、政策和法规；了解农业经济科学的理论前沿和农业企业经营管理的发展动态；掌握文献检索、资料查询的基本方法，具有一定的科学研究和实际工作能力。,https://gaokao.chsi.com.cn/zyk/zybk/detail/73385432
73385436,120302,农村区域发展,本科（普通教育）,1050,管理学,105012,农业经济管理类,10501203,2025,本专业培养农村区域发展设计与规划，现代农业管理和现代农业技术结合的高级复合型人才；要求学生系统掌握农村区域发展及相关学科的理论和知识，熟悉我国关于农村发展的有关方针、政策、法律法规和制度，掌握运用经济学与现代管理学的基本理论与方法分析与解决农村区域发展中实际问题的基本技能。具备参与产业与市场分析、区域经济规划、开发管理等有关的宏观决策与微观管理的农村区域发展规划、设计、经济管理、教学和科研的能力。,https://gaokao.chsi.com.cn/zyk/zybk/detail/73385436
nmhojg55xbw2z47p,120303,乡村治理,本科（普通教育）,1050,管理学,105012,农业经济管理类,10501203,2025,本专业致力于培养掌握扎实的科学文化基础和党建理论、法律常识、乡村治理等知识，具备深厚的“三农”服务意识和强烈的公共责任感，能够扎根乡村、通晓治理规则、善用数字工具、引领产业创新的复合型基层治理人才，为构建现代化乡村治理体系提供智力支持与人才保障。,https://gaokao.chsi.com.cn/zyk/zybk/detail/nmhojg55xbw2z47p
73385360,120401,公共事业管理,本科（普通教育）,1050,管理学,105012,公共管理类,10501204,2025,本专业培养掌握现代化管理理论、技术与方法等基本知识和能力，有一定的自然科学基础和工程科学技术知识背景，具有较强理论联系实际能力，能在文教、体育、卫生、环保、社会保险等公共事业管理机构和其它社会中介组织从事管理工作的应用型高级专业人才；要求学生具有扎实的经济学和管理学基础，熟练运用各种经济分析工具，熟悉环境经济与管理活动规律和我国环境政策及有关法规，具备独立进行环境经济调查研究、分析解决实际问题、参与环境经济管理宏观决策的能力。,https://gaokao.chsi.com.cn/zyk/zybk/detail/73385360
73385356,120402,行政管理,本科（普通教育）,1050,管理学,105012,公共管理类,10501204,2025,"本专业立足公共管理学科,培养具有行政学、管理学、经济学、法学、传播学等方面的基本理论及相应专业知识,具有一定的理论研究素养和实际工作能力,能在党和国家机关、企事业单位、社会团体和媒体管理部门从事政策咨询和分析、组织人事管理、机关管理和文秘等行政管理工作的专门人才。学生主要学习行政学、政治学、管理学、法学等方面的基本理论和基本知识，受到行政学理论研究、公共政策分析、社会调查与统计、外语、公文写作和办公自动化等方面的基本训练，具备行政管理的基本能力及科研的初步能力。",https://gaokao.chsi.com.cn/zyk/zybk/detail/73385356
73385364,120403,劳动与社会保障,本科（普通教育）,1050,管理学,105012,公共管理类,10501204,2025,本专业培养具有扎实的管理学、经济学、劳动与社会保障学基础理论与专业知识，能够在政府财政、民政、人力资源和社会保障部门和企事业单位胜任劳动社会保障管理、员工福利规划及相关基金管理与运用等工作，以及学校、科研单位教学与研究工作的高素质复合型专门人才；学生应能够掌握管理学、劳动与社会保障学、社会保障精算、企业风险管理基础理论与基本知识，熟悉我国劳动和社会保障领域的法律和政策，掌握社会保障基金的管理与运用流程，熟悉劳动和社会保障业务运作。争取达到英语六级水平，熟练利用英语获取专业信息，可以利用计算机、数据库和相关网络工具从事实际业务和研究工作。,https://gaokao.chsi.com.cn/zyk/zybk/detail/73385364
73385368,120404,土地资源管理,本科（普通教育）,1050,管理学,105012,公共管理类,10501204,2025,本专业培养具备现代管理学、经济学及资源学的基本理论，掌握土地管理及房地产开发经营方面的基础知识，具有测量、制图、计算机等基本技能，能在国土、城建、农业、房地产以及相关领域从事土地调查、土地利用规划、土地整治、地籍管理、不动产估价、土地管理政策法规研究与实施以及房地产开发、经营、管理等工作的高级专门人才；学生主要学习土地管理方面的基本理论和基本知识，接受土地调查、土地评价、土地规划、土地整治、测量、计算机、地籍管理、不动产估价的基本训练，突出特点是把学生培养成既具有现代管理理论又具有土地科学与管理领域专业技术才能的专门人才。该专业学生具有突出的土地资源管理和房地产开发经营方面的技术专长，同时具备遥感和GIS技术等现代专业技术特长。,https://gaokao.chsi.com.cn/zyk/zybk/detail/73385368
73385380,120405,城市管理,本科（普通教育）,1050,管理学,105012,公共管理类,10501204,2025,本专业培养学生掌握管理学、经济学、城乡规划学的基本理论和基础知识，熟悉城市行政体制与治理结构、城市发展战略、城市与区域规划、城市财政、土地与住房管理、城市社区管理、城市品牌管理、城市危机管理等专业领域知识，掌握城市规划、地理信息系统（GIS）、计量分析等现代城市管理技术和手段，具有较强的专业信息获取和应用能力。通过国家计算机二级考试，具备较高的通识英语与专业英语听、说、读、写能力。,https://gaokao.chsi.com.cn/zyk/zybk/detail/73385380
213764508,120406,海关管理,本科（普通教育）,1050,管理学,105012,公共管理类,10501204,2025,本专业培养具有广泛的科学文化知识和良好的科学精神和人文素质；了解公共管理理论的前沿和发展动态；熟悉海关管理相关领域的方针、政策和法规；系统掌握海关管理的基础知识、基本理论和基本技能；富有创新精神、视野开阔，能适应现代化、智能型海关发展要求的复合型、高素质专业人才。学生主要学习管理学、经济学和法学的基本理论和基础知识，接受海关业务知识和管理方法的基本训练，具有分析和解决现代海关业务和管理问题的基本能力；能够熟练掌握英语，具有较强的语言表达能力和计算机综合应用能力。,https://gaokao.chsi.com.cn/zyk/zybk/detail/213764508
73385400,120407,交通管理,本科（普通教育）,1050,管理学,105012,公共管理类,10501204,,,https://gaokao.chsi.com.cn/zyk/zybk/detail/73385400
73384652,120408,海事管理,本科（普通教育）,1050,管理学,105012,公共管理类,10501204,2025,本专业培养具备海洋及内河船舶驾驶、船舶运输管理等方面的知识和技能，能在海洋及内河运输企事业单位从事船舶驾驶、营运管理、港口引航、海事管理及高等学校、科研院所从事教学和科学工作，符合国际海员培训、发证和值班标准公约（STCW78/95）和我国船员适任标准要求并取得高级船员适任证书的高级航海技术及管理人才。,https://gaokao.chsi.com.cn/zyk/zybk/detail/73384652
73385372,120409,公共关系学,本科（普通教育）,1050,管理学,105012,公共管理类,10501204,2025,本专业培养具有系统的公共关系理论知识、扎实的实践操作能力与较强的创新能力；拥有广泛的人文和社会学知识；较好的掌握传播学、新闻学、管理学和广告学、营销学等相关学科基本知识和技能的高级公共关系专业人才，以满足社会组织对公关人才的需求。学生要求掌握系统的经营管理知识、熟悉现代传播沟通理论和方法，理解现代媒体尤其是新媒体的传播规律，具备调研、策划和创意能力，掌握各种宣传技巧和沟通艺术。,https://gaokao.chsi.com.cn/zyk/zybk/detail/73385372
wiphocsal9i390s2,120410,健康服务与管理,本科（普通教育）,1050,管理学,105012,公共管理类,10501204,2025,本专业是立足于我国健康战略，服务于大健康产业与健康服务业，以培养系统了解医药科学、健康管理科学等知识体系，掌握健康产品、健康服务和健康政策等技能方法，能够直接从事健康管理、健康教育、健康咨询、健康政策研究等一系列健康管理活动的人才为目标的交叉应用型专业。,https://gaokao.chsi.com.cn/zyk/zybk/detail/wiphocsal9i390s2
qletb9k9lzs9vxnj,120411,海警后勤管理,本科（普通教育）,1050,管理学,105012,公共管理类,10501204,,,https://gaokao.chsi.com.cn/zyk/zybk/detail/qletb9k9lzs9vxnj
vj27dip6w6sug90p,120412,医疗产品管理,本科（普通教育）,1050,管理学,105012,公共管理类,10501204,2025,本专业培养系统掌握“医疗产品技术、医疗产品管理、大数据管理应用”的基本理论、基本知识和基本技能，具备一定的管理学、医学、法学、大数据科学、智慧监管知识，通晓医疗产品研发、临床试验、管理与注册、生产经营、质量控制与监督等全生命周期的管理流程，具有国际视野、创新精神、创业精神，良好的专业素质、人文素质、职业道德素质和自主获取知识与应用知识的能力的创新型、应用型公共管理与服务人才。,https://gaokao.chsi.com.cn/zyk/zybk/detail/vj27dip6w6sug90p
3pqng7ciwdbfag1v,120413,医疗保险,本科（普通教育）,1050,管理学,105012,公共管理类,10501204,2025,本专业培养具有医学、经济学、管理学、保险学等基础知识，理解公共管理和公共政策的基本原则，掌握现代管理技术与方法，系统掌握医疗保险、健康保险、医院管理学、健康经济学的理论知识，熟悉并运用保险医学、病案管理、核保理赔、药物经济与卫生技术评估等专业技能，从事医疗保险政策理论研究、基本医疗保险管理、健康保险核保理赔、医院医保管理工作的“知医学、懂保险、会管理”应用型复合型经济管理人才。,https://gaokao.chsi.com.cn/zyk/zybk/detail/3pqng7ciwdbfag1v
qxbg85dalsi59qd5,120414,养老服务管理,本科（普通教育）,1050,管理学,105012,公共管理类,10501204,2025,本专业为适应我国养老服务事业发展需求，培养拥有管理学、医学、社会学等学科知识储备，熟练掌握养老机构经营管理、老年健康管理、老年照护等专业技能，融通中国传统文化习俗和现代爱老、敬老人文素养的应用复合型人才，使毕业生具备在养老服务相关企事业单位和社会组织，特别是在医养结合养老机构，从事养老政策研究、行业规划、机构运营、服务资源调度、项目设计与品控等管理工作的能力。,https://gaokao.chsi.com.cn/zyk/zybk/detail/qxbg85dalsi59qd5
hj2ryc204uroqaam,120415,海关检验检疫安全,本科（普通教育）,1050,管理学,105012,公共管理类,10501204,2025,本专业培养系统掌握海关检验检疫安全的基本理论和方法，熟悉国内外主要的海关检验检疫技术标准与法规，有针对性的掌握检验检疫专业技能，了解海关检验检疫的国际规则和新海关发展的前沿知识，具备较强的海关检验检疫、安全风险防控能力以及应对口岸突发公共卫生事件的应急管理能力，具有较强的信息技术素养和国际视野，能够在海关等政府部门及其他各类组织中从事检验检疫安全管理相关工作的应用型、复合型、涉外型的高素质海关专业人才。,https://gaokao.chsi.com.cn/zyk/zybk/detail/hj2ryc204uroqaam
cl643qqju4ydwpim,120416,海外安全管理,本科（普通教育）,1050,管理学,105012,公共管理类,10501204,2025,本专业培养适应国家新一轮高水平对外开放、“一带一路”建设安全保障和中国企业“走出去”战略需要，符合国家海外利益保护要求，具有法治意识和国际视野，具备运用法治思维和专业知识解决实际问题的能力，具备开展跨文化沟通、海外安全风险管理、突发事件应急处置和海外安防体系构建的能力，能够在我国驻外机构、海外中资企业、海外安保公司、非政府组织以及相关单位从事安全管理工作的高素质应用型专业人才。,https://gaokao.chsi.com.cn/zyk/zybk/detail/cl643qqju4ydwpim
fng7hrv8kwpt054a,120417,自然资源登记与管理,本科（普通教育）,1050,管理学,105012,公共管理类,10501204,2025,本专业围绕国家安全战略和自然资源治理体系，培养具备资源、环境、管理、信息等方面的基础知识，掌握不动产和自然资源的产权界定、地籍调查、产权登记、多维地籍信息化等方面的基本理论与技术方法，具有“法律-行政-经济-技术-产业”五位一体知识体系，能够在土地、资产、矿产、林草、房地产、市政、交通、农业农村、水利、海洋等行业部门执业的高级专门人才。,https://gaokao.chsi.com.cn/zyk/zybk/detail/fng7hrv8kwpt054a
2mws99cijsu5xmhx,120418,慈善管理,本科（普通教育）,1050,管理学,105012,公共管理类,10501204,2025,本专业以公益慈善行业对专业人才的需求为导向，培养具有强烈的社会责任感、先进的公益慈善理念、系统的公益慈善管理知识和扎实的岗位实操技能，能够在公益慈善组织、事业单位、企业社会责任部门、相关政府部门等单位从事项目管理、资金筹集、公关传播和行政管理等工作的应用型、复合型专门人才。,https://gaokao.chsi.com.cn/zyk/zybk/detail/2mws99cijsu5xmhx
q6yyfuxfdgsh4zlj,120419,航空安防管理,本科（普通教育）,1050,管理学,105012,公共管理类,10501204,2025,本专业培养面向国家安全战略、民航强国建设需要，掌握空防安全管理理论与方法，熟悉航空安全安保法规与标准，以有效预防和制止人为的危害空防安全行为为核心，能够运用民航空防关键领域专业知识在危机场景下预判空防安全态势，具备应急处置实战技能、国际化视野和创新能力，在民航空防安全行政监察管理航空安保运行管理、空防安全事件应急处置等领域以及其他行业领域从事空防安全工作的高素质复合型管理人才。,https://gaokao.chsi.com.cn/zyk/zybk/detail/q6yyfuxfdgsh4zlj
2dzx27p50707dxvi,120420,无障碍管理,本科（普通教育）,1050,管理学,105012,公共管理类,10501204,2025,本专业培养适应我国无障碍事业发展需要，系统掌握无障碍管理基本理论、方法和技术，熟悉国内外无障碍政策法规、技术标准，具有国际视野、无障碍理念以及公共精神和博爱情怀，能在无障碍环境建设相关政府部门、企事业单位、社会组织从事无障碍业务相关的规划、设计、实施、运维、认证评价以及培训宣传等工作的高素质、复合型、应用型专门管理人才。,https://gaokao.chsi.com.cn/zyk/zybk/detail/2dzx27p50707dxvi
j4xl1ynd5vyawt07,120421,人才发展与管理,本科（普通教育）,1050,管理学,105012,公共管理类,10501204,2025,本专业旨在立足新时代人才强国战略，通过校政行企合作，采取教师课堂授课、校外知名实践专家进入校园授课、科研项目式教学、实验室教学、外出研学、跨校联合培养、校内与校外双导师制、党政机构和企事业单位实习锻炼、订单式培养等多种教育教学方式，培养具备良好政治素质、现代科技+人才发展与管理等人文社科知识和技能、较强科学研究能力、一定的实践工作技能、视野国际化、身体素质良好的全面发展的应用型（复合型）高级专门人才。,https://gaokao.chsi.com.cn/zyk/zybk/detail/j4xl1ynd5vyawt07
fc7mcjcb1n84zgd0,120422,数字公共治理,本科（普通教育）,1050,管理学,105012,公共管理类,10501204,,,https://gaokao.chsi.com.cn/zyk/zybk/detail/fc7mcjcb1n84zgd0
73385448,120501,图书馆学,本科（普通教育）,1050,管理学,105012,图书情报与档案管理类,10501205,2025,本专业是研究知识信息的收集、组织、管理与利用的专门学科，解决社会信息化、网络化与数字化进程中信息资源的开发、利用与服务等一系列问题，培养具备熟悉图书馆学基础理论与方法，掌握现代信息技术与管理科学知识，熟练应用信息采集、描述、组织、检索、分析、评价、咨询和开发利用的相关专业技能，能够适应经济和社会发展的厚基础、宽口径、高素质、强能力的复合型人才。,https://gaokao.chsi.com.cn/zyk/zybk/detail/73385448
73385452,120502,档案学,本科（普通教育）,1050,管理学,105012,图书情报与档案管理类,10501205,2025,档案学专业以电子档案管理为主要方向，培养具有系统的档案学基本理论与基础知识，接受过现代信息技术、管理学等方面的基本培训，具备现代信息管理，尤其是电子档案管理与服务的基本理论与技能，能在各级各类档案机构、国家机关、企事业单位和新型经济实体的档案部门以及信息部门从事档案信息管理、服务与研究的应用型、复合型高级专业人才。,https://gaokao.chsi.com.cn/zyk/zybk/detail/73385452
73385456,120503,信息资源管理,本科（普通教育）,1050,管理学,105012,图书情报与档案管理类,10501205,2025,本专业培养具有系统的信息资源管理理论知识，掌握现代管理知识、信息技术和信息资源管理专业技能，能够在政府机构、公共部门、企事业单位、高等院校等各类机构以及信息资源开发和咨询服务等专门机构中从事信息资源管理即信息收集、信息分析、信息利用和信息服务等复合型、应用型专门人才。要求学生熟练掌握各类信息资源管理流程，具有熟练运用信息技术采集、组织、加工和开发利用信息资源等核心技能。,https://gaokao.chsi.com.cn/zyk/zybk/detail/73385456
a2d7ligqmcmxv0ky,120504,数据资源与数据智能,本科（普通教育）,1050,管理学,105012,图书情报与档案管理类,10501205,,,https://gaokao.chsi.com.cn/zyk/zybk/detail/a2d7ligqmcmxv0ky
73385312,120601,物流管理,本科（普通教育）,1050,管理学,105012,物流管理与工程类,10501206,2025,本专业培养具有物流企业经营与管理、物流系统规划与设计及相关学科基础理论和专业知识技能、具有扎实的运筹学、管理学、经济学、物流学及国际运输法规的基础理论知识，并能熟练地运用外语和现代化管理技术及方法处理物流管理业务的高级应用人才；学生要求熟悉国内外运输法规、公约和惯例，了解我国对外经济贸易的方针、政策和法规，掌握物流服务企业经营管理的基本知识、技术和方法；具有一定的经营管理组织能力和公关能力，并有初步的科研能力；具有较强的英语听、说、读、写、译的能力。了解物流管理发展的现状及趋势。,https://gaokao.chsi.com.cn/zyk/zybk/detail/73385312
73384648,120602,物流工程,本科（普通教育）,1050,管理学,105012,物流管理与工程类,10501206,2025,物流工程专业培养以移动互联网、物联网为背景，以物流信息技术为特色，富有创新精神、竞争意识和实践能力，跨工学和管理学两大学科的物流技术人才。本专业培养的人才能够熟练运用现代物流工程理论、系统规划设计方法和计算机技术，具有很强的物流系统自动化技术知识、物流信息技术知识以及物联网在物流领域的应用能力，具备从事物流系统设计、制造、运行、决策、管理、运营的工作能力以及物流工程领域教学和科研等能力。,https://gaokao.chsi.com.cn/zyk/zybk/detail/73384648
213764504,120603,采购管理,本科（普通教育）,1050,管理学,105012,物流管理与工程类,10501206,,,https://gaokao.chsi.com.cn/zyk/zybk/detail/213764504
7014vxs2p3o4t8op,120604,供应链管理,本科（普通教育）,1050,管理学,105012,物流管理与工程类,10501206,2025,本专业面向国家战略需求和地方经济发展需要，培养掌握供应链管理相关的经济、管理、法律等知识，具备供应链系统思维和数智思维能力，供应链系统分析与管理能力，能在企事业单位从事供应链运营管理、供应链网络设计与规划、供应链数据分析、供应链风险控制等工作的应用型、复合型、创新性人才。,https://gaokao.chsi.com.cn/zyk/zybk/detail/7014vxs2p3o4t8op
73385244,120701,工业工程,本科（普通教育）,1050,管理学,105012,工业工程类,10501207,2025,工业工程从系统的角度，对由人、物料、设备、信息和能源等要素构成的集成系统进行设计、规划、预测、评价；研究生产过程中各种因素对生产率、产品质量和成本的影响；探索提高运作效率、降低运作成本、保证质量的现代管理方法；从而达到提高企业素质、经济效益和企业竞争力的目的。本专业培养既懂工程技术又掌握管理科学知识的高素质人才，培养的学生具有扎实深厚的数理基础理论，良好的外语和计算机能力以及宽广的工程、企业管理、人文社科等方面的基本知识和技能，具有对复杂生产系统、服务系统进行分析、规划、设计、管理和运作的能力。,https://gaokao.chsi.com.cn/zyk/zybk/detail/73385244
213764500,120702,标准化工程,本科（普通教育）,1050,管理学,105012,工业工程类,10501207,2025,"本专业致力于培养适应国家现代化建设需要、德智体全面发展,具备标准化工程和系统管理等方面的知识和应用能力,能够从事有关标准化工程项目的设计开发、组织实施全过程管理的食品（工科类）、材料（工科类）和服务（文科类）等标准化方向复合型高级专门人才。毕业生能在各级各类企事业单位及政府部门、群众团体等从事有关标准制修订、标准化管理及咨询服务、标准化项目研发和系统建设等方面的工作。",https://gaokao.chsi.com.cn/zyk/zybk/detail/213764500
73385260,120703,质量管理工程,本科（普通教育）,1050,管理学,105012,工业工程类,10501207,2025,"本专业围绕产品质量、工程质量、服务质量领域所急需的应用型质量管理工程人才应具备的知识体系与能力体系的要求，以先进的质量管理理念的形成、质量安全关键技术的突破和质量科学理论的实践为中心,培养具有扎实的管理学、经济学基础理论，掌握现代质量管理工程领域的技术和方法，能对产品质量、工程质量和服务质量领域内的技术经济问题进行计测分析、评价、优化与创新，充分发挥标准的社会学和经济学效应，保护消费者权益，促进社会经济的和谐高效发展的质量管理高级专门人才。",https://gaokao.chsi.com.cn/zyk/zybk/detail/73385260
73385308,120801,电子商务,本科（普通教育）,1050,管理学,105012,电子商务类,10501208,2025,本专业旨在培养具有互联网思维，掌握和善于运用信息技术的商务、管理人才，为政府、金融机构、企业及其他机构输送从事电子商务与电子政务系统建设与管理、金融行业信息化服务与咨询决策、互联网企业财务数据分析等工作的专业人才；学生应具有扎实的经济与管理理论基础，掌握信息科学技术与手段，具备使用现代信息技术开展商务活动和从事电子商务系统建设与管理的能力；具有良好的沟通能力、团队协作能力和正确的价值观；具有较强的利用网络平台和信息手段从事调研、分析、解决实际问题的能力和一定的科研能力；熟练掌握一门外语，具有较强的阅读能力和良好的听、说、写、译能力，能利用外语获取专业信息。,https://gaokao.chsi.com.cn/zyk/zybk/detail/73385308
73385336,120802,电子商务及法律,本科（普通教育）,1050,管理学,105012,电子商务类,10501208,2025,电子商务及法律专业是面向信息行业、宽口径的交叉学科专业，本专业根据现代信息社会需求，培养既具有扎实的经济与管理理论基础，又具备现代信息科学技术的方法与手段，能在较宽泛的领域从事电子商务运作与管理、开展商务活动的高素质复合型人才。学生系统地学习数理基础课程、英语、电路系列课程、计算机系列课程、电子商务法、企业管理理论、产品开发、物流与供应链管理、隐私与数据保护法、信息安全的技术与法律等。,https://gaokao.chsi.com.cn/zyk/zybk/detail/73385336
164248583,120803,跨境电子商务,本科（普通教育）,1050,管理学,105012,电子商务类,10501208,2025,本专业立足我国社会经济发展现阶段跨境电子商务人才短缺的需要，面向跨境贸易企业及跨境电商平台，培养具有国际视野、创新意识和管理能力，熟练掌握跨境电子商务领域所需的管理学、经济学、电子商务等基础理论和基本技能，具有较高的外语应用能力，了解数字贸易发展现状，熟悉大数据环境下跨境电子商务运营的规则和惯例，能够从事跨境电子商务分析、策划、管理与运营，以及跨境电子商务创新创业的复合型、应用型中、高级管理人才。,https://gaokao.chsi.com.cn/zyk/zybk/detail/164248583
73385296,120901,旅游管理,本科（普通教育）,1050,管理学,105012,旅游管理类,10501209,2025,本专业培养符合市场经济与国内、国际旅游发展需要的具有经济、管理、行政及相关学科知识和能力，掌握旅游管理理论知识和方法，具有旅游开发实际问题能力，能在各级旅游行政部门和企事业单位从事饭店管理、旅行社管理、旅游管理学科研究的高级专业人才；学生主要学习旅游管理方面的基本理论、基本知识，突出旅游资源开发与规划旅游管理等学科体系的掌握，受到旅游经营管理、旅游资源规划开发等方面的基本训练，具有较好的科学素养及资源开发、规划管理的基本技能。,https://gaokao.chsi.com.cn/zyk/zybk/detail/73385296
73385344,120902,酒店管理,本科（普通教育）,1050,管理学,105012,旅游管理类,10501209,2025,本专业学生主要学习现代酒店经营与管理的基本理论和基础知识，接受酒店经营管理岗位的基本技能训练和国际化酒店服务与管理职业素养培训，具备现代高星级酒店业经营管理理念，具有专业管理理论知识和熟练服务与管理的能力，能从事经营管理和接待服务的中高级管理工作；学生就业领域广泛，可以在涉外旅游企业、外资企业从事国际经营管理、会展策划与管理、酒店财务管理、酒店营销管理、酒店房务与餐饮管理、酒店人事与培训管理等工作，也可在政府管理部门和经贸管理部门从事行政管理工作。,https://gaokao.chsi.com.cn/zyk/zybk/detail/73385344
73385392,120903,会展经济与管理,本科（普通教育）,1050,管理学,105012,旅游管理类,10501209,2025,本专业培养掌握经济、管理、法律等基础理论和会展管理专业理论，熟练掌握外语和计算机等工具，能在政府相关职能部门、行业协会、研究机构从事会展政策、法规、管理等相关研究、管理工作，在各类会展企业从事展览、会议、节庆、演出、比赛及相关大型活动策划和产品管理、营销、服务等工作， 从事企业、产品形象及经营理念策划、展示、推广的高素质应用型会展经济与管理专业人才；毕业生具有扎实的会展基础知识和较高的会展业务水平，较强的外语水平，能在会展公司、会展中心、各类展览场馆、博览会、广告公司、旅行社、旅游公司、酒店、外贸公司、媒体传播机构、庆典公司、经贸行政管理部门等相关企事业单位从事会展策划与管理工作。,https://gaokao.chsi.com.cn/zyk/zybk/detail/73385392
73383419,120904,旅游管理与服务教育,本科（普通教育）,1050,管理学,105012,旅游管理类,10501209,2025,本专业为旅游职业学校培养旅游管理专业教师，并为旅游行业培养应用型高级专门人才。通过本专业学习，使掌握旅游管理的基础理论、基本知识；掌握科学的学习与思维方法，具有运用旅游管理理论分析和解决问题的基本能力；熟悉我国关于旅游业发展的方针、政策和法规；了解国内外旅游业和现代服务业的发展趋势；掌握文献检索、资料查询的基本方法，具有一定的科学研究和实际工作能力，具有一定的创新思维能力；掌握创业的基本原理和方法，具有较强的创新意识和能力；具有较高的外语水平，拥有较好的国际交流能力；掌握教育学基本理论和旅游教学法，具备优秀的表达能力，能应用可视化等现代教学手段开展旅游教学工作。毕业后可从事旅游的教学、科研、管理工作。,https://gaokao.chsi.com.cn/zyk/zybk/detail/73383419
b5s1apscu8614l26,120905,国际邮轮管理,本科（普通教育）,1050,管理学,105012,旅游管理类,10501209,2025,本专业主要培养适应国际邮轮业发展需要的、具备邮轮管理专业知识，掌握国际航运、海洋和水域休闲游憩领域综合服务与管理能力，具有国际视野的，能从事邮轮旅游及相关产业经营和管理的高级专业人才。,https://gaokao.chsi.com.cn/zyk/zybk/detail/b5s1apscu8614l26
oxb0j3aov7232g1i,120906,数字文旅,本科（普通教育）,1050,管理学,105012,旅游管理类,10501209,,,https://gaokao.chsi.com.cn/zyk/zybk/detail/oxb0j3aov7232g1i
164247109,130101,艺术史论,本科（普通教育）,1050,艺术学,105013,艺术学理论类,10501301,2025,艺术史论专业针对不断发展壮大的艺术文化产业的社会需求，兼顾艺术史论的教育与专业实践能力的培养，重视人才培养与市场需求的对接，培养具有艺术史专业知识、艺术学理论基础、艺术人文素养以及当代艺术视野和文化创新能力的复合型专业人才。本专业主要教授艺术史论、艺术批评与鉴赏等方面的基本理论、基础知识以及与之相关的文史哲知识，培养学生史与论相结合、理论与实践相结合的专业能力。,https://gaokao.chsi.com.cn/zyk/zybk/detail/164247109
5yev2y92u4ou72yf,130102,艺术管理,本科（普通教育）,1050,艺术学,105013,艺术学理论类,10501301,2025,艺术管理是艺术、人文管理与经济、法律、信息科学等多学科交叉的新兴专业。本专业面向各级各类艺术机构、公共文化机构以及相关企业、政府管理部门、事业单位等，培养系统掌握艺术管理所需文化艺术素养、专门知识技能和行业创新思维，具有影视、数字媒体艺术、公共艺术相关艺术项目策划运作、机构管理运营、市场营销推广的复合型、应用型人才，全面对接新时期我国文化艺术事业和产业高质量发展对艺术管理人才的需求。,https://gaokao.chsi.com.cn/zyk/zybk/detail/5yev2y92u4ou72yf
y0flahzbtf4sd87m,130103,非物质文化遗产保护,本科（普通教育）,1050,艺术学,105013,艺术学理论类,10501301,2025,本专业学生主要学习国家及国际关于非物质文化遗产保护的基本理论和基本知识，在文化遗产和自然遗产与非物质文化遗产系统性保护的基础上，接受非物质文化遗产保护规划与设计、艺术基础、项目策划、技术保护等方面的基本训练，掌握非物质文化遗产保护理论和设计、策划、展览、宣传等技术的应用能力。,https://gaokao.chsi.com.cn/zyk/zybk/detail/y0flahzbtf4sd87m
73383635,130201,音乐表演,本科（普通教育）,1050,艺术学,105013,音乐与舞蹈学类,10501302,2025,音乐表演专业设有钢琴、声乐、管弦乐等多个方向，培养既具良好的人文素质及审美品位又具高超演奏技巧的音乐表演艺术家、乐队演奏演员及音乐艺术教育工作者。,https://gaokao.chsi.com.cn/zyk/zybk/detail/73383635
73383627,130202,音乐学,本科（普通教育）,1050,艺术学,105013,音乐与舞蹈学类,10501302,2025,本专业的学生主要学习音乐学的基本理论，中国音乐史、外国音乐史以及其他适应音乐工作所具备的音乐技术理论，具有一定的音乐实践、研究、评论能力。具有从事各种与音乐有关的文字工作能力，音响编辑能力；了解党和国家的文艺方针、政策和法规；了解本专业及相关学科的发展动态；掌握文献检查、资料查询的基本方法，具有一定的科学研究和实际工作能力。,https://gaokao.chsi.com.cn/zyk/zybk/detail/73383627
73383631,130203,作曲与作曲技术理论,本科（普通教育）,1050,艺术学,105013,音乐与舞蹈学类,10501302,2025,本专业培养具有一定的音乐素养，并具备较全面的音乐创作知识、能力和专业化水平，能在有关文艺单位、艺术院校、科研机构以及出版、广播影视部门从事作曲与作曲技术理论的创作、教学、研究、编辑等方面工作的高级专门人才；学生主要学习作曲技术与作曲技术理论方面的基本理论和基础知识，掌握音乐创作、教学、研究的作曲技巧；侧重学习作曲者，应全面掌握并熟练地运用各种曲式和体裁的作曲技巧；侧重学习作曲技术理论者，应深入系统地掌握和声、复调、曲式、配器的专业知识和技能；侧重学习视唱练耳，应深入系统地掌握音乐院校视唱练耳教师所具备的专业知识和技能；侧重学习戏曲音乐作曲者，应系统地掌握戏曲音乐艺术的基础知识、戏曲作曲的基本技能和创作规律，具备从事戏曲作曲创作的专业水平和能力；侧重学习电子、电子计算机音乐者，应系统地掌握电子技术的有关知识，能较熟练地通过电子计算机进行音乐分析、研究和创作。,https://gaokao.chsi.com.cn/zyk/zybk/detail/73383631
433435864,130204,舞蹈表演,本科（普通教育）,1050,艺术学,105013,音乐与舞蹈学类,10501302,2025,本专业培养具备扎实的舞蹈学、体育学专业基础理论、基本知识和基本技能，具有较高的体育舞蹈、流行舞蹈、民族舞蹈、健美操、艺术体操等表演能力、创编能力和教学能力，符合舞蹈表演发展需求的专门人才；毕业生可在各类专业表演团体、企事业文化机构、各级各类学校、舞蹈培训机构、健身俱乐部、社区文化机构、社团组织（协会）、影视传媒等单位从事表演、教学、管理、科研等工作。,https://gaokao.chsi.com.cn/zyk/zybk/detail/433435864
73383659,130205,舞蹈学,本科（普通教育）,1050,艺术学,105013,音乐与舞蹈学类,10501302,2025,舞蹈学专业旨在培养具有较高文化修养、熟悉舞蹈艺术发展基本规律、掌握中外舞蹈专业基本技能的专门人才；要求学生系统地掌握舞蹈历史文化知识和舞蹈基本理论，了解相关学科的知识，有较强的审美感觉和创造性思维，有从事该专业教学和初步的科研能力；掌握分析和研究舞蹈作品的方法，具有较强的理论写作能力。,https://gaokao.chsi.com.cn/zyk/zybk/detail/73383659
73383663,130206,舞蹈编导,本科（普通教育）,1050,艺术学,105013,音乐与舞蹈学类,10501302,,,https://gaokao.chsi.com.cn/zyk/zybk/detail/73383663
1fiqakrk05nk6ig0,130207,舞蹈教育,本科（普通教育）,1050,艺术学,105013,音乐与舞蹈学类,10501302,2025,舞蹈教育专业是顺应智能时代艺术教育发展趋势的创新性学科，旨在培养精通中国舞的专业技能和不同教学风格，掌握舞蹈教育的基本方法和规律，具有弘扬中国舞蹈教育教学的使命感，并能够在舞蹈教育艺术领域进一步拓展和提升自身的学习、研究和实践能力，为中小学、艺术培训机构、在线教育平台及文化创意产业输送具有跨界融合能力的高素质应用创新型人才。,https://gaokao.chsi.com.cn/zyk/zybk/detail/1fiqakrk05nk6ig0
9q9hdp4xgar7wkyg,130208,航空服务艺术与管理,本科（普通教育）,1050,艺术学,105013,音乐与舞蹈学类,10501302,2025,本专业培养具有较高的思想政治素质、文化艺术素质、良好的形象气质和职业素养，掌握民航服务与管理以及相关艺术学科的基本知识，了解民航业有关的政策和法规，熟悉国内外民航服务业务流程，掌握民航客舱安全的处置要求，具备较高的外语水平、沟通协调能力和应变能力，具有良好的服务意识和艺术修养，能为民航业输送优秀的复合应用型人才。,https://gaokao.chsi.com.cn/zyk/zybk/detail/9q9hdp4xgar7wkyg
bw9v134m08chiusw,130209,流行音乐,本科（普通教育）,1050,艺术学,105013,音乐与舞蹈学类,10501302,2025,本专业以扎实的流行音乐体系与创演规律为应用型教学主导，顺应新时代国家文化产业发展战略及区域性经济文化发展、流行音乐、文娱企业发展对人才的新需求，积极推动人才培养与区域经济发展接轨，培养服务于地区流行音乐文化产业及相关业态的高素质应用创新型人才。,https://gaokao.chsi.com.cn/zyk/zybk/detail/bw9v134m08chiusw
tlp9cj6tjohp7npe,130210,音乐治疗,本科（普通教育）,1050,艺术学,105013,音乐与舞蹈学类,10501302,2025,本专业主要学习音乐治疗学各门基础理论、医学及治疗方法等专业课程，接受音乐治疗临床基本技能、方法、治疗实践基本能力训练，培养具有良好的科学素养，具备从事音乐治疗学应用研究与实践工作的基本能力，能够在综合性医院、特殊教育学校、精神卫生中心等行业和部门从事基础音乐治疗临床、音乐治疗与健康指导及特殊音乐教育工作，具有市场竞争力的德智体美劳全面发展的复合型人才。,https://gaokao.chsi.com.cn/zyk/zybk/detail/tlp9cj6tjohp7npe
76q81qninfozo19u,130211,流行舞蹈,本科（普通教育）,1050,艺术学,105013,音乐与舞蹈学类,10501302,2025,本专业培养掌握一定流行舞蹈理论基础知识，具备扎实的舞蹈基本功，有较强的流行舞蹈表演和教学能力，能够在专业文艺表演团体、文化馆站、中小学、幼儿园、培训学校等单位和机构，从事流行舞蹈表演、教学等以及相关的组织策划工作，具有一定创新意识和创新能力的应用型舞蹈艺术人才。,https://gaokao.chsi.com.cn/zyk/zybk/detail/76q81qninfozo19u
h05o5up5gd1sw9cm,130212,音乐教育,本科（普通教育）,1050,艺术学,105013,音乐与舞蹈学类,10501302,2025,本专业培养适应基础音乐教育改革发展和教师队伍高质量发展的需求，具备扎实的音乐学、音乐教育专业理论、专业技能和较高的音乐教育教学能力和美育素养，具有创新精神及自我发展能力，一专多能，能够在中小学以及相关教育机构从事教学、研究和管理的应用型音乐教育教学人才。,https://gaokao.chsi.com.cn/zyk/zybk/detail/h05o5up5gd1sw9cm
yay5olmul7a2gs8k,130213,冰雪舞蹈表演,本科（普通教育）,1050,艺术学,105013,音乐与舞蹈学类,10501302,2025,本专业立足“体艺融合”学科交叉发展趋势，以服务国家冰雪产业战略需求为导向，旨在培养系统掌握舞蹈学、体育学、艺术学理论知识，具备扎实的冰雪舞蹈表演技巧、编创能力及舞台实践经验，熟练运用冰雪运动与艺术表演跨界融合方法，能够独立完成冰雪舞蹈作品表演、教学与创作的应用型人才。,https://gaokao.chsi.com.cn/zyk/zybk/detail/yay5olmul7a2gs8k
0a5v5b2y7yp8xoxv,130214,舞蹈治疗,本科（普通教育）,1050,艺术学,105013,音乐与舞蹈学类,10501302,2025,本专业为全国各地的特教康复机构、特殊教育学校及小学教育（融合教育）、康养中心等企业或团体，培养热爱舞蹈治疗、特殊教育及康复事业，掌握系统的舞蹈基础知识和扎实的舞蹈实践功底、熟悉舞蹈治疗基础理论，熟练掌握舞蹈治疗的应用领域、尤其是运用于特殊教育领域的方法技术以及评估方法技能、熟知儿童发展心理学、教育学和特殊教育的知识、具有良好学习能力、实践能力、创新能力、并拥有健全人格、理想、信念和社会责任感的舞蹈治疗高素质应用型专门人才。,https://gaokao.chsi.com.cn/zyk/zybk/detail/0a5v5b2y7yp8xoxv
ixsc5dx8ojfxw7dk,130215,音乐科技,本科（普通教育）,1050,艺术学,105013,音乐与舞蹈学类,10501302,2025,本专业培养掌握音乐学及音乐科技领域的基本理论和基本知识，适应新质生产力引领下的科技创新和产业变革，具有强烈社会责任感、精品意识、跨界融合意识，具备解决音乐科技在新思路、新途径、新项目设计与运用的能力，能够从事人工智能作曲、交互媒体音乐设计、音乐编程应用以及数字乐器建模与应用、智能乐器设计与研发等专业领域的复合型人才。,https://gaokao.chsi.com.cn/zyk/zybk/detail/ixsc5dx8ojfxw7dk
zs79xl7yl0uekiz0,130216,乐器智造,本科（普通教育）,1050,艺术学,105013,音乐与舞蹈学类,10501302,,,https://gaokao.chsi.com.cn/zyk/zybk/detail/zs79xl7yl0uekiz0
73383671,130301,表演,本科（普通教育）,1050,艺术学,105013,戏剧与影视学类,10501303,2025,表演专业培养具有一定的马克思主义基本理论素养，并具备和掌握表演艺术的基本理论和基本技巧，能够在戏剧、戏曲、电影、电视和舞蹈等表演中独立完成不同人物形象创作的高级专门人才；该专业学生主要学习戏剧、戏曲、影视、舞蹈、音乐等方面表演艺术基本知识、基本理论和基本技能，受到有关理论、发展历史、研究现状等系统教育和从事专业工作所需业务能力的基本训练。,https://gaokao.chsi.com.cn/zyk/zybk/detail/73383671
73383667,130302,戏剧学,本科（普通教育）,1050,艺术学,105013,戏剧与影视学类,10501303,2025,戏剧学专业培养有较强的艺术感受能力和坚实的戏剧艺术史论基础，能从事戏剧艺术理论研究、编辑工作的专门人才。；要求学生熟悉我国的文艺方针、政策，系统地掌握戏剧、影视文学的基本理论和创作技能，了解相关学科的知识，有较好的文化艺术修养，较强的审美感觉和创造性思维；具有较系统和广博的戏剧影视理论和历史知识，掌握分析和研究戏剧影视作品的方法，有较强的理论写作能力。,https://gaokao.chsi.com.cn/zyk/zybk/detail/73383667
73383707,130303,电影学,本科（普通教育）,1050,艺术学,105013,戏剧与影视学类,10501303,2025,本专业培养在掌握电影学的基本理论和基本知识的基础上，具备影像创作的基本技能、影视艺术的审美鉴赏和理论分析能力，能够在影视传媒、文化产业、互联网公司等行业从事影视策划与制作、文案写作、影视评论等工作的优秀理论型、应用型复合影视人才。,https://gaokao.chsi.com.cn/zyk/zybk/detail/73383707
73383679,130304,戏剧影视文学,本科（普通教育）,1050,艺术学,105013,戏剧与影视学类,10501303,2025,本专业旨在通过讲授戏剧影视文学基本理论、中外电影史、电影名著解读、影视剧本写作、影视编辑制作与管理等专业课程，培养具备戏剧影视文学基本理论及剧本创作、评论、编辑的专门人才，能够在电影、电视、电台等媒体从事创作、编辑和评论工作，能够胜任高等院校、艺术院校的戏剧影视类课程教学工作，以及参与国家机关、文化事业单位的戏剧影视管理工作。,https://gaokao.chsi.com.cn/zyk/zybk/detail/73383679
73383703,130305,广播电视编导,本科（普通教育）,1050,艺术学,105013,戏剧与影视学类,10501303,2025,本专业根据广播电视事业未来发展的趋势，针对广播电视及其他媒体机构、影视节目制作公司的需要，培养具有广播电视节目策划、创作、制作等方面的专业知识，具备较高的政治水平、理论修养和艺术鉴赏等能力，能从事广播电视节目编导、电视摄像、采访、撰稿、编辑、制作等工作的广播电视艺术类的应用型专业人才。,https://gaokao.chsi.com.cn/zyk/zybk/detail/73383703
73383675,130306,戏剧影视导演,本科（普通教育）,1050,艺术学,105013,戏剧与影视学类,10501303,2025,本专业旨在挖掘具备一定素质、潜质与能力的学生，通过对其在故事建构、影像造型、声音处理、表演控制及后期制作等方面的训练，培养通晓视听语言、掌握导演工作技能，具备一定想象力、创造力、执行力，能独立从事电影、电视剧、纪录片编导工作的复合型专门优质人才。,https://gaokao.chsi.com.cn/zyk/zybk/detail/73383675
73383683,130307,戏剧影视美术设计,本科（普通教育）,1050,艺术学,105013,戏剧与影视学类,10501303,2025,本专业培养具有一定的马克思主义基本理论素养，并具备戏剧、 戏曲、影视和其他舞台演出的美术设计(含灯光设计、服装与化妆设计、布景绘制)等方面的能力，能在剧院(团)、电影厂、电视台、电视剧制作中心从事美术设计的高级专门人才；学生主要学习戏剧、戏曲、影视美术设计、戏剧史、电影史、舞台美术史、中外美术史等方面的基础理论和基本知识，受到绘画、美术设计的基本训练 ，掌握场景设计、服装道具设计、化妆造型设计等方面的基本能力。,https://gaokao.chsi.com.cn/zyk/zybk/detail/73383683
73383691,130308,录音艺术,本科（普通教育）,1050,艺术学,105013,戏剧与影视学类,10501303,2025,本专业培养的学生要求具有较高的艺术素质和修养，具备深厚的音乐功底，熟知各种录音设备，同时又掌握一定的录音理论及技巧，能在广播、电视、电影系统和文化艺术部门从事声音(音响)设计、录制的高级专门人才；学生主要学习音乐、广播、电影、电视录音等方面的基本理论和基本知识，受到声音录制、艺术处理等方面的基本训练，掌握声音(音响)设计、音频节目制作、艺术处理的基本能力。,https://gaokao.chsi.com.cn/zyk/zybk/detail/73383691
73383699,130309,播音与主持艺术,本科（普通教育）,1050,艺术学,105013,戏剧与影视学类,10501303,2025,本专业面向广播影视媒体及相关机构，培养具备中国播音学、新闻传播学、中国语言文学、哲学美学、艺术学等多学科知识与能力，从事广播电视普通话新闻播音主持及新 闻报道、专题播音主持、文艺节目主持、体育评论解说、影视配音及演播，以及播音主持教学与研究工作的复合型语言传播精英人才。,https://gaokao.chsi.com.cn/zyk/zybk/detail/73383699
73383695,130310,动画,本科（普通教育）,1050,艺术学,105013,戏剧与影视学类,10501303,2025,本专业为电影、电视、电子出版、互联网、移动媒体、游戏等数字媒体行业培养动画内容创作与创新人才；要求学生具有开阔的国际视野，良好的人文修养与艺术鉴赏力，系统掌握动画艺术理论和前沿的动画技术手段，具备较强的艺术创作实践能力，能够把握艺术创作与商业需求之间的平衡，将来可以从事动画项目策划、动画导演、动画编剧、动画设计制作、衍生产品开发等工作。,https://gaokao.chsi.com.cn/zyk/zybk/detail/73383695
433435840,130311,影视摄影与制作,本科（普通教育）,1050,艺术学,105013,戏剧与影视学类,10501303,2025,本专业培养具备一定的科学文化和艺术理论知识，具备广告、电视、电影的图片摄影、摄像能力，能在电影、电视制作部门、广告宣传部门和教育机构从事影像艺术创作、教学和研究工作的高级专门人才；学生主要学习电影学、戏剧学、设计学等方面的基础理论和基本知识，受到图片摄影、影视摄影等方面的基本训练、掌握影视摄影和图片摄影创作的基本能力。,https://gaokao.chsi.com.cn/zyk/zybk/detail/433435840
zymc11h60er2be3i,130312,影视技术,本科（普通教育）,1050,艺术学,105013,戏剧与影视学类,10501303,2025,本专业以“卓越数字影视制作工程师”为培养目标，对标数字电影生产制作全流程，以智能+数字制作技术训练为主线，使学生能最大程度对接行业需求。通过大力实施产教融合教学模式，致力于培养面向数字电影、虚拟制作、短剧制作等领域的高素质应用创新型人才。,https://gaokao.chsi.com.cn/zyk/zybk/detail/zymc11h60er2be3i
2x4t74lll3mnfxnc,130313,戏剧教育,本科（普通教育）,1050,艺术学,105013,戏剧与影视学类,10501303,2025,本专业致力于培养在非艺术类大学艺术专业或中小学从事戏剧教育工作，以及将戏剧运用于其他社会教育领域的专门人才。专业要求学生能够掌握戏剧教育的基础理论和基本技能，熟悉戏剧教育发展的历史和现状，具有一定的美育的实践和理论研究能力，具备较强的文化教育和社会活动策划和管理能力，并系统掌握学科的基本理论与专业技能，有较高的文化艺术修养，有较强的审美感觉和创造性思维。,https://gaokao.chsi.com.cn/zyk/zybk/detail/2x4t74lll3mnfxnc
9vjrjtnshljwwjvt,130314,曲艺,本科（普通教育）,1050,艺术学,105013,戏剧与影视学类,10501303,2025,本专业以适应社会主义新时代建设需要的文艺人才为背景，结合专业自身特点，培养具备新时代中国特色社会主义基本理论素养，政治理论素质与人文素质过硬，具有评书、相声、小品、快板等表演艺术的专业理论和专业技能能力，能够从事评书、相声、小品、快板等曲艺类表演、创作、教学等工作，具有非物质文化遗产保护传承推广和弘扬优秀传统文化的意识，具有创新精神和较强实践能力的应用型高级专门人才。,https://gaokao.chsi.com.cn/zyk/zybk/detail/9vjrjtnshljwwjvt
pxngwgj0aedzvbun,130315,音乐剧,本科（普通教育）,1050,艺术学,105013,戏剧与影视学类,10501303,2025,本专业培养具有综合文化艺术素质，系统掌握音乐剧表演艺术方法、创作技能和专业理论，音乐、舞蹈、台词基本功扎实，能够运用音乐剧表演创作技巧从事舞台艺术创作的高素质综合性表演人才。,https://gaokao.chsi.com.cn/zyk/zybk/detail/pxngwgj0aedzvbun
izoodtjkubcj4fqz,130316,数字戏剧,本科（普通教育）,1050,艺术学,105013,戏剧与影视学类,10501303,2025,本专业旨在培养文理兼备的懂表演、有审美、会技术、能创作的跨学科复合型人才。其教育教学聚焦戏剧表演、戏剧影视导演、智能技术、智能创作制作等关键领域，系统性培养学生理解并掌握角色创造的理论与技巧、熟练运用虚实融合的艺术形式进行创作、熟练应用智能技术平台及相关工具、善于对影像或空间数据等数字资产，通过视觉化手段进行艺术化呈现的能力，以支持戏剧艺术创新生产。,https://gaokao.chsi.com.cn/zyk/zybk/detail/izoodtjkubcj4fqz
08v7yjdgywmg6xhi,130317,数字演艺设计,本科（普通教育）,1050,艺术学,105013,戏剧与影视学类,10501303,2025,本专业紧密依托艺术学，立足于艺术与科技深度融合的前沿领域，构建具有交叉学科特色的创新型专业，聚焦生成式人工智能、多模态交互、智能仿真、虚拟现实与扩展现实等前沿技术在数字演艺领域的创新应用，着重培养了解数字演艺设计与制作全流程，兼具艺术审美、技术实践与跨学科整合能力的复合型高端艺术人才。,https://gaokao.chsi.com.cn/zyk/zybk/detail/08v7yjdgywmg6xhi
1f5b4qlnoi9vz0ws,130318,智能影像艺术,本科（普通教育）,1050,艺术学,105013,戏剧与影视学类,10501303,2025,本专业以“人工智能技术与影像艺术深度融合”为核心，整合戏剧与影视学、设计学、计算机科学与技术等多学科专业知识，是融合影视艺术、数字艺术、人工智能技术的新兴交叉专业。该专业聚焦智能影像、沉浸式媒介、多模态交互等前沿领域，致力于培养兼具艺术创意、智能技术应用及跨媒介叙事能力的复合型创新人才。,https://gaokao.chsi.com.cn/zyk/zybk/detail/1f5b4qlnoi9vz0ws
73383647,130401,美术学,本科（普通教育）,1050,艺术学,105013,美术学类,10501304,2025,该专业培养热爱美术事业、面向现代化、面向世界、面向未来的高级美术人才。培养学生具有扎实的绘画理论基础和纯熟的绘画技巧，有较强的创新思维能力，掌握基本的美术史知识，有较高的艺术素养，有较强的与人沟通和合作的能力，具有独立分析问题和解决问题的能力，熟练掌握一门外语，并能掌握计算机和现代信息技术的美术专业的专门人才。,https://gaokao.chsi.com.cn/zyk/zybk/detail/73383647
73383639,130402,绘画,本科（普通教育）,1050,艺术学,105013,美术学类,10501304,2025,本专业以培养高水平绘画专业人才为目标，要求毕业生具有高度的文化责任感和艺术使命感，较高的艺术鉴赏水平和强烈的创新意识，有较宽博的文化理论基础素养和扎实的专业技能，可以独立进行绘画创作及理论研究。毕业生就业去向主要为高校、画院、美术部门、媒体等。,https://gaokao.chsi.com.cn/zyk/zybk/detail/73383639
73383643,130403,雕塑,本科（普通教育）,1050,艺术学,105013,美术学类,10501304,2025,雕塑专业培养于造型艺术造型范围内具备基础素描以及泥塑、木、石、陶、金属等专门材料进行具象及抽象造型的能力，能在户外城市公共环境雕塑及室内架上雕塑等专业领域从事专业创作设计、放大制作，并能从事该专业教学和研究工作的高级专门人才。要求学生理解掌握立体造型的基本理论知识；掌握并运用在三维空间中进行造型设计创作的技术与基本方法；具有运用泥塑及硬质材料进行浮雕甚至动态的人物及抽象造型写生与创作设计的基本能力；了解并掌握有关国家文艺创作的方针政策及城市公共环境设计制作法规；了解国内外造型领域的理论前沿状况及发展动态；掌握专业文献检索、资料查询及文字表述的基本方法，具备初步的文本研究和写作能力。,https://gaokao.chsi.com.cn/zyk/zybk/detail/73383643
73383687,130404,摄影,本科（普通教育）,1050,艺术学,105013,美术学类,10501304,2025,本专业培养具有国际化的眼光和视野，了解商业视觉的运作规律，从事商业摄影、时装摄影、影像设计的应用型高级专门人才；了解本学科的发展趋势和前沿艺术与技术发展动态；全方位掌握人像摄影、时装摄影、广告摄影以及数字后期处理的高级技术；具备现代的摄影意识和创作风格；掌握商业摄影的市场运作规律，多角度掌握其他摄影门类的主要风格和技能；具有开拓和创新的学习和创作精神。,https://gaokao.chsi.com.cn/zyk/zybk/detail/73383687
73383715,130405,书法学,本科（普通教育）,1050,艺术学,105013,美术学类,10501304,2025,本专业培养适应社会主义建设需要，在思想道德、业务文化、身心素质等方面得到全面发展，旨在培养以书法研究、创作为主，兼具经济、管理能力的艺术品制作、经营与管理的高级专门人才。本专业重点培养学生的文史功底和书法创作、研究的基本能力，重视对学生实际能力的教学与训练。学生经过本专业的培养和基本技能训练，能在社会团体、学校、文化艺术部门、博物馆、拍卖行业及广告公司等企事业单位从事书法艺术研究、教学、创作、艺术管理以及艺术品经营与管理等方面的工作。,https://gaokao.chsi.com.cn/zyk/zybk/detail/73383715
164247441,130406,中国画,本科（普通教育）,1050,艺术学,105013,美术学类,10501304,2025,本专业培养具有系统了解中华民族传统文化精神，具备中国书画基础理论和中国书画创作实践、教学、研究等方面的能力，既能体现时代审美取向，又有积极探索相对独立的个体艺术价值的专业人才，能在艺术领域、教育、研究、出版、管理等单位和部门从事教学、创作、研究、出版、管理等方面工作的高级专业人才。要求学生能熟练地握中国画人物、山水、花鸟、书法篆刻的传统技法；了解中国画的历史传统和造型规律、艺术手法；具有较高的艺术修养、独立完成创作和教学的能力；有一定的实际工作能力和初步的科研能力。,https://gaokao.chsi.com.cn/zyk/zybk/detail/164247441
dgwu609533n6wsgb,130407,实验艺术,本科（普通教育）,1050,艺术学,105013,美术学类,10501304,2025,实验艺术专业强调思维与跨界整合能力，以美术学和艺术学理论为学科基础，以跨学科互动、多领域融合为专业特色，是一门面向未来的艺术专业，培养具有国际视野、创新思维、独立思想，系统掌握实验艺术理论与跨媒介艺术语言，具备实验艺术创作、实践和研究能力，能在当代艺术创作、文化创意产业、艺术教育领域从事创作、研究和管理工作的高素质创新型人才。,https://gaokao.chsi.com.cn/zyk/zybk/detail/dgwu609533n6wsgb
99wk7m8mtk24hr9n,130408,跨媒体艺术,本科（普通教育）,1050,艺术学,105013,美术学类,10501304,2025,本专业是以美术素养为基因，以编导策划能力为基础，以数字技术为手段，以影视创作为核心的新型媒体艺术专业，以培养兼具跨界整合能力和媒体创意能力的复合型创新人才为目标，培养能够掌握美术、影视摄制、数字呈现、数字实验艺术、数字当代艺术与相关工具应用的基础知识、基本理论和方法，具有独立思考、社会责任感、创新思维、审美判断以及科学工作方法的高素质应用型艺术人才。,https://gaokao.chsi.com.cn/zyk/zybk/detail/99wk7m8mtk24hr9n
r4kmud1zje2oqhz4,130409,文物保护与修复,本科（普通教育）,1050,艺术学,105013,美术学类,10501304,2025,本专业面向文物与博物馆事业发展需要，培养具有考古学、历史学和博物馆学基本理论和基础知识，具有一定的人文素养与艺术素养、科学思维以及先进的文化遗产保护理念，能在各类博物馆或文物考古研究机构、文物修复公司以及艺术品拍卖等企事业单位或领域，从事文物保护与修复的复合应用型人才。,https://gaokao.chsi.com.cn/zyk/zybk/detail/r4kmud1zje2oqhz4
54wcqk7ge3vlm8ym,130410,漫画,本科（普通教育）,1050,艺术学,105013,美术学类,10501304,2025,本专业旨在培养熟悉国内外动漫行业发展现状与未来趋势，熟悉现代漫画、插画创作流程，具备较高艺术修养和创作能力，熟练掌握漫画插画制作数字工具，从事漫画、插画内容创作的高端复合型人才。,https://gaokao.chsi.com.cn/zyk/zybk/detail/54wcqk7ge3vlm8ym
o6ls5ebzeqkz8ljc,130411,纤维艺术,本科（普通教育）,1050,艺术学,105013,美术学类,10501304,2025,纤维艺术专业以纤维形态的独特结构、表现语言和空间建构方式，形成一个富有人文精神特质的新的艺术门类，并呈现出多维性、跨界性、综合性及开拓性的特质。纤维艺术的教学引入软雕塑与空间艺术的概念，将艺术与人文、造型与材质、传统与当代、城市与空间的学术理念纳入教学体系，旨在培养具有深厚造型艺术基础，掌握纤维艺术表现与多样造型艺术手段，从中西方艺术精神融合的角度上进行当代艺术创作的综合性艺术人才。,https://gaokao.chsi.com.cn/zyk/zybk/detail/o6ls5ebzeqkz8ljc
3qfvu1lzpc29s6st,130412,科技艺术,本科（普通教育）,1050,艺术学,105013,美术学类,10501304,2025,科技艺术是秉持人文精神和社会关怀，积极面对科技发展所带来的崭新人类经验和社会问题，创造性地运用新的科技发展成果，丰富艺术冲击力与感染力的探索性艺术实践和研究学科。是具有广泛社会需求和巨大创新能力的艺术、科技交叉学科。科技艺术专业致力于培养具有良好的艺术素养，关注科技发展前沿，具备科技全景视野，能够通过研究与协作将科技创新与美术创作紧密结合的创新型美术人才。,https://gaokao.chsi.com.cn/zyk/zybk/detail/3qfvu1lzpc29s6st
541qokimnyrnaka5,130413,美术教育,本科（普通教育）,1050,艺术学,105013,美术学类,10501304,2025,本专业以视觉艺术理论与历史为基础，教育学理论与方法为支撑，培养具备宽阔的历史与文化视野、良好的艺术创作能力、熟练掌握美术教育知识与教学方法，能够在各级各类教育与管理机构，以及广泛的艺术与文化传播领域，胜任教育教学、教学研究、文化传播、教育创意等工作的美术教育创新实践型人才。,https://gaokao.chsi.com.cn/zyk/zybk/detail/541qokimnyrnaka5
c756pzbhs00lcvbn,130414,虚拟空间艺术,本科（普通教育）,1050,艺术学,105013,美术学类,10501304,2025,本专业顺应设计学未来视听艺术最新发展趋势，将艺术与科学紧密结合，强调多种学科知识交叉、学术探索与实践创新并重。培养系统掌握数字影像领域的基本理论和虚拟空间艺术的专业理论与专业技能。突破传统银幕影像空间叙事的逻辑和结构方式，拓展沉浸式视听艺术及智能交互技术的新维度。以跨学科的知识、技能、理论、挖掘沉浸式虚拟空间与物质现实空间、人类心理空间及社会思想空间的有机互动体系，着力于视听叙事表达的前瞻性、新美学理念的前沿性探索。培养具备自主创业能力，适应我国社会主义现代化建设需要的高层次、应用型艺术设计专门人才，以及适应国家社会经济文化发展多种需要的复合型美术人才。,https://gaokao.chsi.com.cn/zyk/zybk/detail/c756pzbhs00lcvbn
siaub7q5laxdpmnv,130415,艺术治疗,本科（普通教育）,1050,艺术学,105013,美术学类,10501304,,,https://gaokao.chsi.com.cn/zyk/zybk/detail/siaub7q5laxdpmnv
73383651,130501,艺术设计学,本科（普通教育）,1050,艺术学,105013,设计学类,10501305,2025,"本专业培养具备艺术设计学教学和研究等方面的知识和能力,能在艺术设计教育？研究？设计？出版和文博等单位从事艺术设计学教学？研究？编辑等方面工作的专门人才；学生主要学习艺术设计学方面的基本理论和基本知识,接受艺术设计理论思维能力？造型艺术基础及设计原理与方法的基本训练,具备了解艺术设计的历史？现状和进行理论研究的基本素质？",https://gaokao.chsi.com.cn/zyk/zybk/detail/73383651
421209027,130502,视觉传达设计,本科（普通教育）,1050,艺术学,105013,设计学类,10501305,2025,本专业致力于培养具有现代设计理念和创新思维，通晓视觉传达语言，熟练掌握数字设计工具与技能，能够独立从事各种平面设计和创意表现的专业性人才。毕业生能在专业设计机构、平面及网络媒体、出版行业、广告公司及企业企划部门从事各类印刷品设计、网络媒体设计、广告创意设计、企业形象设计、包装设计、书籍装帧设计、以及设计管理等工作。,https://gaokao.chsi.com.cn/zyk/zybk/detail/421209027
421209023,130503,环境设计,本科（普通教育）,1050,艺术学,105013,设计学类,10501305,2025,环境设计专业主要培养室内外环境设计的专业人才，通过系统的学习和实践环节的训练，使学生在掌握空间环境艺术创作与设计的专业理论和专业技能的基础上，具备社会实际工作的能力，能够独立承担相关的设计、教学和研究工作，并成为从事相关设计领域的管理、教学、研究等方面的应用型高级专门人才。本专业要求学生具有较好的审美素养，掌握现代设计语言；具有较强创新设计意识；具备一定的城市规划、建筑装饰、公共艺术、环境保护等方面的相关知识，并且能够独立从事环境的规划与设计。,https://gaokao.chsi.com.cn/zyk/zybk/detail/421209023
421209035,130504,产品设计,本科（普通教育）,1050,艺术学,105013,设计学类,10501305,2025,产品设计是以当代工业化和信息化为背景，综合运用科技成果结合美学、工学、心理学、经济学等知识，对产品的功能、结构、形态、色彩及包装等进行整合优化的创新设计活动；本专业要求学生系统掌握产品设计专业的基本理论、基本知识、基本方法，具有产品设计、环境设施设计、展示设计的基本能力和技能，了解本专业设计前沿，具备社会责任意识、创新意识、团队意识的职业素质，能在产品设计、展示设计、交互设计、设施设计等领域从事相关工作。,https://gaokao.chsi.com.cn/zyk/zybk/detail/421209035
421209031,130505,服装与服饰设计,本科（普通教育）,1050,艺术学,105013,设计学类,10501305,2025,本专业旨在培养具有国际视野创新服装设计人才；要求学生掌握服装设计的基本理论、基本专业知识和基本专业技能，理解设计的概念和掌握设计方法，注重设计创造能力和动手制作能力的培养，及时把握时尚潮流并能够进行流行趋势预测，具备较强的市场设计意识和市场竞争能力。,https://gaokao.chsi.com.cn/zyk/zybk/detail/421209031
164247445,130506,公共艺术,本科（普通教育）,1050,艺术学,105013,设计学类,10501305,2025,本专业以培养装饰绘画创作、环境壁画与景观设计为主要目标，兼具平面设计、动画图形设计等相关专业能力的设计及教学、研究的高级专门人才；要求学生具备良好的艺术修养和艺术造诣，掌握公共艺术设计的理论知识，了解本学科的发展趋势和前沿动态，熟悉各类工艺材料的特性及制作方法，具备壁画艺术与景观设计、装饰绘画创作以及相关的平面设计、动画图形设计等方面的综合能力。,https://gaokao.chsi.com.cn/zyk/zybk/detail/164247445
73383415,130507,工艺美术,本科（普通教育）,1050,艺术学,105013,设计学类,10501305,2025,本专业将手工艺传统理论与当代实践相结合，主要培养现代装饰艺术的高级专门人才，不仅能系统掌握工艺美术的理论知识和设计制作的基本能力，熟悉相关专业发展演进的历史、现状和发展趋势，而且能独立完成各种材料的设计任务，从事各种传统与现代工艺美术品设计制作以及相关教学与研究，达成传统与现代的完美融合。,https://gaokao.chsi.com.cn/zyk/zybk/detail/73383415
73384404,130508,数字媒体艺术,本科（普通教育）,1050,艺术学,105013,设计学类,10501305,2025,本专业培养在信息产业从事数字娱乐内容设计、信息资讯系统设计、软件界面设计、数字媒体广告与传播、科学视觉化设计等虚拟设计实践，具备科学精神以及艺术创新能力的交叉型人才；要求学生熟悉新媒体发展现状，具备基于交互平台的数字内容设计以及数字体验设计的相关知识和技能，具备电子信息、计算机科学、视音频处理、媒体网络与系统、媒体业务信息处理与媒体安全等方面的专业知识和技能， 具有较强的实践能力和创新意识，掌握信息设计的思想和方法。,https://gaokao.chsi.com.cn/zyk/zybk/detail/73384404
433435732,130509,艺术与科技,本科（普通教育）,1050,艺术学,105013,设计学类,10501305,2025,本专业培养适应我国经济发展和改革开放需要，获得室内外展示设计、室内设计、平面设计及相关知识基本训练，具备会展艺术设计的基础理论、专业知识和综合能力，能从事会展展示设计、商业展示设计、博物馆展示设计、户外景点展示设计等室内外相应的工程设计，并具备一定艺术创作、VI策划等平面设计能力，能在展示设计、室内设计、装饰工程等领域的企业、设计和科研单位，从事展示设计、室内设计、策划管理和研究工作的高等复合型人才。,https://gaokao.chsi.com.cn/zyk/zybk/detail/433435732
437286932,130510,陶瓷艺术设计,本科（普通教育）,1050,艺术学,105013,设计学类,10501305,2025,本专业培养系统掌握陶瓷材料与工艺技法，掌握陶瓷产品设计与陶瓷艺术创作理论知识，将科技与艺术、艺术与市场、技术与美学有机地运用到室内外陶瓷产品设计和现代陶艺创作中的专业人才。培养具有宽泛的艺术修养与职业素养的陶瓷艺术专业人才，理论与实际操作相结合，既要求具备创新、前瞻的设计思维意识，又要有独立或协作实现作品的动手能力。,https://gaokao.chsi.com.cn/zyk/zybk/detail/437286932
r02ek784hy9i9gnm,130511,新媒体艺术,本科（普通教育）,1050,艺术学,105013,设计学类,10501305,2025,本专业是一个跨自然科学、社会科学和人文科学的综合性学科。本专业培养具有良好的科学素养以及美术修养，具备新媒体制作专业知识与技能，能在新一代的数字艺术传播媒体领域、现代装置艺术陈列等专业设计机构、企业，传播机构以及影视行业，应用新的数字媒体创作工具从事平面设计、网络媒体制作、游戏开发、动画制作、数码视频编辑及虚拟现实等领域的应用研发、教学、研究和项目管理工作的应用型人才。,https://gaokao.chsi.com.cn/zyk/zybk/detail/r02ek784hy9i9gnm
hd2uabsi6ljazyy1,130512,包装设计,本科（普通教育）,1050,艺术学,105013,设计学类,10501305,2025,本专业立足于地方和区域经济社会发展，培养具有扎实的科学文化基础和包装设计专业知识，具有较强的包装设计实践能力、创新意识和品牌营销策划能力，能在企事业单位的包装部门、印刷部门、设计机构、商品检测及流通部门、互联网、科研机构等单位从事包装设计、印刷排版、品牌策划、视觉设计、包装生产及检测、教科研等工作的设计类高水平应用型人才。,https://gaokao.chsi.com.cn/zyk/zybk/detail/hd2uabsi6ljazyy1
yi8bhzx86celkepl,130513,珠宝首饰设计与工艺,本科（普通教育）,1050,艺术学,105013,设计学类,10501305,2025,本专业致力于培养适应国家及区域经济建设需要，掌握扎实的珠宝设计专业知识、设计思维与表达能力，专业、高效的沟通技巧和管理技能，具备较强的学习能力、研究能力和创新能力，并重点学习珠宝首饰设计相关理论知识和实践技能，了解饰品制作的选材与工艺，能够从事珠宝首饰设计、玉雕设计与工艺、珠宝营销、珠宝管理等方面的应用型人才。,https://gaokao.chsi.com.cn/zyk/zybk/detail/yi8bhzx86celkepl
m5ut85le21n582ep,130514,人居设计,本科（普通教育）,1050,艺术学,105013,设计学类,10501305,2025,本专业聚焦“未来人居”的复杂性和挑战性，凸显人才培养的综合格局和前瞻趋势，以面向未来的原创设计能力、新兴科技的设计融合能力、绿色人居的设计引领能力为重点，培养在设计行业和学科领域中具有国际视野、创新思维、丰富文化、综合能力的通才设计大师与管理英才。鼓励学生通过跨学科学习、跨领域工作和跨文化比较研究，系统性地开展多尺度、多层次人居环境的创新设计与城乡和生态治理。,https://gaokao.chsi.com.cn/zyk/zybk/detail/m5ut85le21n582ep
9j64nc0aqpxfzwqe,130515,游戏艺术设计,本科（普通教育）,1050,艺术学,105013,设计学类,10501305,2025,本专业致力于培养复合型游戏设计艺术人才，学生将具备良好的职业道德和人文素养，拥有广阔的行业视野，熟悉游戏产品开发流程，同时具备审美能力和专业素养。通过学习，学生将具备包括电子竞技在内的游戏艺术设计，及相关企业从事游戏艺术、设计、创作、制作、游戏研发、策划运营、技术、美术、解说和评论等工作的能力。同时，学生还将熟悉行业研发管线与流程，掌握前沿技术，具备竞争力和创新精神。,https://gaokao.chsi.com.cn/zyk/zybk/detail/9j64nc0aqpxfzwqe
01salw3kmoc2k9f6,140001,未来机器人,本科（普通教育）,1050,交叉学科,105014,-,10501400,2025,本专业面向国家创新驱动发展战略和服务经济社会的需求，培养具备坚定的理想信念、高尚的道德情操、扎实的知识基础、深厚的人文素养和突出的创新能力，以机械工程、控制科学与工程、仪器科学与技术等强势学科为支撑，融合信息、电子、计算机、材料、生医、医学影像等方向的新兴交叉学科专业，培养出能引领机器人技术发展，能够解决机器人领域未来原创性、交叉性和颠覆性技术问题，具有家国情怀和国际视野、能够引领机器人未来技术发展和战略科学家潜质的科技创新人才和行业领军人才。,https://gaokao.chsi.com.cn/zyk/zybk/detail/01salw3kmoc2k9f6
n6sr12h7wbhd6eip,140002,交叉工程,本科（普通教育）,1050,交叉学科,105014,-,10501400,2025,本专业培养深植人与自然生命共同体和人类命运共同体情怀，深入理解社会与自然的相互关系，掌握解决全球可持续发展面临的重大挑战所需的跨学科知识，系统思维能力强、科技创新能力突出的复合型拔尖创新人才。,https://gaokao.chsi.com.cn/zyk/zybk/detail/n6sr12h7wbhd6eip
z22zkn3wsdvx468b,140003,低空技术与工程,本科（普通教育）,1050,交叉学科,105014,-,10501400,2025,本专业以学生全面发展成才为核心，注重理论与实践相结合，特别强化低空技术与无人化、网络化、智能化系统的研发、应用能力，提升学生的创新能力、实践能力和可持续发展能力，培养以“网络强国、网信报国”为使命，厚植家国情怀、筑牢宽厚学识、强固知行智达、拓展全球视野、涵养健康身心，以支撑低空经济建设为己任，具有扎实信息与通信工程、计算机科学与技术等学科理论基础、低空通感导控等技术领域专业知识和技能的，服务国家战略和引领未来发展的拔尖创新人才。,https://gaokao.chsi.com.cn/zyk/zybk/detail/z22zkn3wsdvx468b
jfgv5z79dyhnnja8,140004,集成电路科学与工程,本科（普通教育）,1050,交叉学科,105014,-,10501400,2025,本专业紧紧围绕国家发展集成电路的重大战略需求，培养具有家国情怀和世界胸怀的集成电路领军人才。培养学生扎实掌握集成电路科学与工程所必需的数学与物理基础知识，深刻理解集成电路技术在摩尔定律发展到极限所面临的重大技术变革，充分参与集成电路产业的发展实践，熟练运用半导体器件性能分析、表征，以及数字、模拟和射频集成电路设计、仿真与验证等知识和能力，开展集成电路基础及交叉应用研究；掌握集成电路发展前沿，具有国际化视野与宽广思维，立志成为具有全球影响力的集成电路科学家。,https://gaokao.chsi.com.cn/zyk/zybk/detail/jfgv5z79dyhnnja8
oiyfd9r810qi1zt1,140005,碳中和科学与工程,本科（普通教育）,1050,交叉学科,105014,-,10501400,2025,本专业面向“碳达峰、碳中和”国家发展战略需求，立足服务以钢铁行业为代表的流程工业绿色低碳高质量发展，培养掌握系统扎实的碳中和科学与工程专业知识，兼具知识获取能力、工程实践能力、技术创新能力，能在绿色冶金、低碳材料设计与制备等流程工业，绿色能源与储能及碳经济与管理领域，从事绿色低碳科学基础研究和材料工程技术开发，以及碳足迹、碳税、碳交易等管理工作的战略科技人才。,https://gaokao.chsi.com.cn/zyk/zybk/detail/oiyfd9r810qi1zt1
x4ya3h076dkcmjbe,140006,智慧城市与空间规划,本科（普通教育）,1050,交叉学科,105014,-,10501400,2025,本专业立足于信息化与人工智能时代下的城市建设、国家空间治理体系和治理能力现代化需求，培养具备综合能力和跨学科视野，具有坚实数理基础知识与深厚人文情怀，熟练掌握地理学、城乡规划学、测绘科学与技术、公共管理等学科基础知识，具备运用空间信息技术、大数据人工智能等技术进行城市与国土空间信息的获取、处理、分析与跨领域应用的实践技能，具有地理考察、社会调查、空间规划、软件开发等综合能力，具有较强的科学探索精神、良好的团队合作意识，以及国际化视野、批判思维与创新精神的复合型拔尖人才。,https://gaokao.chsi.com.cn/zyk/zybk/detail/x4ya3h076dkcmjbe
0dwat2bi1a5zodmq,140007,智能医学工程,本科（普通教育）,1050,交叉学科,105014,-,10501400,2025,本专业旨在培养系统掌握自然科学、医学与生命科学、电子技术、计算机科学以及信息技术等基础知识，熟悉人工智能、人机交互、智能感知、大数据等智能医学相关技术领域，具备终身学习的能力、创新精神、团队合作精神和国际视野，遵循工程行为伦理准则，能够解决智慧医疗领域中复杂工程问题的能力，成为“医?工?信”复合型的智能医学工程领域的精英。,https://gaokao.chsi.com.cn/zyk/zybk/detail/0dwat2bi1a5zodmq
qkod7lxvjq3tpf06,140008,生物医药数据科学,本科（普通教育）,1050,交叉学科,105014,-,10501400,2025,本专业旨在培养面向数据密集型医学、数字医学和智能医学的“新医科”领域的人才，在筑牢数据思维和计算思维基础上，以健康大数据为抓手，在数据学理论体系下，培养具备数学/统计学、计算机/软件科学、数据学专业的基础理论、基本知识、基本技能和基本专业素养，形成稳固的医学数据学专业素养，能够熟练掌握数据“采集汇聚-整理优化-挖掘分析-转化应用”关键技术且具备行业实践能力的高级专门人才。,https://gaokao.chsi.com.cn/zyk/zybk/detail/qkod7lxvjq3tpf06
1t0sn5ahmtxm9wf0,140009,智能影像工程,本科（普通教育）,1050,交叉学科,105014,-,10501400,2025,本专业培养具备医学、医学影像工程、人工智能等领域的基本知识和技能，能够从事人工智能辅助诊断、智能成像设备开发、智能检查、智能质控和智能优化流程开发助理等岗位工作，具有家国情怀、全球视野、创新精神、实践能力及人文关怀意识的医工复合应用创新型人才。,https://gaokao.chsi.com.cn/zyk/zybk/detail/1t0sn5ahmtxm9wf0
thmnwsok2l4wzxrq,140010,医工学,本科（普通教育）,1050,交叉学科,105014,-,10501400,2025,本专业以高端医疗设备原始研发为导向，秉持“医工并重、多科融通、突出实践、个性培养”的理念，培养具有国际化视野、富有家国情怀、人文精神和社会责任心，具备深厚的数理基础和工程技术理论基础，扎实的医学基本理论、基础知识；具有良好的沟通能力与工科思维，能够与临床医生进行无障碍交流，充分理解临床需求，可进行高端装备研发的复合型创新人才。,https://gaokao.chsi.com.cn/zyk/zybk/detail/thmnwsok2l4wzxrq
eaxthj4f91tmwktb,140011,医疗器械与装备工程,本科（普通教育）,1050,交叉学科,105014,-,10501400,2025,本专业旨在培养具有医疗器械与装备工程相关的医学、工程学等学科的基本理论与知识，熟练掌握电子技术、计算机技术、医学仪器、医疗装备、人工智能等领域的基本技能，遵守医疗伦理和职业道德准则，具备良好的人文素养、科学素养、信息素养、社会责任感、创新思维和团队精神，具有医疗器械与装备领域新技术研究、新产品开发的基本能力、交流沟通能力、批判性思维能力、创新实践能力以及终身学习能力，能够胜任医疗器械与装备的制造、运行、维护、管理、质量监督、检测、生产过程控制等相关工作的复合型高素质专门人才。,https://gaokao.chsi.com.cn/zyk/zybk/detail/eaxthj4f91tmwktb
quctlj77uhe9p7me,140012,具身智能,本科（普通教育）,1050,交叉学科,105014,-,10501400,,,https://gaokao.chsi.com.cn/zyk/zybk/detail/quctlj77uhe9p7me
zugioac65u1p6pfr,140013,脑机科学与技术,本科（普通教育）,1050,交叉学科,105014,-,10501400,,,https://gaokao.chsi.com.cn/zyk/zybk/detail/zugioac65u1p6pfr
sww8ceqyyooah9yr,140014,工程互联网,本科（普通教育）,1050,交叉学科,105014,-,10501400,,,https://gaokao.chsi.com.cn/zyk/zybk/detail/sww8ceqyyooah9yr
yz4uvzdagtav1euz,140015,深地科学与工程,本科（普通教育）,1050,交叉学科,105014,-,10501400,,,https://gaokao.chsi.com.cn/zyk/zybk/detail/yz4uvzdagtav1euz
qny4zarw5pxmhqab,210101,现代种业技术,本科（职业教育）,1070,农林牧渔,107021,农业类,10702101,2025,本专业培养德智体美劳全面发展，掌握扎实的科学文化基础和植物生理、作物遗传育种、土壤肥料等知识，具备种子生产、种子经营、种子质量控制、作物育种等能力，具有工匠精神和信息素养，能够从事种子生产管理、种子质量检测、农作物新品种选育、种子营销管理、种子企业经营管理等工作的高层次技术技能人才。,https://gaokao.chsi.com.cn/zyk/zybk/detail/qny4zarw5pxmhqab
i5y5amh5ay5wwq08,210102,作物生产与品质改良,本科（职业教育）,1070,农林牧渔,107021,农业类,10702101,2025,本专业培养德智体美劳全面发展，掌握扎实的科学文化基础和土壤肥料、作物栽培、作物育种等知识，具备作物种植、作物病虫草害防治、农产品质量检测、农业企业经营管理等能力，具有工匠精神和信息素养，能够从事优质农产品生产、品质改良、农产品检测、作物育种、农业企业经营管理等工作的高层次技术技能人才。,https://gaokao.chsi.com.cn/zyk/zybk/detail/i5y5amh5ay5wwq08
1o93r05pvsg3d5d1,210103,智慧农业技术,本科（职业教育）,1070,农林牧渔,107021,农业类,10702101,2025,本专业培养掌握较为系统的基础理论知识和技术技能，具备技术研发与改造、工艺设计、技术实践能力，面向农业的农业技术指导人员、农作物生产人员、数字技术工程技术人员、无人机驾驶员等职业，能够从事农业精细生产与智能管理、智慧植保方案制定与实施、农机装备智能管理与应用、农业物联网应用、农业信息技术应用、智慧农产品安全等工作的高端技能人才。,https://gaokao.chsi.com.cn/zyk/zybk/detail/1o93r05pvsg3d5d1
j0pvdtv9qm8smmch,210104,设施园艺,本科（职业教育）,1070,农林牧渔,107021,农业类,10702101,2025,本专业培养掌握较为系统的设施园艺基础理论知识和技术技能，具备一定的技术研发与改造、工艺设计、技术实践能力，面向蔬菜、食用菌及园艺作物种植、水果种植等行业，能够从事设施蔬菜生产、设施果树生产、设施花卉生产、设施园艺种子种苗繁育、园艺设施使用与管护、园艺技术推广和园艺企业经营与管理等工作的高端技能人才。,https://gaokao.chsi.com.cn/zyk/zybk/detail/j0pvdtv9qm8smmch
48lsk14p154e9iwh,210105,现代农业经营与管理,本科（职业教育）,1070,农林牧渔,107021,农业类,10702101,2025,本专业培养德智体美劳全面发展，掌握扎实的科学文化基础和经济管理基础、农村经济、农业经济统计分析及相关法律法规等知识，具备农村经济分析、农业产业规划、农业企业经营与管理、农村财务管理等能力，具有工匠精神和信息素养，能够从事农业农村经济规划与经营、农业产业规划与经营、农业企业规划与经营、农村财务管理与控制等工作的高层次技术技能人才。,https://gaokao.chsi.com.cn/zyk/zybk/detail/48lsk14p154e9iwh
ex0iq7c91jco2mtt,210108,茶叶生产与应用技术,本科（职业教育）,1070,农林牧渔,107021,农业类,10702101,,,https://gaokao.chsi.com.cn/zyk/zybk/detail/ex0iq7c91jco2mtt
wd4bkgekbp8y10v4,210201,智慧林业技术,本科（职业教育）,1070,农林牧渔,107021,林业类,10702102,2025,本专业培养德智体美劳全面发展，掌握扎实的科学文化基础和植物学、生态学、森林调查技术、林业 3S 技术、林业信息化软硬件及林业相关法律法规等知识，具备森林培育、林草保护、生态环境因子监测、林业信息化技术应用等能力，具有工匠精神和信息素养，能够从事林木设施育苗生产、森林营造与经营、林业有害生物防治、林业资源监测与评价、森林灾害智能监测与管理、自然保护地智能监测与管理等工作的高层次技术技能人才。,https://gaokao.chsi.com.cn/zyk/zybk/detail/wd4bkgekbp8y10v4
ois0lp3ftld4zuwb,210202,园林工程,本科（职业教育）,1070,农林牧渔,107021,林业类,10702102,2025,本专业培养德智体美劳全面发展，掌握扎实的科学文化基础和生态环境、植物分类、园林文化与艺术、园林法规等知识，具备苗木栽培智能设施应用、园林工程设计、园林工程施工组织与管理、园林设施安全检测等能力，具有工匠精神和信息素养，能够从事苗圃技术管理、园林工程项目管理、公园管理等工作的高层次技术技能人才。,https://gaokao.chsi.com.cn/zyk/zybk/detail/ois0lp3ftld4zuwb
u80qck1ttepr1toq,210203,木业产品智能制造,本科（职业教育）,1070,农林牧渔,107021,林业类,10702102,2025,本专业培养德智体美劳全面发展，掌握扎实的科学文化基础和人造板生产、制材与干燥、木业产品智能制造等知识，具备木业企业智能化生产、品质控制、数字化产品开发等能力，具有工匠精神和信息素养，能够从事产品工艺设计、木业产品生产管理、智能化生产技术开发、整体定制家具设计制造等工作的高层次技术技能人才。,https://gaokao.chsi.com.cn/zyk/zybk/detail/u80qck1ttepr1toq
bk3h9m47e510fy1k,210204,林草保护工程,本科（职业教育）,1070,农林牧渔,107021,林业类,10702102,,,https://gaokao.chsi.com.cn/zyk/zybk/detail/bk3h9m47e510fy1k
p0rp80zrv75cczr1,210205,林业碳汇工程,本科（职业教育）,1070,农林牧渔,107021,林业类,10702102,,,https://gaokao.chsi.com.cn/zyk/zybk/detail/p0rp80zrv75cczr1
07lmnvq70ja00slo,210301,动物医学,本科（职业教育）,1070,农林牧渔,107021,畜牧业类,10702103,2025,本专业培养掌握较为系统的基础理论知识和技术技能，具备一定的技术研发与改造、工艺设计、技术实践能力，面向畜牧、兽医服务行业，能够从事禽病防治、猪病防治、牛羊病防治、动物及动物产品检疫、兽医卫生监督等工作的高端技能人才。,https://gaokao.chsi.com.cn/zyk/zybk/detail/07lmnvq70ja00slo
ln14gwxx7a2ex1k2,210302,动物药学,本科（职业教育）,1070,农林牧渔,107021,畜牧业类,10702103,2025,本专业培养德智体美劳全面发展，掌握扎实的科学文化基础和动物药品制剂工艺、安全生产、动物药品管理法律法规、动物疾病防治、实验动物管理等知识，具备动物药品生产管理、质量检验、临床应用与残留分析、新制剂研发、监督管理等能力，具有工匠精神和信息素养，能够从事动物药品生产、管理、检测、技术服务、研发和市场监督管理等工作的高层次技术技能人才。,https://gaokao.chsi.com.cn/zyk/zybk/detail/ln14gwxx7a2ex1k2
lqqbin6e4gr2yke8,210303,宠物医疗,本科（职业教育）,1070,农林牧渔,107021,畜牧业类,10702103,2025,本专业培养德智体美劳全面发展，掌握扎实的科学文化基础和宠物解剖生理、宠物病理、宠物疾病诊断与治疗、宠物免疫接种及有关法律法规等知识，具备宠物内科病和外产科病诊断与治疗、宠物疫病防控和动物医院经营管理等能力，具有工匠精神和信息素养，能够从事宠物内科病诊疗、宠物外产科病诊疗、宠物疫病防控、动物医院经营管理等工作的高层次技术技能人才。,https://gaokao.chsi.com.cn/zyk/zybk/detail/lqqbin6e4gr2yke8
kzi4gldftg88dnyl,210304,现代畜牧,本科（职业教育）,1070,农林牧渔,107021,畜牧业类,10702103,2025,本专业培养掌握较为系统的基础理论知识和技术技能，具备技术研发与改造、工艺设计、技术实践能力，面向牲畜饲养等行业，能够从事畜禽良种繁育、配合饲料生产与管理等工作的高端技能人才。,https://gaokao.chsi.com.cn/zyk/zybk/detail/kzi4gldftg88dnyl
ion2c2r8dgx8p0jp,210401,现代水产养殖技术,本科（职业教育）,1070,农林牧渔,107021,渔业类,10702104,2025,本专业培养德智体美劳全面发展，掌握扎实的科学文化基础和现代水产养殖及相关法律法规等知识，具备水生经济动植物繁殖与管理、水生动物病害防治、养殖水环境控制与尾水处理、水产技术推广等能力，具有绿色低碳理念和信息素养，能够从事水产养殖生产、水生动植物病害防治、养殖水体水质监测与调控、智能化水产养殖设备设施使用与维护、水产技术推广、水产品及水产投入品营销等工作的高层次技术技能人才。,https://gaokao.chsi.com.cn/zyk/zybk/detail/ion2c2r8dgx8p0jp
wxdfh26j4q55355s,210402,远洋渔业,本科（职业教育）,1070,农林牧渔,107021,渔业类,10702104,,,https://gaokao.chsi.com.cn/zyk/zybk/detail/wxdfh26j4q55355s
4e4u62qso8y16zna,220101,资源勘查工程技术,本科（职业教育）,1070,资源环境与安全,107022,资源勘查类,10702201,2025,本专业培养德智体美劳全面发展，掌握扎实的科学文化基础和区域地质调查、综合勘查技术方法、矿产资源勘查、矿山环境地质及相关法律法规等知识，具备地质填图、成矿远景区矿产资源调查与评价、矿产详查、矿产资源勘查与开发对环境影响评价等能力，具有工匠精神和信息素养，能够从事区域地质调查、区域矿产调查、矿产勘查、矿山地质环境调查与评价等工作的高层次技术技能人才。,https://gaokao.chsi.com.cn/zyk/zybk/detail/4e4u62qso8y16zna
4tdk08boiunvsldu,220201,环境地质工程,本科（职业教育）,1070,资源环境与安全,107022,地质类,10702202,2025,本专业培养德智体美劳全面发展，掌握扎实的科学文化基础和地质环境调查与评价、水文地质勘查、矿山生态环境调查与评价及相关法律法规等知识，具备地质环境调查与评价、水文地质勘查评价、矿山生态环境调查评价等能力，具有工匠精神和信息素养，能够从事地质环境调查与评价、地质灾害调查与防治、水文地质勘查、生态修复工程设计与施工等工作的高层次技术技能人才。,https://gaokao.chsi.com.cn/zyk/zybk/detail/4tdk08boiunvsldu
gyn5qsp42whugb7v,220202,地球物理勘探技术,本科（职业教育）,1070,资源环境与安全,107022,地质类,10702202,,,https://gaokao.chsi.com.cn/zyk/zybk/detail/gyn5qsp42whugb7v
0c1vdz0nvg4jjn5f,220301,导航工程技术,本科（职业教育）,1070,资源环境与安全,107022,测绘地理信息类,10702203,2025,本专业培养德智体美劳全面发展，掌握扎实的科学文化基础和导航软硬件研发、高精度导航、导航工程设计与管理及相关法律法规等知识，具备导航软硬件开发、导航设备检测、导航数据采集处理、高精度导航地图生产等能力，具有工匠精神和信息素养，能够从事智能导航软硬件开发与应用、导航定位产品设计与检测、导航数据采集、高精度导航地图生产与应用、数据分析与位置服务、导航工程设计与管理等工作的高层次技术技能人才。,https://gaokao.chsi.com.cn/zyk/zybk/detail/0c1vdz0nvg4jjn5f
g86jbsbbns97nuy2,220302,测绘工程技术,本科（职业教育）,1070,资源环境与安全,107022,测绘地理信息类,10702203,2025,本专业培养德智体美劳全面发展，掌握扎实的科学文化基础和高精度定位测量、遥感、地理信息系统及相关法律法规等知识，具备测量技术设计与施测、数据处理与分析、地图编绘与建库、质量验收与总结等能力，具有工匠精神和信息素养，能够从事测绘工程项目设计、组织、实施与管理等工作的高层次技术技能人才。,https://gaokao.chsi.com.cn/zyk/zybk/detail/g86jbsbbns97nuy2
jvzcgcdf8um5ktw5,220303,地理信息技术,本科（职业教育）,1070,资源环境与安全,107022,测绘地理信息类,10702203,2025,本专业培养德智体美劳全面发展，掌握扎实的科学文化基础和地理信息、制图、遥感、测量及相关法律法规等知识，具备地理空间信息获取、处理、分析与应用等能力，具有工匠精神和信息素养，能够从事地理信息数据处理与管理、地理信息工程设计与开发、地图设计与制作、摄影测量与遥感等工作的高层次技术技能人才。,https://gaokao.chsi.com.cn/zyk/zybk/detail/jvzcgcdf8um5ktw5
70slo5el7jrqm83h,220304,无人机测绘技术,本科（职业教育）,1070,资源环境与安全,107022,测绘地理信息类,10702203,,,https://gaokao.chsi.com.cn/zyk/zybk/detail/70slo5el7jrqm83h
v3p22u84m9vtnhei,220305,智能遥感技术,本科（职业教育）,1070,资源环境与安全,107022,测绘地理信息类,10702203,,,https://gaokao.chsi.com.cn/zyk/zybk/detail/v3p22u84m9vtnhei
64e4hnzgbt5bvw7b,220401,油气储运工程,本科（职业教育）,1070,资源环境与安全,107022,石油与天然气类,10702204,2025,本专业培养德智体美劳全面发展，掌握扎实的科学文化基础和油气计量交接、储存输送、场站安全运维等知识，具备较强的储运设备运行管理、工艺控制与参数调节、场站运营与安全管理等能力，具有工匠精神和信息素养，能够从事智慧化油气集输、数字化管道输送、油气仓储智能管理、燃气调度与输配等工作的高层次技术技能人才。,https://gaokao.chsi.com.cn/zyk/zybk/detail/64e4hnzgbt5bvw7b
u4hef065z2dgcbp9,220402,石油工程技术,本科（职业教育）,1070,资源环境与安全,107022,石油与天然气类,10702204,2025,本专业培养德智体美劳全面发展，掌握扎实的科学文化基础和钻采设备与石油仪表的运行与维护、油气田开采生产等知识，具备较强的石油与天然气钻井、开采生产技术管理和改进工艺，以及分析处理石油天然气钻井、开采生产技术问题等能力，具有工匠精神和信息素养，能够从事石油与天然气钻井、开采技术和方法研究、设计与应用等工作的高层次技术技能人才。,https://gaokao.chsi.com.cn/zyk/zybk/detail/u4hef065z2dgcbp9
x4z88l80nfawonmu,220501,智能采矿技术,本科（职业教育）,1070,资源环境与安全,107022,煤炭类,10702205,2025,本专业培养德智体美劳全面发展，掌握扎实的科学文化基础和智能采矿方法、矿山机械及智能化技术、矿井智能通风、安全防护及相关法律法规等知识，具备智能化矿山设计、建设、管理等能力，具有工匠精神和信息素养，能够从事智能开采工艺设计与应用、智能开采控制系统的软硬件实现、现场安装调试与维护操作、智能控制系统的规划与管理等工作的高层次技术技能人才。,https://gaokao.chsi.com.cn/zyk/zybk/detail/x4z88l80nfawonmu
0obp9jbie0v3k1l6,220502,煤炭清洁利用工程,本科（职业教育）,1070,资源环境与安全,107022,煤炭类,10702205,2025,本专业培养德智体美劳全面发展，掌握扎实的科学文化基础和煤炭洗选、煤化工、节能减排、绿色环保及相关法律法规等知识，具备故障判断处理、参数优化、设备选型等能力，具有工匠精神和信息素养，能够从事集散控制系统的控制、工艺故障处理、参数优化、工艺优化等工作的高层次技术技能人才。,https://gaokao.chsi.com.cn/zyk/zybk/detail/0obp9jbie0v3k1l6
ycy2k4yugtx4i9fe,220701,智慧气象技术,本科（职业教育）,1070,资源环境与安全,107022,气象类,10702207,2025,本专业培养德智体美劳全面发展，掌握扎实的科学文化基础和气象装备保障、智慧气象服务、气象灾害应急管理及相关法律法规等知识，具备天气预报预警、气象仪器安装维护、气象信息系统保障、气象防灾减灾服务等能力，具有工匠精神和信息素养，能够从事重要天气监测预报预警、气象装备服务保障、气象数据分析与质量保障、气象灾害应急管理等工作的高层次技术技能人才。,https://gaokao.chsi.com.cn/zyk/zybk/detail/ycy2k4yugtx4i9fe
mhldkvbbtgrnd0g9,220801,生态环境工程技术,本科（职业教育）,1070,资源环境与安全,107022,环境保护类,10702208,2025,本专业培养掌握较为系统的基础理论知识和技术技能，具备技术研发与改造、工艺设计、技术实践能力，面向环境治理、环境与生态监测检测服务、节能环保工程施工等行业，能够从事环境污染防治、环境监测、环境咨询、碳排放管理、生态环境管理等工作的高端技能人才。,https://gaokao.chsi.com.cn/zyk/zybk/detail/mhldkvbbtgrnd0g9
gvqzte1d49ye7ka0,220802,生态环境数智化监测技术,本科（职业教育）,1070,资源环境与安全,107022,环境保护类,10702208,,,https://gaokao.chsi.com.cn/zyk/zybk/detail/gvqzte1d49ye7ka0
duowb007bxrx0si2,220803,资源循环工程,本科（职业教育）,1070,资源环境与安全,107022,环境保护类,10702208,,,https://gaokao.chsi.com.cn/zyk/zybk/detail/duowb007bxrx0si2
a241diay931zx5ms,220901,安全工程技术,本科（职业教育）,1070,资源环境与安全,107022,安全类,10702209,2025,本专业培养德智体美劳全面发展，掌握扎实的科学文化基础和安全原理、安全生产技术、安全监察、安全评价技术等知识，具备企业安全生产管理、安全评价、事故调查等能力，具有责任担当精神和信息素养，能够从事安全管理、安全监察、安全评价、应急救援、安全教育与培训等工作的高层次技术技能人才。,https://gaokao.chsi.com.cn/zyk/zybk/detail/a241diay931zx5ms
yw0ddqqtd48e7e47,220902,应急管理,本科（职业教育）,1070,资源环境与安全,107022,安全类,10702209,2025,本专业培养德智体美劳全面发展，掌握扎实的科学文化基础和风险评估、监测预警、应急预案编制与演练等知识，具备应急救援装备的使用与管理、应急救援决策与指挥等能力，具有责任担当精神和信息素养，能够从事应急管理、应急指挥等工作的高层次技术技能人才。,https://gaokao.chsi.com.cn/zyk/zybk/detail/yw0ddqqtd48e7e47
j8q648r46f1rhhd9,230101,电力工程及自动化,本科（职业教育）,1070,能源动力与材料,107023,电力技术类,10702301,2025,本专业培养德智体美劳全面发展，掌握扎实的科学文化基础和电力工程基础及相关法律法规等知识，具备解决较复杂电力工程技术问题、进行较复杂电力生产运行维护、检修调试操作等能力，具有工匠精神和信息素养，能够从事新型电力系统及相关设备的设计、运维、检修、调试，电力项目管理和客户服务等工作的高层次技术技能人才。,https://gaokao.chsi.com.cn/zyk/zybk/detail/j8q648r46f1rhhd9
qivpjpcy5fpivnr8,230102,智能电网工程技术,本科（职业教育）,1070,能源动力与材料,107023,电力技术类,10702301,2025,本专业培养德智体美劳全面发展，掌握扎实的科学文化基础和电力设备原理、电力工程技术、智能电网技术等知识，具备智能电网厂站以及输配电线路等系统设备的分析、设计、安装、调试、运维等能力，具有工匠精神和信息素养，能够从事智能电网规划设计、施工建设、安装调试、调控运行、维护检修、设备制造等工作的高层次技术技能人才。,https://gaokao.chsi.com.cn/zyk/zybk/detail/qivpjpcy5fpivnr8
f96hsdb8mpvkpl94,230103,智慧综合能源工程,本科（职业教育）,1070,能源动力与材料,107023,电力技术类,10702301,,,https://gaokao.chsi.com.cn/zyk/zybk/detail/f96hsdb8mpvkpl94
q0zr15j5hxnb8ki2,230201,热能动力工程,本科（职业教育）,1070,能源动力与材料,107023,热能与发电工程类,10702302,2025,本专业培养德智体美劳全面发展，掌握扎实的科学文化基础和热力基础、热能动力技术和工程管理等知识，具备一定的节能技术研发和热力系统设计、实施能源科技成果和实验成果转化、解决较复杂的热能发电工程问题和进行较复杂热力发电机组综合操作等能力，具有工匠精神和信息素养，能够从事热能动力工程设计及节能管理、热力发电厂运行维护和技术管理、热能动力设备安装与检修技术管理等工作的高层次技术技能人才。,https://gaokao.chsi.com.cn/zyk/zybk/detail/q0zr15j5hxnb8ki2
z443tsr1qjvl1c5c,230202,核工程与核技术应用,本科（职业教育）,1070,能源动力与材料,107023,热能与发电工程类,10702302,,,https://gaokao.chsi.com.cn/zyk/zybk/detail/z443tsr1qjvl1c5c
i89051ynfhcur0yj,230301,新能源发电工程技术,本科（职业教育）,1070,能源动力与材料,107023,新能源发电工程类,10702303,2025,本专业培养德智体美劳全面发展，掌握扎实的科学文化基础和太阳能、风能等新能源发电工程应用领域的能量转换与储存、发电系统设计、多种能源综合利用等知识，具备一定的新能源发电工程领域的成果转化、应用研究、工程实践、技术推广和创新发展等能力，具有工匠精神和信息素养，能够从事新能源电站的规划设计和运行维护、技术研发和工艺改造、技术服务和推广等工作的高层次技术技能人才。,https://gaokao.chsi.com.cn/zyk/zybk/detail/i89051ynfhcur0yj
g4pz2g9sbf5vt8d1,230401,钢铁智能冶金技术,本科（职业教育）,1070,能源动力与材料,107023,黑色金属材料类,10702304,2025,本专业培养德智体美劳全面发展，掌握扎实的科学文化基础和炼铁生产、炼钢生产及相关法律法规等知识，具备钢铁智能生产各工序复杂操作、过程质量控制、产品与工程设计、安全生产管理、创新技术应用、科技成果转化等能力，具有工匠精神和信息素养，能够从事冶炼生产、工程设计、技术创新与应用等工作的高层次技术技能人才。,https://gaokao.chsi.com.cn/zyk/zybk/detail/g4pz2g9sbf5vt8d1
roz3uj0o7w3was3j,230402,钢铁智能轧制技术,本科（职业教育）,1070,能源动力与材料,107023,黑色金属材料类,10702304,,,https://gaokao.chsi.com.cn/zyk/zybk/detail/roz3uj0o7w3was3j
c5al8ytzn7pwm79s,230501,材料化冶金应用技术,本科（职业教育）,1070,能源动力与材料,107023,有色金属材料类,10702305,2025,本专业培养德智体美劳全面发展，掌握扎实的科学文化基础和材料化冶金应用技术复杂生产操作、生产工艺优化、生产事故处理等知识，具备解决复杂问题、实施现场管理、应用绿色化智能化技术等能力，具有工匠精神和信息素养，能够从事材料提取提纯、金属冶炼、电解等工序的复杂操作、过程质量控制、生产管理、产品与工程设计、创新技术应用、科技成果转化等工作的高层次技术技能人才。,https://gaokao.chsi.com.cn/zyk/zybk/detail/c5al8ytzn7pwm79s
t35t1vdz4wvnei97,230502,金属智能成型技术,本科（职业教育）,1070,能源动力与材料,107023,有色金属材料类,10702305,2025,本专业培养德智体美劳全面发展，掌握扎实的科学文化基础和金属成型及智能控制、金属性能及检测分析、安全环保及质量管理等知识，具备产品研发及数字化创新、中高端产品制造、产品性能评价等能力，具有工匠精神和信息素养，能够从事智能设备操作与维护、现场生产工艺改进、生产组织与技术管理、产品质量控制、技术研发与成果转化等工作的高层次技术技能人才。,https://gaokao.chsi.com.cn/zyk/zybk/detail/t35t1vdz4wvnei97
garnh0eezicpqom2,230503,储能材料工程技术,本科（职业教育）,1070,能源动力与材料,107023,有色金属材料类,10702305,2025,本专业培养德智体美劳全面发展，掌握扎实的科学文化基础和储能材料生产制造专业等知识，具备储能材料和电池研发设计、工艺管理、设备运维、质量控制、创新发展等能力，具有工匠精神和信息素养，能够从事储能材料合成与试验、储能电池智能制造、储能电池系统设计与应用等工作的高层次技术技能人才。,https://gaokao.chsi.com.cn/zyk/zybk/detail/garnh0eezicpqom2
gewbp3fx8l8xhk0t,230601,高分子材料工程技术,本科（职业教育）,1070,能源动力与材料,107023,非金属材料类,10702306,2025,本专业培养德智体美劳全面发展，掌握扎实的科学文化基础和高分子材料合成、结构、性能、加工、改性及应用等知识，具备对高分子材料进行分析与选用、产品设计、质量控制、经营管理等能力，具有工匠精神和信息素养，能够从事高分子材料生产管理、技术改进与创新、产品设计及营销管理等工作的高层次技术技能人才。,https://gaokao.chsi.com.cn/zyk/zybk/detail/gewbp3fx8l8xhk0t
q73yxihtax6rs0qg,230602,新材料与应用技术,本科（职业教育）,1070,能源动力与材料,107023,非金属材料类,10702306,2025,本专业培养德智体美劳全面发展，掌握扎实的科学文化基础和化学化工基础、新材料合成制备、智能化生产设备操作维护、工艺设计与生产安全管理及相关法律法规等知识，具备新材料分析表征、开发与转化、品质控制、应用验证与评估等能力，具有工匠精神和信息素养，能够从事新材料绿色智能制造与精益生产管理、检测与品质管理、应用支持、技术研发等工作的高层次技术技能人才。,https://gaokao.chsi.com.cn/zyk/zybk/detail/q73yxihtax6rs0qg
muhyw84hxfvfzf9c,230701,建筑材料智能制造,本科（职业教育）,1070,能源动力与材料,107023,建筑材料类,10702307,2025,本专业培养德智体美劳全面发展，掌握扎实的科学文化基础和建筑材料智能生产工艺、材料性能设计、绿色低碳管理及相关法律法规等知识，具备管理控制、产品研发、节能诊断等能力，具有工匠精神和信息素养，能够从事建筑材料性能优化设计、智能制造、新产品开发、节能诊断与绿色低碳生产管理等工作的高层次技术技能人才。,https://gaokao.chsi.com.cn/zyk/zybk/detail/muhyw84hxfvfzf9c
vuo4ay9os79kmt1n,240101,建筑设计,本科（职业教育）,1070,土木建筑,107024,建筑设计类,10702401,2025,本专业培养掌握较为系统的基础理论知识和技术技能，具备技术研发与改造、工艺设计、技术实践能力，面向专业技术服务业，能够从事建筑方案设计、建筑施工图设计、建筑信息模型（BIM）应用、绿色建筑技术应用、装配式建筑深化设计等工作的高端技能人才。,https://gaokao.chsi.com.cn/zyk/zybk/detail/vuo4ay9os79kmt1n
w5tpsxzw7dnhltl0,240102,建筑装饰工程,本科（职业教育）,1070,土木建筑,107024,建筑设计类,10702401,2025,本专业培养德智体美劳全面发展，掌握扎实的科学文化基础和建筑装饰设计、建筑装饰施工、建筑装饰工程项目管理及相关法律法规等知识，具备方案设计、施工图设计与深化、设计计算、造价编制、施工现场技术与管理等能力，具有工匠精神和信息素养，能够从事建筑装饰设计、建筑装饰工程施工技术与管理等工作的高层次技术技能人才。,https://gaokao.chsi.com.cn/zyk/zybk/detail/w5tpsxzw7dnhltl0
36hma9fo6h1lvfpr,240103,古建筑工程,本科（职业教育）,1070,土木建筑,107024,建筑设计类,10702401,2025,本专业培养德智体美劳全面发展，掌握扎实的科学文化基础、文物保护知识和古建筑修缮与保护、仿古建筑设计、施工、造价及相关法律法规等知识，具备古建筑工程测绘、施工图设计、施工、项目管理、计量与计价等能力，秉持文物保护基本原则，具有工匠精神和信息素养，能够从事仿古建筑设计、古建筑维修施工、工程项目管理等工作的高层次技术技能人才。,https://gaokao.chsi.com.cn/zyk/zybk/detail/36hma9fo6h1lvfpr
vr49wqwhuffsw1o6,240104,园林景观工程,本科（职业教育）,1070,土木建筑,107024,建筑设计类,10702401,2025,本专业培养德智体美劳全面发展，掌握扎实的科学文化基础和园林生态、制图、植物、材料、测量、美学等知识，具备园林景观设计、工程施工及管理、园林植物应用等能力，具有工匠精神和信息素养，能够从事园林景观设计、施工与管理等工作的高层次技术技能人才。,https://gaokao.chsi.com.cn/zyk/zybk/detail/vr49wqwhuffsw1o6
j4igd4z1almwwz27,240105,城市设计数字技术,本科（职业教育）,1070,土木建筑,107024,建筑设计类,10702401,2025,本专业培养德智体美劳全面发展，掌握扎实的科学文化基础和城市形态与构成、空间规划设计、城市设计技术等知识，具备城市大数据分析技术及应用、多尺度空间的城市设计与创作、城市历史保护与更新等能力，具有工匠精神和信息素养，能够从事城市大数据管理与应用、城市更新设计、城市设计方案设计、城市历史文化保护规划设计等工作的高层次技术技能人才。,https://gaokao.chsi.com.cn/zyk/zybk/detail/j4igd4z1almwwz27
637dijtdov9c9ibf,240201,城乡规划,本科（职业教育）,1070,土木建筑,107024,城乡规划与管理类,10702402,2025,本专业培养德智体美劳全面发展，掌握扎实的科学文化基础和国土空间规划、国土空间规划信息化管理等知识，具备国土空间规划综合表达、国土空间规划方案设计、国土空间规划信息化管理等能力，具有工匠精神和信息素养，能够从事国土空间规划编制、控制性详细规划编制、修建性详细规划编制、村庄规划编制、专项规划编制、规划咨询、规划审核审批与监督、技术标准与公共政策制定等工作的高层次技术技能人才。,https://gaokao.chsi.com.cn/zyk/zybk/detail/637dijtdov9c9ibf
vrqiysmr90m90ory,240301,建筑工程,本科（职业教育）,1070,土木建筑,107024,土建施工类,10702403,2025,本专业培养掌握较为系统的基础理论知识和技术技能，具备技术研发与改造、工艺设计、技术实践能力，面向房屋建筑行业，能够从事建筑结构设计、建筑施工技术与建筑施工项目管理等工作的高端技能人才。,https://gaokao.chsi.com.cn/zyk/zybk/detail/vrqiysmr90m90ory
pz6t80mh0mfvitqn,240302,智能建造工程,本科（职业教育）,1070,土木建筑,107024,土建施工类,10702403,2025,本专业培养德智体美劳全面发展，掌握扎实的科学文化基础和建筑结构、建筑构造、建筑力学、建筑信息模型、智能测量、自动控制、工程岩土等知识，具备建筑构件深化设计、智能化测量放线、建筑机器人应用与管理、智能化检测与评定、解决大型复杂智能化施工技术问题和建筑工程项目施工策划与组织管理等能力，具有工匠精神和信息素养，能够从事大型复杂建筑构件深化设计、建筑智能化施工、智能化施工项目管理工作的高层次技术技能人才。,https://gaokao.chsi.com.cn/zyk/zybk/detail/pz6t80mh0mfvitqn
zc3q9tl6ayk4bvs7,240303,城市地下工程,本科（职业教育）,1070,土木建筑,107024,土建施工类,10702403,2025,本专业培养德智体美劳全面发展，掌握扎实的科学文化基础和土木工程制图、工程材料选择与检测、力学分析计算、地下工程测量、工程地质勘察、地下工程施工与管理等知识，具备进行一般地下工程结构设计、解决特殊地质条件或复杂工程施工技术问题、进行地下工程施工策划与组织管理等能力，具有工匠精神和信息素养，能够从事城市地下工程的施工、项目管理等工作的高层次技术技能人才。,https://gaokao.chsi.com.cn/zyk/zybk/detail/zc3q9tl6ayk4bvs7
efwde88ex0oj7wk4,240304,建筑智能检测与修复,本科（职业教育）,1070,土木建筑,107024,土建施工类,10702403,2025,本专业培养德智体美劳全面发展，掌握扎实的科学文化基础和建筑制图、建筑构造、建筑材料、建筑力学、建筑工程测量、建筑结构、计算机网络、传感器与物联网及相关法律法规等知识，具备建筑工程智能检测与修复方案设计、施工图与详图设计、结构检测与评定、智能监测、结构修复及管理等能力，具有工匠精神和信息素养，能够从事建筑智能化系统搭建、建筑智能检测、建筑智能监测、建筑修复设计、建筑修复施工与管理等工作的高层次技术技能人才。,https://gaokao.chsi.com.cn/zyk/zybk/detail/efwde88ex0oj7wk4
uok65yashqw4qug7,240401,建筑环境与能源工程,本科（职业教育）,1070,土木建筑,107024,建筑设备类,10702404,2025,本专业培养德智体美劳全面发展，掌握扎实的科学文化基础和流体力学、工程热力学、传热传质学、建筑环境学及相关法律法规等知识，具备建筑环境营造工程建设、建筑环境监控等能力，具有工匠精神和信息素养，能够从事建筑内热湿环境、空气质量相关工程的建设管理、建筑环境监测与控制、建筑运行能耗管理工作的高层次技术技能人才。,https://gaokao.chsi.com.cn/zyk/zybk/detail/uok65yashqw4qug7
jx42btxemubzcdno,240402,建筑电气与智能化工程,本科（职业教育）,1070,土木建筑,107024,建筑设备类,10702404,2025,本专业培养德智体美劳全面发展，掌握扎实的科学文化基础和建筑设备管理、公共安全、信息设施与信息化应用、建筑节能及相关法律法规等知识，具备工程设计、施工、系统运维管理等能力，具有工匠精神和信息素养，能够从事大型复杂建筑电气与智能化工程设计、施工管理及智慧运维等工作的高层次技术技能人才。,https://gaokao.chsi.com.cn/zyk/zybk/detail/jx42btxemubzcdno
uh7sncknn2s7ddg4,240501,工程造价,本科（职业教育）,1070,土木建筑,107024,建设工程管理类,10702405,2025,本专业培养掌握较为系统的基础理论知识和技术技能，具备技术研发与改造、工艺设计、技术实践能力，面向专业技术服务行业，能够从事大型或复杂工程项目投资决策分析与评价、项目估概算、预算、工程计量计价、项目招投标、合同及成本管理、项目结算编审及后评价等全过程数字造价管理与咨询服务工作的高端技能人才。,https://gaokao.chsi.com.cn/zyk/zybk/detail/uh7sncknn2s7ddg4
f0490o3tdrr1yh9o,240502,建设工程管理,本科（职业教育）,1070,土木建筑,107024,建设工程管理类,10702405,2025,本专业培养掌握较为系统的基础理论知识和技术技能，具备一定的技术研发与改造、工艺设计、技术实践能力，面向建筑、科学研究和技术服务行业的管理工程技术人员等职业，能够从事大型或复杂建设工程的项目管理等工作的高端技能人才。,https://gaokao.chsi.com.cn/zyk/zybk/detail/f0490o3tdrr1yh9o
6jzteq0bhj9hlob6,240601,市政工程,本科（职业教育）,1070,土木建筑,107024,市政工程类,10702406,2025,本专业培养德智体美劳全面发展，掌握扎实的科学文化基础和市政道路、桥梁、管道、地铁、管廊工程设计、施工、管理与维护等知识，具备市政道路、桥梁、管道、地铁、管廊工程设计、施工、管理与维护等能力，具有工匠精神和信息素养，能够从事大型复杂市政工程的设计、施工、施工管理与维护等工作的高层次技术技能人才。,https://gaokao.chsi.com.cn/zyk/zybk/detail/6jzteq0bhj9hlob6
yr4hrbgxp9xtiun3,240602,城市设施智慧管理,本科（职业教育）,1070,土木建筑,107024,市政工程类,10702406,2025,本专业培养德智体美劳全面发展，掌握扎实的科学文化基础和大数据基础、设施管理、工程造价等知识，具备大型市政设施数字化运行维护、工程造价、智慧管理、智能检测等能力，具有工匠精神和信息素养，能够从事大型市政设施智慧化运维管理、智能检测、工程造价等工作的高层次技术技能人才。,https://gaokao.chsi.com.cn/zyk/zybk/detail/yr4hrbgxp9xtiun3
47g0dvl67tgzzj00,240701,房地产投资与策划,本科（职业教育）,1070,土木建筑,107024,房地产类,10702407,2025,本专业培养德智体美劳全面发展，掌握扎实的科学文化基础和房地产投资与策划等知识，具备一定的房地产营销策划、房地产项目投资、房地产评估等报告撰写、项目咨询、现场管理等能力，具有工匠精神和信息素养，能够从事房地产项目投资分析、策划、营销、品牌运营等工作的高层次技术技能人才。,https://gaokao.chsi.com.cn/zyk/zybk/detail/47g0dvl67tgzzj00
jljkuimsypa3zv6e,240702,现代物业管理,本科（职业教育）,1070,土木建筑,107024,房地产类,10702407,2025,本专业培养德智体美劳全面发展，掌握扎实的科学文化基础和现代物业管理相关的经济、管理、法律、工程、信息技术等知识，具备现代楼宇、商业综合体、现代大型公共设施、产业园区、智慧社区、智慧城区的管理、运维、经营、服务等能力，具有工匠精神和信息素养，能够从事智慧物业项目管理、物业经营管理、客户服务咨询与管理、空间营造与管理、物业信息化管理等工作的高层次技术技能人才。,https://gaokao.chsi.com.cn/zyk/zybk/detail/jljkuimsypa3zv6e
0ccb300ijrq17ik4,250101,水文与水资源工程技术,本科（职业教育）,1070,水利,107025,水文水资源类,10702501,2025,本专业培养德智体美劳全面发展，掌握扎实的科学文化基础和水文测验、水文预报、水文水利计算、水资源规划、水环境监测与保护、水土保持和水生态工程及相关法律法规等知识，具有水文测验及水信息处理、水文预报、水文水利计算、水资源评价、水环境监测等能力，具有工匠精神和信息素养，能够从事工程勘察设计、水资源规划与管理、水文勘测及预报、水环境监测与评价、水土保持和水生态工程工作的高层次技术技能人才。,https://gaokao.chsi.com.cn/zyk/zybk/detail/0ccb300ijrq17ik4
j3ok7pr4m2t6u1za,250201,智慧水利工程,本科（职业教育）,1070,水利,107025,水利工程与管理类,10702502,2025,本专业培养德智体美劳全面发展，掌握扎实的科学文化基础和水利工程设计与施工、监测管理、智能物联和计算机应用及相关法律法规等知识，具有智慧水利工程设计与咨询、智能施工技术应用、智能施工组织与管理、项目智能管控和智能运维等能力，具有工匠精神和信息素养，能够从事水利工程的智能设计、智能施工、智慧管理、智能运维等工作的高层次技术技能人才。,https://gaokao.chsi.com.cn/zyk/zybk/detail/j3ok7pr4m2t6u1za
j8ufbha7i1you2ak,250202,农业水利工程,本科（职业教育）,1070,水利,107025,水利工程与管理类,10702502,2025,本专业培养德智体美劳全面发展，掌握扎实的科学文化基础和农田水利、节水灌溉及相关法律法规等知识，具有中小型农业水利工程规划设计，大中型农业水利工程施工、管理等能力，具有工匠精神和信息素养，能够从事农田水利工程、节水灌溉工程的规划设计、施工和管理等工作的高层次技术技能人才。,https://gaokao.chsi.com.cn/zyk/zybk/detail/j8ufbha7i1you2ak
d2j469l9gy69wf2y,250203,水利水电工程,本科（职业教育）,1070,水利,107025,水利工程与管理类,10702502,2025,本专业培养德智体美劳全面发展，掌握扎实的科学文化基础和水利水能规划、水工建筑物结构构造、水利工程运行与养护及相关法律法规等知识，具有水利水电工程规划、设计、建造、运行维护等能力，具有工匠精神和信息素养，能够从事水利水电工程规划设计、运行管理、水利工程及建筑工程施工组织管理、行业管理等工作的高层次技术技能人才。,https://gaokao.chsi.com.cn/zyk/zybk/detail/d2j469l9gy69wf2y
1ufriomjbdxgnuro,250204,治河与港航工程,本科（职业教育）,1070,水利,107025,水利工程与管理类,10702502,2025,本专业培养德智体美劳全面发展，掌握扎实的科学文化基础和河道工程、港口工程、航道工程设计与建设管理及相关法律法规等知识，具备治河与港航工程的建筑物规划设计、施工智能管理、生态治理等能力，具有工匠精神和信息素养，能够从事治河与港航工程规划设计、治河与港航工程施工管理、河道生态治理等工作的高层次技术技能人才。,https://gaokao.chsi.com.cn/zyk/zybk/detail/1ufriomjbdxgnuro
q6ddg1bqg4a1ldwy,250301,水利水电设备及自动化,本科（职业教育）,1070,水利,107025,水利水电设备类,10702503,2025,本专业培养德智体美劳全面发展，掌握扎实的科学文化基础和水利水电设备结构原理、自动化控制及生产管理及相关法律法规等知识，具备水电设备及控制系统的设计开发、故障处理、自动控制、智能管理等能力，具有工匠精神和信息素养，能够从事水电（泵）站设备的设计改造、智能控制、运行维护、信息化管理等工作的高层次技术技能人才。,https://gaokao.chsi.com.cn/zyk/zybk/detail/q6ddg1bqg4a1ldwy
8j2sbmklrkqkaz6t,250401,生态水利工程,本科（职业教育）,1070,水利,107025,水土保持与水环境类,10702504,2025,本专业培养德智体美劳全面发展，掌握扎实的科学文化基础和生态水文与水利计算、生态工程材料、生态工程植物及相关法律法规等知识，具备生态水利工程图绘制和识读、建筑信息模型（BIM）建模和应用、测量和施工放样等能力，具有工匠精神和信息素养，能够从事水生态修复与保护，生态水利工程规划、设计、施工与智慧管理，水土保持规划设计、施工及智能监测等工作的高层次技术技能人才。,https://gaokao.chsi.com.cn/zyk/zybk/detail/8j2sbmklrkqkaz6t
papqh2vbbe1dokhv,250402,水环境工程,本科（职业教育）,1070,水利,107025,水土保持与水环境类,10702504,2025,本专业培养德智体美劳全面发展，掌握扎实的科学文化基础和水环境监测、水处理工程技术、水处理工程施工技术及智能水厂运营管理及相关法律法规等知识，具有区（流）域水环境监测与评价、水环境智能监测系统设计与建设、水处理工程勘测设计、施工组织设计与现场管理、智能水处理系统设计、智能水厂运营管理等能力，具有工匠精神和信息素养，能够从事区（流）域水环境智能监测设计与建设管理、水处理工程设计、水处理项目施工组织管理、智能水厂运营管理等工作的高层次技术技能人才。,https://gaokao.chsi.com.cn/zyk/zybk/detail/papqh2vbbe1dokhv
wy3f13qick3iuo2v,250403,水土保持与荒漠化防治技术,本科（职业教育）,1070,水利,107025,水土保持与水环境类,10702504,,,https://gaokao.chsi.com.cn/zyk/zybk/detail/wy3f13qick3iuo2v
maakm7ykk80agjoi,260101,机械设计制造及自动化,本科（职业教育）,1070,装备制造,107026,机械设计制造类,10702601,2025,本专业培养掌握较为系统的基础理论知识和技术技能，具备一定的技术研发与改造、工艺设计、技术实践能力，面向通用设备制造业、专用设备制造业等行业的机械设计工程技术人员、机械制造工程技术人员、智能制造工程技术人员、质量管理工程技术人员等职业，能够从事产品数字化设计、生产工艺编制、工装设计与制造、生产技术组织、质量管理、高端数控机床加工编程等工作的高端技能人才。,https://gaokao.chsi.com.cn/zyk/zybk/detail/maakm7ykk80agjoi
eosy8mnl6nts9dn3,260102,智能制造工程技术,本科（职业教育）,1070,装备制造,107026,机械设计制造类,10702601,2025,本专业培养掌握较为系统的基础理论知识和技术技能，具备一定的技术研发与改造、工艺设计、技术实践能力，面向通用设备制造业、专用设备制造业等行业的智能制造工程技术人员、机械制造工程技术人员等职业，能够从事智能制造车间规划与产线设计、智能制造工艺设计与技术规范实施、智能制造产线集成与运行调试、网络协同制造、智能制造系统监控与诊断优化等工作的高端技能人才。,https://gaokao.chsi.com.cn/zyk/zybk/detail/eosy8mnl6nts9dn3
76sufpqi9gasdhw6,260103,数控技术,本科（职业教育）,1070,装备制造,107026,机械设计制造类,10702601,2025,本专业培养德智体美劳全面发展，掌握扎实的科学文化基础和复杂零件工艺设计、工艺装备设计、多轴数控加工编程、多轴数控机床操作、生产及质量管理及相关法律法规等知识，具备数控加工工艺及工装设计、数控加工程序编制、组织生产、质量管理等能力，具有工匠精神和信息素养，能够从事复杂零件数控加工工艺编制与实施、工装设计、多轴数控机床编程与操作、复杂零件数控加工工艺优化、智能制造加工单元集成与运维、产品质量检验、生产管理等工作的高层次技术技能人才。,https://gaokao.chsi.com.cn/zyk/zybk/detail/76sufpqi9gasdhw6
u3w78zhmd0uix48d,260104,工业设计,本科（职业教育）,1070,装备制造,107026,机械设计制造类,10702601,2025,本专业培养掌握较为系统的基础理论知识和技术技能，具备一定的工业设计能力，面向工业与专业设计及其他专业技术服务业、通用设备及专用设备制造业、汽车制造业等行业的工业设计、产品设计工程技术人员等职业，能够从事商业模式设计、技术产业化设计、服务与体验设计等工作的高端技能人才。,https://gaokao.chsi.com.cn/zyk/zybk/detail/u3w78zhmd0uix48d
4lkn5t9hmldhtm8o,260105,工业工程技术,本科（职业教育）,1070,装备制造,107026,机械设计制造类,10702601,2025,本专业培养德智体美劳全面发展，掌握扎实的科学文化基础和系统工程、工程技术与管理技术融合、生产系统仿真与建模、质量管理与控制、供应链管理及相关法律法规等知识，具备对人员、物料、设备和能源等所组成的集成系统进行综合规划、设计、评价、创新和决策等能力，具有工匠精神和信息素养，能够从事智能生产与管控系统规划设计、智能生产系统管控与优化、智能生产质量管理、工业物流与供应链管理、个性定制与精益生产管理、工业数据分析与决策、绿色生产与效能评价等工作的高层次技术技能人才。,https://gaokao.chsi.com.cn/zyk/zybk/detail/4lkn5t9hmldhtm8o
clebs5w0qwl3ol5q,260106,材料成型及控制工程,本科（职业教育）,1070,装备制造,107026,机械设计制造类,10702601,2025,本专业培养掌握较为系统的基础理论知识和技术技能，具备一定的技术研发与改造、工艺设计、技术实践能力，面向通用设备制造业、专用设备制造业、金属制品业、汽车制造业等行业的材料成型与改性工程技术人员、模具设计工程技术人员、焊接工程技术人员、铸造工程技术人员等职业，能够从事材料成型与改性工艺技术研发、成型生产工艺编制、工装设计、模具研发与设计、生产线设计、技术管理、材料成型中高端产品制造和质量控制等工作的高端技能人才。,https://gaokao.chsi.com.cn/zyk/zybk/detail/clebs5w0qwl3ol5q
rjd214a6a7as9e00,260107,增材制造工程技术,本科（职业教育）,1070,装备制造,107026,机械设计制造类,10702601,,,https://gaokao.chsi.com.cn/zyk/zybk/detail/rjd214a6a7as9e00
bq3rcs3ou6wtjqou,260108,智能光电制造工程,本科（职业教育）,1070,装备制造,107026,机械设计制造类,10702601,,,https://gaokao.chsi.com.cn/zyk/zybk/detail/bq3rcs3ou6wtjqou
n4imhli89bmjdox7,260201,装备智能化技术,本科（职业教育）,1070,装备制造,107026,机电设备类,10702602,2025,本专业培养德智体美劳全面发展，掌握扎实的科学文化基础和机械、电气、人工智能、网络通信及相关法律法规等知识，具备装备智能化技术改造、智能装备研发、技术服务等能力，具有工匠精神和信息素养，能够从事智能装备的设计、调试、维修、技术服务和智能车间设备管理等工作的高层次技术技能人才。,https://gaokao.chsi.com.cn/zyk/zybk/detail/n4imhli89bmjdox7
bcaeypz8xml3kdfy,260202,制冷与空调工程,本科（职业教育）,1070,装备制造,107026,机电设备类,10702602,2025,本专业培养德智体美劳全面发展，掌握扎实的科学文化基础和制冷与空调工程冷（热）负荷的计算方法和设计规范、工程智能控制与改造、设备生产工艺、设备运行与调试的程序和方法及相关法律法规等知识，具备制冷与空调工程技术方案设计、进行较复杂设备生产和操作、产品售后技术服务、解决较复杂制冷与空调工程问题等能力，具有工匠精神和信息素养，能够从事制冷与空调设备设计与制造、工程设计与施工监理、智能化运行与维护、节能优化与改造、产品及工程营销与技术支持等工作的高层次技术技能人才。,https://gaokao.chsi.com.cn/zyk/zybk/detail/bcaeypz8xml3kdfy
spz08it9ew8bzgub,260203,电梯工程技术,本科（职业教育）,1070,装备制造,107026,机电设备类,10702602,2025,本专业培养掌握较为系统的基础理论知识和技术技能，具备技术研发与改造、工艺设计、技术实践能力，面向物料搬运设备制造、质检技术服务行业的特种设备检验检测工程技术人员、特种设备管理和应用工程技术人员等职业，能够从事电梯检验检测、工程项目管理、调试、加装及改造等工作的高端技能人才。,https://gaokao.chsi.com.cn/zyk/zybk/detail/spz08it9ew8bzgub
2p5oj1g231d0b3fc,260204,低空飞行器工程技术,本科（职业教育）,1070,装备制造,107026,机电设备类,10702602,,,https://gaokao.chsi.com.cn/zyk/zybk/detail/2p5oj1g231d0b3fc
zvfj4lp7cre4iomy,260301,机械电子工程技术,本科（职业教育）,1070,装备制造,107026,自动化类,10702603,2025,本专业培养掌握较为系统的基础理论知识和技术技能，具备技术研发与改造、工艺设计、技术实践能力，面向通用设备制造业和金属制品、机械和设备修理业等行业的设备工程技术人员、机械设计工程技术人员、智能制造工程技术人员等职业，能够从事机电设备设计制造、集成调试、维护维修、技术服务等工作的高端技能人才。,https://gaokao.chsi.com.cn/zyk/zybk/detail/zvfj4lp7cre4iomy
xwyy09dwh1oitjb0,260302,电气工程及自动化,本科（职业教育）,1070,装备制造,107026,自动化类,10702603,2025,本专业培养掌握较为系统的基础理论知识和技术技能，具备技术研发与改造、工艺设计、技术实践能力，面向通用设备制造业、专用设备制造业、电气机械和器材制造业等行业的电气工程技术人员、自动控制工程技术人员等职业，能够从事电气系统设计、控制系统集成与改造、项目管理、电力系统运行与维护、电气设备维修维护等工作的高端技能人才。,https://gaokao.chsi.com.cn/zyk/zybk/detail/xwyy09dwh1oitjb0
mdj7lcfet2vg5i4y,260303,智能控制技术,本科（职业教育）,1070,装备制造,107026,自动化类,10702603,2025,本专业培养德智体美劳全面发展，掌握扎实的科学文化基础和智能控制、工业网络、数据采集、设备健康管理及相关法律法规等知识，具备解决智能制造控制系统数字化及智能制造的网络化、信息化、智能化等能力，具有工匠精神和信息素养，能够从事智能制造控制系统设计、集成应用、故障诊断、设备优化与改造等工作的高层次技术技能人才。,https://gaokao.chsi.com.cn/zyk/zybk/detail/mdj7lcfet2vg5i4y
0sifz4ue8vqv56gy,260304,机器人技术,本科（职业教育）,1070,装备制造,107026,自动化类,10702603,2025,本专业培养掌握较为系统的基础理论知识和技术技能，具备技术研发与改造、工艺设计、技术实践能力，面向通用设备制造业的自动控制工程技术人员、智能制造工程技术人员等职业，能够从事机器人生产线设计、集成、调试、二次开发、运行维护等工作的高端技能人才。,https://gaokao.chsi.com.cn/zyk/zybk/detail/0sifz4ue8vqv56gy
64kz7ii3kfd3drl1,260305,自动化技术与应用,本科（职业教育）,1070,装备制造,107026,自动化类,10702603,2025,本专业培养掌握较为系统的基础理论知识和技术技能，具备技术研发与改造、工艺设计、技术实践能力，面向通用设备制造业、专用设备制造业等行业的自动控制工程技术人员、工业工程技术人员，能够从事自动化设备和自动控制系统的设计与开发、自动生产线的运行与调试、自动化工程项目的设计与信息化管理等工作，具有一定的创新能力的高端技能人才。,https://gaokao.chsi.com.cn/zyk/zybk/detail/64kz7ii3kfd3drl1
1ojsbbn3f277yb0s,260306,现代测控工程技术,本科（职业教育）,1070,装备制造,107026,自动化类,10702603,2025,本专业培养德智体美劳全面发展，掌握扎实的科学文化基础和仪器仪表机械结构、数据采集和分析、智能仪器仪表系统、智能传感网络、计量学基础及相关法律法规等知识，具备智能仪器仪表和工业在线测控系统的设计、研发、检测等能力，具有工匠精神和信息素养，能够从事智能仪器仪表和工业在线测控系统的开发、检测、计量等工作的高层次技术技能人才。,https://gaokao.chsi.com.cn/zyk/zybk/detail/1ojsbbn3f277yb0s
uuhf12cngujlk75w,260307,工业互联网工程,本科（职业教育）,1070,装备制造,107026,自动化类,10702603,2025,本专业培养德智体美劳全面发展，掌握扎实的科学文化基础和数字化产线、工业互联网数据采集、边缘计算、标识解析、安全防护等知识，具备工业互联网工程设计、实施、运维等能力，具有工匠精神和信息素养，能够从事智能工厂规划设计、标识解析系统集成、工业数据处理、工业互联网平台集成运维、工业互联网安全防护等工作的高层次技术技能人才。,https://gaokao.chsi.com.cn/zyk/zybk/detail/uuhf12cngujlk75w
yehluu1nqbvszvuj,260308,具身智能工程技术,本科（职业教育）,1070,装备制造,107026,自动化类,10702603,,,https://gaokao.chsi.com.cn/zyk/zybk/detail/yehluu1nqbvszvuj
g9x0jg9vq83qt3v0,260401,轨道交通车辆工程技术,本科（职业教育）,1070,装备制造,107026,轨道装备类,10702604,2025,本专业培养德智体美劳全面发展，掌握扎实的科学文化基础和轨道交通车辆构造、作用原理及制造、运用检修等知识，具备轨道交通车辆技术研发、工艺设计、故障诊断和技术实践等能力，具有工匠精神和信息素养，能够从事轨道交通车辆设计、试验检测、装配试验、运用维护管理、生产技术指导等工作的高层次技术技能人才。,https://gaokao.chsi.com.cn/zyk/zybk/detail/g9x0jg9vq83qt3v0
8lovoiu76v9lyd9w,260402,轨道交通智能控制装备技术,本科（职业教育）,1070,装备制造,107026,轨道装备类,10702604,2025,本专业培养德智体美劳全面发展，掌握扎实的科学文化基础和轨道交通智能控制装备的基本原理、安装调试规程、生产工艺技术、生产规章制度、工程管理方法等知识，具备计算机编程、轨道交通智能控制装备安装调试、工程管理、故障处理等能力，具有工匠精神和信息素养，能够从事轨道交通智能控制装备的研发、制造、安装调试、工程管理和售后维修等工作的高层次技术技能人才。,https://gaokao.chsi.com.cn/zyk/zybk/detail/8lovoiu76v9lyd9w
ueipqupw83mxe77l,260501,船舶智能制造技术,本科（职业教育）,1070,装备制造,107026,船舶与海洋工程装备类,10702605,2025,本专业培养德智体美劳全面发展，掌握扎实的科学文化基础和船舶原理、智能制造、造船生产组织与企业管理等知识，具备船体放样、加工、装配、焊接与检验，船舶技术设计图与船舶生产设计图绘制，焊接机器人编程，智能制造产线控制等能力，具有工匠精神和信息素养，能够从事船舶技术设计、船舶生产设计、船体建造与检验、智能产线控制、船舶建造组织与管理等工作的高层次技术技能人才。,https://gaokao.chsi.com.cn/zyk/zybk/detail/ueipqupw83mxe77l
xl2k6acozxtgykjt,260502,船舶动力工程技术,本科（职业教育）,1070,装备制造,107026,船舶与海洋工程装备类,10702605,2025,本专业培养德智体美劳全面发展，掌握扎实的科学文化基础和船舶及海洋工程装备的智能制造、设计、质量检验及相关法律法规等知识，具备船舶机械装配与安装，船舶动力工程技术设计、生产设计和质量检验等能力，具有工匠精神和信息素养，能够从事船舶动力技术设计、生产设计、安装工艺编制、生产技术组织管理、试验、维护、质量检验等工作的高层次技术技能人才。,https://gaokao.chsi.com.cn/zyk/zybk/detail/xl2k6acozxtgykjt
yop1ftj17z7ta0v5,260503,船舶电气工程技术,本科（职业教育）,1070,装备制造,107026,船舶与海洋工程装备类,10702605,2025,本专业培养德智体美劳全面发展，掌握扎实的科学文化基础和电力电子技术、机舱自动化、船舶电力推进技术等知识，具备船舶电气设备安装调试、船舶智能控制系统设计与实践等能力，具有工匠精神和信息素养，能够从事船舶电气工艺设计与施工管理、船舶电气设备安装调试与运行维护、船舶智能控制系统研发等工作的高层次技术技能人才。,https://gaokao.chsi.com.cn/zyk/zybk/detail/yop1ftj17z7ta0v5
kdfdbf0imm0t9f36,260601,航空智能制造技术,本科（职业教育）,1070,装备制造,107026,航空装备类,10702606,2025,本专业培养掌握较为系统的基础理论知识和技术技能，具备技术研发与改造、工艺设计、技术实践能力，面向飞机制造行业的飞机制造工程技术人员、智能制造工程技术人员、航空产品装配与调试人员，能够从事航空制造工艺设计、生产管理、智能装备与产线应用、装备与产线智能运维、智能装配、零部件加工等工作，具有一定的创新能力的高端技能人才。,https://gaokao.chsi.com.cn/zyk/zybk/detail/kdfdbf0imm0t9f36
ginr34p3mv7a8lg7,260602,飞行器维修工程技术,本科（职业教育）,1070,装备制造,107026,航空装备类,10702606,2025,本专业培养掌握较为系统的基础理论知识和技术技能，具备技术研发与改造、工艺设计、技术实践能力，面向航空航天器修理行业的民用航空工程技术人员、航空产品装配与调试人员，能够从事航线维修，航空器定期检修、部附件维修、结构维修、装配与调试等工作，具有一定的创新能力的高端技能人才。,https://gaokao.chsi.com.cn/zyk/zybk/detail/ginr34p3mv7a8lg7
i5qv2k2gj5hxane8,260603,航空动力装置维修技术,本科（职业教育）,1070,装备制造,107026,航空装备类,10702606,2025,本专业培养德智体美劳全面发展，掌握扎实的科学文化基础和航空发动机原理与装配、航空维修理论及相关法律法规等知识，具备航空发动机检查、维护、测试和修理等能力，具有工匠精神和信息素养，能够从事航空发动机及辅助动力装置装配与调试、航空发动机部件和附件修理、维修工艺编制、航线维护和维修管理等工作的高层次技术技能人才。,https://gaokao.chsi.com.cn/zyk/zybk/detail/i5qv2k2gj5hxane8
ptjlljsdfk97snl5,260604,无人机系统应用技术,本科（职业教育）,1070,装备制造,107026,航空装备类,10702606,2025,本专业培养掌握较为系统的基础理论知识和技术技能，具备技术研发与改造、工艺设计、技术实践能力，面向航空、航天器及设备制造，智能无人飞行器制造，航空航天等运输设备修理，通用航空服务等行业的航空工程技术人员，民用航空工程技术人员，航空产品装配与调试人员，无人机驾驶员、无人机测绘操控员、无人机装调检修工，能够从事无人机系统装调检修、行业应用方案设计、飞行作业、应用数据处理服务等工作，具有一定的创新能力的高端技能人才。,https://gaokao.chsi.com.cn/zyk/zybk/detail/ptjlljsdfk97snl5
ugdb9fxzj64r9dnu,260605,航空复合材料智造工程技术,本科（职业教育）,1070,装备制造,107026,航空装备类,10702606,,,https://gaokao.chsi.com.cn/zyk/zybk/detail/ugdb9fxzj64r9dnu
lwklri269aazwk0i,260606,电动飞行器应用技术,本科（职业教育）,1070,装备制造,107026,航空装备类,10702606,,,https://gaokao.chsi.com.cn/zyk/zybk/detail/lwklri269aazwk0i
vrxez6lv1367085k,260607,航空复合材料修理工程技术,本科（职业教育）,1070,装备制造,107026,航空装备类,10702606,,,https://gaokao.chsi.com.cn/zyk/zybk/detail/vrxez6lv1367085k
n5igksi18awvgmnx,260701,汽车工程技术,本科（职业教育）,1070,装备制造,107026,汽车制造类,10702607,2025,本专业培养掌握较为系统的基础理论知识和技术技能，具备技术研发与改造、工艺设计、技术实践能力，面向汽车制造业的汽车工程技术人员、汽车运用工程技术人员，能够从事汽车及零部件试制、标定、试验技术开发，生产工艺设计及改进、生产质量管理、生产现场管理，售前售后技术管理等工作，具有一定的创新能力的高端技能人才。,https://gaokao.chsi.com.cn/zyk/zybk/detail/n5igksi18awvgmnx
e9nrud4kkrbdqw9t,260702,新能源汽车工程技术,本科（职业教育）,1070,装备制造,107026,汽车制造类,10702607,2025,本专业培养掌握较为系统的基础理论知识和技术技能，具备技术研发与改造、工艺设计、技术实践能力，面向新能源汽车制造业，能够从事新能源整车、零部件及配套设施的电子电气系统设计与调试、机械系统设计与改进、产品性能测试与评估、制造工艺设计与优化、生产现场管理与技术服务的高端技能人才。,https://gaokao.chsi.com.cn/zyk/zybk/detail/e9nrud4kkrbdqw9t
2ajhv6f3fo4a6roe,260703,智能网联汽车工程技术,本科（职业教育）,1070,装备制造,107026,汽车制造类,10702607,2025,本专业培养德智体美劳全面发展，掌握扎实的科学文化基础和智能网联汽车结构原理、应用开发方法、测试方法等知识，具备智能网联汽车整车及系统（部件）应用开发、综合测试、现场运营、故障诊断等能力，具有工匠精神和信息素养，能够从事智能网联汽车整车及系统（部件）硬件开发、软件开发、仿真测试、试验测试、生产工艺设计及改进、生产质量管理、生产现场管理、售前售后技术管理等工作的高层次技术技能人才。,https://gaokao.chsi.com.cn/zyk/zybk/detail/2ajhv6f3fo4a6roe
5q7pkyinb9c7d1ze,260704,汽车芯片与软件工程技术,本科（职业教育）,1070,装备制造,107026,汽车制造类,10702607,,,https://gaokao.chsi.com.cn/zyk/zybk/detail/5q7pkyinb9c7d1ze
0g27qk24apu8fuz3,270101,生物检验检测技术,本科（职业教育）,1070,生物与化工,107027,生物技术类,10702701,2025,本专业培养德智体美劳全面发展，掌握扎实的科学文化基础和微生物与免疫学、分子生物学、生物检验检测及相关法律法规等知识，具备生物大分子物质检测、现代免疫学检测、细胞培养与动物试验、实验室信息化管理等能力，具有工匠精神和信息素养，能够从事生物检测、生物试验与研发和实验室管理等工作的高层次技术技能人才。,https://gaokao.chsi.com.cn/zyk/zybk/detail/0g27qk24apu8fuz3
t8r8zgueij64o888,270102,合成生物技术,本科（职业教育）,1070,生物与化工,107027,生物技术类,10702701,2025,本专业培养德智体美劳全面发展，掌握扎实的科学文化基础和分子生物学、生物信息分析、生物代谢调控、合成生物设计与调控等知识，具备分子生物学操作、基因线路设计、细胞培养和生物药物发酵生产及管理等能力，具有工匠精神和信息素养，能够从事 DNA 测序分析、基因组合成、细胞合成、合成细胞应用技术、基因工程药物和疫苗生产、质量控制等工作的高层次技术技能人才。,https://gaokao.chsi.com.cn/zyk/zybk/detail/t8r8zgueij64o888
y4vidg7z8ylm19dq,270103,农业生物技术,本科（职业教育）,1070,生物与化工,107027,生物技术类,10702701,2025,本专业培养德智体美劳全面发展，掌握扎实的科学文化基础和生物遗传与基因工程、农业生物产品生产管理及相关法律法规等知识，具备运用生物技术进行作物新品种选育、农业生物产品开发应用等能力，具有工匠精神和信息素养，能够从事分子辅助育种、脱毒种苗生产管理、生物肥料生产管理、生物农药生产管理、食用药用菌菌种生产管理等工作的高层次技术技能人才。,https://gaokao.chsi.com.cn/zyk/zybk/detail/y4vidg7z8ylm19dq
fonwyfs1yvdz8ftb,270201,应用化工技术,本科（职业教育）,1070,生物与化工,107027,化工技术类,10702702,2025,本专业培养掌握较为系统的基础理论知识和技术技能，具备技术研发与改造、工艺设计、技术实践能力，面向化学原料及化学制品制造行业，能够从事生产运行管理、工艺优化、技术研发与改造、工程设计等工作的高端技能人才。,https://gaokao.chsi.com.cn/zyk/zybk/detail/fonwyfs1yvdz8ftb
amtjmn0hf3f6hder,270202,化工智能制造工程技术,本科（职业教育）,1070,生物与化工,107027,化工技术类,10702702,2025,本专业培养德智体美劳全面发展，掌握扎实的科学文化基础和化工生产工艺、智能制造原理、化工生产智能控制等知识，具备应用化工智能化系统进行生产管理、工艺优化与开发、化工智能制造系统优化与开发等能力，具有工匠精神和信息素养，能够从事化工生产管理、工艺优化与技术开发、大数据应用与开发等工作的高层次技术技能人才。,https://gaokao.chsi.com.cn/zyk/zybk/detail/amtjmn0hf3f6hder
n1r2itizw47hp0sp,270203,现代精细化工技术,本科（职业教育）,1070,生物与化工,107027,化工技术类,10702702,2025,本专业培养德智体美劳全面发展，掌握扎实的科学文化基础和精细化学品原料处理、绿色生产、分离精制、数字管理、产品性能测试及企业管理等知识，具备精细化工智能生产、产品检测与评价、新产品新工艺研究开发、工艺和配方设计、放大和优化、数字管理与应用等能力，具有工匠精神和信息素养，能够从事精细化工生产、控制和管理、精细化学品配制及配方优化、产品研发等工作的高层次技术技能人才。,https://gaokao.chsi.com.cn/zyk/zybk/detail/n1r2itizw47hp0sp
1cuyvedxfbqh1ijf,270204,现代分析测试技术,本科（职业教育）,1070,生物与化工,107027,化工技术类,10702702,2025,本专业培养德智体美劳全面发展，掌握扎实的科学文化基础和化学、数学、微生物、分析检测理论、PLC 编程组态、产品的过程质量控制及检验等知识，具备样品采集与制备、分析检测、高端仪器设备使用与维护、专业软件使用与数据处理等能力，具有工匠精神和信息素养，能够从事高端分析仪器使用与维护、自动监测、在线分析系统运维、质量管理、产品研发及测试服务等工作的高层次技术技能人才。,https://gaokao.chsi.com.cn/zyk/zybk/detail/1cuyvedxfbqh1ijf
i1pl3r4nbn08cgrd,280101,化妆品工程技术,本科（职业教育）,1070,轻工纺织,107028,轻化工类,10702801,2025,本专业培养德智体美劳全面发展，掌握扎实的科学文化基础和化妆品工程技术理论等知识，具备较强的新工艺改良、新技术开发、配方设计、产品质量控制、生产流程安全管理等能力，具有工匠精神和信息素养，能够从事化妆品 GMP 与安全生产、应用研究、功效评价、营销策划等工作的高层次技术技能人才。,https://gaokao.chsi.com.cn/zyk/zybk/detail/i1pl3r4nbn08cgrd
kzqbuany9g0k7kjf,280102,现代造纸工程技术,本科（职业教育）,1070,轻工纺织,107028,轻化工类,10702801,2025,本专业培养德智体美劳全面发展，掌握扎实的科学文化基础和制浆造纸工程技术理论等知识，具备制浆造纸生产流程操作、生产工艺设计优化、造纸化学品应用等能力，具有工匠精神和信息素养，能够从事现代造纸安全生产，现场管理，质量品控，制浆造纸新材料、新技术、新产品研发等工作的高层次技术技能人才。,https://gaokao.chsi.com.cn/zyk/zybk/detail/kzqbuany9g0k7kjf
rnc4051qf02ld6q8,280103,珠宝首饰工程技术,本科（职业教育）,1070,轻工纺织,107028,轻化工类,10702801,,,https://gaokao.chsi.com.cn/zyk/zybk/detail/rnc4051qf02ld6q8
vbdqxxw8cumn5sgh,280201,包装工程技术,本科（职业教育）,1070,轻工纺织,107028,包装类,10702802,2025,本专业培养德智体美劳全面发展，掌握扎实的科学文化基础和包装产品工艺设计、包装产品质量控制、数字化流程管理等知识，具备包装整体方案设计、包装质量分析与控制、数字化包装流程系统操作与维护等能力，具有工匠精神和信息素养，能够从事包装系统设计、包装质量控制与管理、数字化包装流程生产与管理等工作的高层次技术技能人才。,https://gaokao.chsi.com.cn/zyk/zybk/detail/vbdqxxw8cumn5sgh
eyu6nfnfppae2ynj,280301,数字印刷工程,本科（职业教育）,1070,轻工纺织,107028,印刷类,10702803,2025,本专业培养德智体美劳全面发展，掌握扎实的科学文化基础和印前图文处理、数字印前技术、印刷材料、色彩管理等知识，具备数字印前设计、色彩管理应用、数媒设计与制作、数字印刷工程创新与管理等能力，具有工匠精神和信息素养，能够从事数字印刷方案策划与设计、数字印刷设备操作与维护、数字印刷生产组织与管理等工作的高层次技术技能人才。,https://gaokao.chsi.com.cn/zyk/zybk/detail/eyu6nfnfppae2ynj
l7ywemcfiu4r32h0,280401,现代纺织工程技术,本科（职业教育）,1070,轻工纺织,107028,纺织服装类,10702804,2025,本专业培养德智体美劳全面发展，掌握扎实的科学文化基础和纤维材料开发、数字化生产控制、互联网贸易等知识，具备现代纺织工程实践等能力，具有工匠精神、信息素养和国际视野，能够从事纺织新材料检测与开发、智能生产与管理、先进纺织产品开发与品质控制、绿色纺织理念推广与应用、纺织品跟单与数字化贸易等工作的高层次技术技能人才。,https://gaokao.chsi.com.cn/zyk/zybk/detail/l7ywemcfiu4r32h0
mk574vyk3gvh7owb,280402,服装工程技术,本科（职业教育）,1070,轻工纺织,107028,纺织服装类,10702804,2025,本专业培养德智体美劳全面发展，掌握扎实的科学文化基础和服装设计、服装结构、工艺生产、智能管理等知识，具备服装产品设计、版型设计、工艺设计、智能生产管理等能力，具有工匠精神和信息素养，能够从事服装设计、服装版型设计、服装工艺设计、品控优化、新产品开发、智能化服装生产管理等工作的高层次技术技能人才。,https://gaokao.chsi.com.cn/zyk/zybk/detail/mk574vyk3gvh7owb
920pc017tu1akfdq,280404,鞋类工程技术,本科（职业教育）,1070,轻工纺织,107028,纺织服装类,10702804,,,https://gaokao.chsi.com.cn/zyk/zybk/detail/920pc017tu1akfdq
t4stl6e35d8tp0m7,290101,食品工程技术,本科（职业教育）,1070,食品药品与粮食,107029,食品类,10702901,2025,本专业培养德智体美劳全面发展，掌握扎实的科学文化基础和化学、人工智能、食品工程、相关法律法规等知识，具备分析与解决食品生产、管理和研发的问题等能力，具有工匠精神和信息素养，能够从事食品和相关领域的智能制造、检验检测、功能评价、产品研制、技术研发等工作的高层次技术技能人才。,https://gaokao.chsi.com.cn/zyk/zybk/detail/t4stl6e35d8tp0m7
1z1z5z9djj1wycw7,290102,食品质量与安全,本科（职业教育）,1070,食品药品与粮食,107029,食品类,10702901,2025,本专业培养德智体美劳全面发展，掌握扎实的科学文化基础和食品质量检验、质量管理和体系认证、相关法律法规等知识，具备食品检验与分析、质量控制与改进、审核认证、合规管理和安全监管等能力，具有工匠精神和信息素养，能够从事食品质量检验与分析、质量控制与管理、管理体系建立与审核、食品安全风险控制和管理、食品合规管理体系建立与管理及食品安全监管等工作的高层次技术技能人才。,https://gaokao.chsi.com.cn/zyk/zybk/detail/1z1z5z9djj1wycw7
gmfxc41uyiobtfej,290103,食品营养与健康,本科（职业教育）,1070,食品药品与粮食,107029,食品类,10702901,2025,本专业培养德智体美劳全面发展，掌握扎实的科学文化基础和生物科学、营养科学、食品科学、健康管理、健康促进及相关法律法规等知识，具备人体营养与健康风险评估、营养膳食设计与配餐、健康营养促进、功能食品开发等能力，具有工匠精神和信息素养，能够从事营养咨询与教育、营养配餐、健康管理与促进、功能食品开发与应用及工艺管理等工作的高层次技术技能人才。,https://gaokao.chsi.com.cn/zyk/zybk/detail/gmfxc41uyiobtfej
1bovvmcrvgj8v82i,290104,酿酒工程技术,本科（职业教育）,1070,食品药品与粮食,107029,食品类,10702901,,,https://gaokao.chsi.com.cn/zyk/zybk/detail/1bovvmcrvgj8v82i
j5rz6314g7eqdb01,290201,制药工程技术,本科（职业教育）,1070,食品药品与粮食,107029,药品与医疗器械类,10702902,2025,本专业培养德智体美劳全面发展，掌握扎实的科学文化基础和制药工程技术等知识，具备发现和分析现场问题、生产现场管理、收集和处理质量数据、维护常用设备等能力，具有工匠精神和信息素养，能够从事医药产品生产过程和工艺管理、工程技术、质量管理、设备设施维护等工作的高层次技术技能人才,https://gaokao.chsi.com.cn/zyk/zybk/detail/j5rz6314g7eqdb01
0o6b7iy6q9bxpb56,290202,药品质量管理,本科（职业教育）,1070,食品药品与粮食,107029,药品与医疗器械类,10702902,2025,本专业培养德智体美劳全面发展，掌握扎实的科学文化基础和药品 GMP 实施与管理、质量风险管理与验证、药品检查技巧及相关法律法规等知识，具备药品生产全过程质量管理、验证项目实施与管理、质量管理体系文件检查和现场检查等能力，具有工匠精神和信息素养，能够从事 GMP 管理、验证管理、药品检查等工作的高层次技术技能人才。,https://gaokao.chsi.com.cn/zyk/zybk/detail/0o6b7iy6q9bxpb56
w4pjdll9gbqunup4,290203,医疗器械工程技术,本科（职业教育）,1070,食品药品与粮食,107029,药品与医疗器械类,10702902,2025,本专业培养德智体美劳全面发展，掌握扎实的科学文化基础和较为系统的医疗器械工程技术及相关法律法规等知识，具备较为复杂的技术应用、工程实践及管理实施等能力，具有工匠精神和信息素养，能够从事技术支持、技术服务、维护维修、产品开发（辅助）、质量管理等工作的高层次技术技能人才。,https://gaokao.chsi.com.cn/zyk/zybk/detail/w4pjdll9gbqunup4
z7ctdqq7dihdacjz,290204,药事服务与管理,本科（职业教育）,1070,食品药品与粮食,107029,药品与医疗器械类,10702902,2025,本专业培养德智体美劳全面发展，掌握扎实的科学文化基础和药物治疗学、药品经营质量管理规范、相关法律法规等知识，具备开展药学服务、处方审核及调配、医药商品购销储运、社会药房运营管理等能力，具有工匠精神和信息素养，能够从事以合理用药为核心的药品调剂、用药指导、常见病症及慢性病药学服务、医药商品购销、社会药房运营管理等工作的高层次技术技能人才。,https://gaokao.chsi.com.cn/zyk/zybk/detail/z7ctdqq7dihdacjz
4l9tfvk0qsko3d1i,290207,康复工程技术,本科（职业教育）,1070,食品药品与粮食,107029,药品与医疗器械类,10702902,,,https://gaokao.chsi.com.cn/zyk/zybk/detail/4l9tfvk0qsko3d1i
ydav8c0iyjncxctb,290208,生物制药技术,本科（职业教育）,1070,食品药品与粮食,107029,药品与医疗器械类,10702902,,,https://gaokao.chsi.com.cn/zyk/zybk/detail/ydav8c0iyjncxctb
icj9t26p1x8quwjt,290301,现代粮食工程技术,本科（职业教育）,1070,食品药品与粮食,107029,粮食类,10702903,2025,本专业培养德智体美劳全面发展，掌握扎实的科学文化基础与粮食加工生产技术、生产检验和品控技术、生产车间和品控部门管理、相关法律法规等知识，具备现代粮食加工生产操作、生产检验与品控、生产复杂问题处理、车间改造、企业中层管理等能力，具有工匠精神和信息素养，能够从事粮食加工生产技术改造和技术攻关、生产车间和品质管理部门主管等工作的高层次技术技能人才。,https://gaokao.chsi.com.cn/zyk/zybk/detail/icj9t26p1x8quwjt
vxiautc2cp0swr13,300101,高速铁路工程,本科（职业教育）,1070,交通运输,107030,铁道运输类,10703001,2025,本专业培养德智体美劳全面发展，掌握扎实的科学文化基础和高铁线路、桥涵、隧道等建设与运维等知识，具备高铁工程结构设计、施工组织管理、养护维修技术应用与研发等能力，具有工匠精神和信息素养，能够从事高铁工程项目勘测设计、技术管理、质量检测和高铁综合维修等工作的高层次技术技能人才。,https://gaokao.chsi.com.cn/zyk/zybk/detail/vxiautc2cp0swr13
gbx99mrzmmromki8,300102,高速铁路动车组技术,本科（职业教育）,1070,交通运输,107030,铁道运输类,10703001,2025,培养德智体美劳全面发展，掌握扎实的科学文化基础和动车组构造、作用原理等知识，具备动车组零部件产品开发、制造，动车组各系统组装调试，监控处理动车组运行状态，故障处理等能力，具有工匠精神和信息素养，能够从事动车组入厂（库）检修、动车组运行保障、动车组乘务及故障处理等工作的高层次技术技能人才,https://gaokao.chsi.com.cn/zyk/zybk/detail/gbx99mrzmmromki8
whg9gadw8jjqew41,300103,高速铁路信号控制技术,本科（职业教育）,1070,交通运输,107030,铁道运输类,10703001,2025,本专业培养德智体美劳全面发展，掌握扎实的科学文化基础和计算机、自动控制、通信以及高速铁路信号和控制及相关法律法规等知识，具备高速铁路信号设备和控制系统的设计、安装、调试与维护等能力，具有工匠精神和信息素养，能够从事高速铁路信号控制系统研发设计、系统集成、工程施工、运营维护及技术管理等工作的高层次技术技能人才。,https://gaokao.chsi.com.cn/zyk/zybk/detail/whg9gadw8jjqew41
vgscl49oo9zd2blh,300104,铁道机车智能运用技术,本科（职业教育）,1070,交通运输,107030,铁道运输类,10703001,2025,本专业培养德智体美劳全面发展，掌握扎实的科学文化基础和机车构造、机车传动与控制系统、机车制动系统、机车网络控制系统、铁路技术管理规程应用、列车运行数据分析、铁道机车智能运维与管理等知识，具备制订铁路机车及部件技术标准、制订铁路机车检修设备技术标准、编制运输方案、处理运行途中故障、处理非正常行车、机车检测与检修设备研发等能力，具有工匠精神和信息素养，能够从事铁道机车运用与维护、动车组驾驶，铁道机车运维大数据分析等工作的高层次技术技能人才。,https://gaokao.chsi.com.cn/zyk/zybk/detail/vgscl49oo9zd2blh
hfb3be40sr6mg8ve,300105,高速铁路运营管理,本科（职业教育）,1070,交通运输,107030,铁道运输类,10703001,2025,本专业培养德智体美劳全面发展，掌握扎实的科学文化基础和高速铁路调度指挥，组织、管理车站和列车的作业和服务，运用、管理铁路运输设备等知识，具备高速铁路行车组织与管理、客运组织与管理，铁路货运组织与管理及运输生产技术管理等能力，具有工匠精神和信息素养，能够从事办理接发列车作业、调车作业，编制车站作业计划，列车调度指挥及运输安全生产管理，旅客运输工作组织与管理，货物运输组织与管理，运输产品设计与开发，综合交通运输组织与管理等工作的高层次技术技能人才。,https://gaokao.chsi.com.cn/zyk/zybk/detail/hfb3be40sr6mg8ve
vbpl94qrfifnbxqa,300106,高速铁路通信技术,本科（职业教育）,1070,交通运输,107030,铁道运输类,10703001,,,https://gaokao.chsi.com.cn/zyk/zybk/detail/vbpl94qrfifnbxqa
1tz9svbe2j7l8oyn,300107,高速铁路智能供电技术,本科（职业教育）,1070,交通运输,107030,铁道运输类,10703001,,,https://gaokao.chsi.com.cn/zyk/zybk/detail/1tz9svbe2j7l8oyn
rcbd72b8hlfk7bu0,300201,道路与桥梁工程,本科（职业教育）,1070,交通运输,107030,道路运输类,10703002,2025,本专业培养德智体美劳全面发展，掌握扎实的科学文化基础和道路与桥梁工程设计、施工和工程项目管理及相关法律法规等知识，具备道路与桥梁结构设计、工程施工与项目管理等能力，具有工匠精神和信息素养，能够从事道路与桥梁工程设计、施工管理、造价编制、工程监理、工程养护、项目管理等工作的高层次技术技能人才。,https://gaokao.chsi.com.cn/zyk/zybk/detail/rcbd72b8hlfk7bu0
71uj43hdj93fjwty,300202,智能交通管理,本科（职业教育）,1070,交通运输,107030,道路运输类,10703002,2025,本专业培养德智体美劳全面发展，掌握扎实的科学文化基础和道路交通智能运行与控制、智能交通工程项目管理、交通大数据分析与处理等知识，具备道路智能交通系统运维、智能交通工程项目实施、交通大数据分析处理等能力，具有工匠精神和信息素养，能够从事道路交通状况评估和控制系统运维、工程项目管理、交通大数据分析处理等工作的高层次技术技能人才。,https://gaokao.chsi.com.cn/zyk/zybk/detail/71uj43hdj93fjwty
e9yigdmidikkqsx8,300203,汽车服务工程技术,本科（职业教育）,1070,交通运输,107030,道路运输类,10703002,2025,本专业培养掌握较为系统的基础理论知识和技术技能，具备技术研发与改造、工艺设计、技术实践能力，面向汽车服务业，能够从事汽车性能检测评价、汽车故障诊断、汽车市场营销策划与管理、汽车金融产品设计、汽车保险服务、汽车共享出行运营管理等工作的高端技能人才。,https://gaokao.chsi.com.cn/zyk/zybk/detail/e9yigdmidikkqsx8
sttxd449bi0aubrv,300301,航海技术,本科（职业教育）,1070,交通运输,107030,水上运输类,10703003,2025,本专业培养德智体美劳全面发展，掌握扎实的科学文化基础和船舶日常营运、货物积载运输、航海设备维护等知识，具备履行安保职责、维护保养航海仪器、设计船舶航线、船舶通信等能力，具有工匠精神和信息素养，能够从事船舶航行值班、航行指挥、货物配积载和作业图表编制审核、船舶污染防范、通信导航设备操作与维护、消防救生设备管理、船舶营运管理等工作的高层次技术技能人才。,https://gaokao.chsi.com.cn/zyk/zybk/detail/sttxd449bi0aubrv
wr30zas0s6tbz03u,300302,港口智能工程技术,本科（职业教育）,1070,交通运输,107030,水上运输类,10703003,2025,本专业培养德智体美劳全面发展，掌握扎实的科学文化基础和港口设备机电基础理论、操控管理、诊断维修、新能源技术以及智能系统设计等知识，具备实施安全生产、应急处置、操作管理、工艺优化、故障诊断修理、新技术应用、技术创新与改造等能力，具有工匠精神和信息素养，能够从事港口设备的运行管理、操作维护、故障诊断修理以及港口智能设备运用与技术服务等工作的高层次技术技能人才。,https://gaokao.chsi.com.cn/zyk/zybk/detail/wr30zas0s6tbz03u
kwbhg94qkw7jyxdu,300303,轮机工程技术,本科（职业教育）,1070,交通运输,107030,水上运输类,10703003,2025,本专业培养德智体美劳全面发展，掌握扎实的科学文化基础和船舶动力、轮机系统管理及相关法律法规等知识，具备船舶机舱设备操纵、维护管理以及轮机工程实践应用等能力，具有工匠精神和信息素养，能够从事船舶主辅设备操纵和维修、电气电子设备维护和管理、船舶作业及机舱资源管理、船舶防污染等工作的高层次技术技能人才。,https://gaokao.chsi.com.cn/zyk/zybk/detail/kwbhg94qkw7jyxdu
vd70mvigzpe1mlqi,300304,国际邮轮运营管理,本科（职业教育）,1070,交通运输,107030,水上运输类,10703003,2025,本专业培养德智体美劳全面发展，掌握扎实的科学文化基础和国际邮轮服务标准与质量管理、邮轮安全与法规、邮轮旅游产品开发与营销、邮轮数字化运营等知识，具备国际邮轮服务工作组织管理、邮轮业务管理、邮轮旅游产品设计开发等能力，具有工匠精神和信息素养，能够从事国际邮轮旅游产品开发与营销、航行线路设计、邮轮业务管理、邮轮餐饮服务、客舱服务、宾客服务管理、邮轮旅游信息服务管理等工作的高层次技术技能人才。,https://gaokao.chsi.com.cn/zyk/zybk/detail/vd70mvigzpe1mlqi
66ecv9grz12crteb,300305,水路运输与海事管理,本科（职业教育）,1070,交通运输,107030,水上运输类,10703003,2025,本专业培养德智体美劳全面发展，掌握扎实的科学文化基础和船舶安全、环境保护、航运业务等知识，具备维护水上交通秩序、防治船舶污染水域、保障船舶运营等能力，具有工匠精神和信息素养，能够从事水上交通秩序管理、海事调查与分析、危险品管理与污染防治、体系运行监控、船员管理、运输代理、船舶运输经营等工作的高层次技术技能人才。,https://gaokao.chsi.com.cn/zyk/zybk/detail/66ecv9grz12crteb
vzk9itgdq0vce1vf,300401,民航运输服务与管理,本科（职业教育）,1070,交通运输,107030,航空运输类,10703004,2025,本专业培养德智体美劳全面发展，掌握扎实的科学文化基础和民航旅客、货物运输及航空运输产品销售管理及相关法律法规等知识，具备民航旅客地面服务质量管理、货物运输组织管理及航空运输产品销售管理等能力，具有工匠精神和信息素养，能够从事民航客运员、民航货运员和运输代理服务员等工作的高层次技术技能人才。,https://gaokao.chsi.com.cn/zyk/zybk/detail/vzk9itgdq0vce1vf
1krisd7qetfdri46,300402,航空机电设备维修技术,本科（职业教育）,1070,交通运输,107030,航空运输类,10703004,2025,本专业培养德智体美劳全面发展，掌握扎实的科学文化基础和民用航空器机体、航空发动机、航空维修工程与管理及相关法律法规等知识，具备对航空器及其部件进行勤务、检查、拆装、测试、修理等能力，以及编写技术文件、制订生产计划和控制生产进度、检查和验收维修工作等工程管理能力，具有工匠精神和信息素养，能够从事民用航空器航线维护、定检维修、部件维修、航材管理、维修计划、质量管理等工作的高层次技术技能人才。,https://gaokao.chsi.com.cn/zyk/zybk/detail/1krisd7qetfdri46
qqeqpm3inuy8vs9h,300403,智慧机场运行与管理,本科（职业教育）,1070,交通运输,107030,航空运输类,10703004,2025,本专业培养德智体美劳全面发展，掌握扎实的科学文化基础和智慧机场航班流、事件流、资源流管控及相关法律法规等知识，具备面向旅客、行李、航空器及货物端到端运行全流程精细化管理等能力，具有工匠精神和信息素养，能够从事机场资源分配智慧化调度优化、航班计划智慧化运行管理、航空器机坪管制智慧化指挥与协调、机场安全管理、机场旅客地面服务保障、机场货物运输地面服务保障、机场航务保障、机坪运行管理等工作的高层次技术技能人才。,https://gaokao.chsi.com.cn/zyk/zybk/detail/qqeqpm3inuy8vs9h
plc41jkl2gbuze6c,300404,通用航空航务技术,本科（职业教育）,1070,交通运输,107030,航空运输类,10703004,2025,本专业培养德智体美劳全面发展，掌握扎实的科学文化基础和通用航空运行法律法规、通用航空器系统与性能、航空气象与航行情报等知识，具备申请飞行任务、航前讲解、跟踪监控飞行过程等能力，具有工匠精神和信息素养，能够从事通用航空航务支持、通航运行控制等工作的高层次技术技能人才。,https://gaokao.chsi.com.cn/zyk/zybk/detail/plc41jkl2gbuze6c
pvtifpzeec5ab09g,300601,城市轨道交通信号与控制技术,本科（职业教育）,1070,交通运输,107030,城市轨道交通类,10703006,2025,本专业培养掌握较为系统的基础理论知识和技术技能，具备技术研发与改造、技术实践、技术管理能力，面向城市轨道交通行业，能够从事城市轨道交通信号系统施工、维护、设计、开发、技术管理等工作的高端技能人才。,https://gaokao.chsi.com.cn/zyk/zybk/detail/pvtifpzeec5ab09g
v18mu8e6fff7a1hn,300602,城市轨道交通设备与控制技术,本科（职业教育）,1070,交通运输,107030,城市轨道交通类,10703006,2025,本专业培养德智体美劳全面发展，掌握扎实的科学文化基础和电工电子技术、自动控制综合应用技术、计算机辅助设计等知识，具备机电设备及系统安装调试、故障检修、自动控制系统维护等能力，具有工匠精神和信息素养，能够从事城市轨道交通信息系统保障与管理、车站机电设备故障分析与排除、车站机电设备系统自动控制管理等工作的高层次技术技能人才。,https://gaokao.chsi.com.cn/zyk/zybk/detail/v18mu8e6fff7a1hn
21591ut827v2v348,300603,城市轨道交通智能运营,本科（职业教育）,1070,交通运输,107030,城市轨道交通类,10703006,2025,本专业培养德智体美劳全面发展，掌握扎实的科学文化基础和城市轨道交通客运组织与优化、运输规划、大数据与人工智能、交通法规等知识，具备车站客流分析、团队管理、服务质量控制、运营安全管理、行车调度与优化等能力，具有工匠精神和信息素养，能够从事客运组织、服务质量管理、运营安全管理、应急预案编制、新线筹备及试运行组织、智能调度指挥、系统运行监控、施工计划组织等工作的高层次技术技能人才。,https://gaokao.chsi.com.cn/zyk/zybk/detail/21591ut827v2v348
kawf1pb0t81si2mb,300701,邮政快递管理,本科（职业教育）,1070,交通运输,107030,邮政类,10703007,2025,本专业培养德智体美劳全面发展，掌握扎实的科学文化基础和供应链管理、智慧化运营、网络规划与管理等知识，具备邮政快递企业管理、邮政快递方案设计、研究与创新等能力，具有工匠精神和信息素养，能够从事邮政快递服务管理、产品管理、质量管理、安全管理、经营管理、数字化运营管理、网络规划与智能优化等工作的高层次技术技能人才。,https://gaokao.chsi.com.cn/zyk/zybk/detail/kawf1pb0t81si2mb
d50zbm7gvrc0uruf,310101,电子信息工程技术,本科（职业教育）,1070,电子与信息,107031,电子信息类,10703101,2025,本专业培养掌握较为系统的基础理论知识和技术技能，具备技术研发与改造、工艺设计、技术实践能力，面向计算机、通信和其他电子设备制造、仪器仪表制造、软件和信息技术服务行业，能够从事电子信息产品软硬件开发、产品及系统装调、测试与质检、工艺设计及改进、产品销售及技术支持、项目管理及咨询、智能系统集成与实施等工作的高端技能人才。,https://gaokao.chsi.com.cn/zyk/zybk/detail/d50zbm7gvrc0uruf
z71s7dri9o04h336,310102,物联网工程技术,本科（职业教育）,1070,电子与信息,107031,电子信息类,10703101,2025,本专业培养掌握较为系统的基础理论知识和技术技能，具备技术研发与改造、工艺设计、技术实践能力，面向软件和信息技术服务、计算机、通信和其他电子设备制造行业，能够从事物联网感知控制开发、物联网组网通信开发、物联网应用开发、物联网应用系统设计开发和工程实施与运维等工作的高端技能人才。,https://gaokao.chsi.com.cn/zyk/zybk/detail/z71s7dri9o04h336
ghen1rqss1a481tf,310103,柔性电子技术,本科（职业教育）,1070,电子与信息,107031,电子信息类,10703101,2025,本专业培养德智体美劳全面发展，掌握扎实的科学文化基础和柔性电子技术、柔性电子加工工艺、柔性电子制造等知识，具备电子版图设计、制程工艺、设备使用与维护、品质检测等能力，具有工匠精神和信息素养，能够从事柔性电子器件及柔性组件的制造、服务、设备维护等工作的高层次技术技能人才。,https://gaokao.chsi.com.cn/zyk/zybk/detail/ghen1rqss1a481tf
pk36k8d0y7uq7cke,310104,光电信息工程技术,本科（职业教育）,1070,电子与信息,107031,电子信息类,10703101,2025,本专业培养德智体美劳全面发展，掌握扎实的科学文化基础和工程光学、光电子学、电子信息技术、通信技术等知识，具备各种光电系统的设计、集成、调式、安装、编程以及二次开发等能力，具有工匠精神和信息素养，能够从事光电通信系统、光电检测系统、光电成像系统以及信息系统的设计、集成、维护、运行、管理等工作的高层次技术技能人才。,https://gaokao.chsi.com.cn/zyk/zybk/detail/pk36k8d0y7uq7cke
4uxy1l6vd4kjmnaw,310105,智能体工程技术,本科（职业教育）,1070,电子与信息,107031,电子信息类,10703101,,,https://gaokao.chsi.com.cn/zyk/zybk/detail/4uxy1l6vd4kjmnaw
55r2hcu1fi9olyp2,310201,计算机应用工程,本科（职业教育）,1070,电子与信息,107031,计算机类,10703102,2025,本专业培养掌握较为系统的基础理论知识和技术技能，具备技术研发与改造、工艺设计、技术实践能力，面向软件和信息技术服务行业，能够从事信息系统集成、计算机软件开发、计算机服务平台搭建等工作的高端技能人才。,https://gaokao.chsi.com.cn/zyk/zybk/detail/55r2hcu1fi9olyp2
dx90vo01vj52mc4z,310202,网络工程技术,本科（职业教育）,1070,电子与信息,107031,计算机类,10703102,2025,本专业培养掌握较为系统的基础理论知识和技术技能，具备技术研发与改造、工艺设计、技术实践能力，面向互联网和相关服务、软件和信息技术服务行业，能够从事网络运维、网络系统集成、网络工程规划设计与应用开发等工作的高端技能人才。,https://gaokao.chsi.com.cn/zyk/zybk/detail/dx90vo01vj52mc4z
qcalqclym02hcgc6,310203,软件工程技术,本科（职业教育）,1070,电子与信息,107031,计算机类,10703102,2025,本专业培养掌握较为系统的基础理论知识和技术技能，具备技术研发与改造、工艺设计、技术实践能力，面向互联网和相关服务、软件和信息技术服务行业，能够从事计算机软件工程技术、信息系统分析工程技术等工作的高端技能人才。,https://gaokao.chsi.com.cn/zyk/zybk/detail/qcalqclym02hcgc6
i1u30a90mti15nik,310204,数字媒体技术,本科（职业教育）,1070,电子与信息,107031,计算机类,10703102,2025,本专业培养掌握较为系统的基础理论知识和技术技能，具备技术研发与改造、工艺设计、技术实践能力，面向数字内容服务、影视节目制作、互联网广告服务行业，能够从事数字媒体策划与创作、数字媒体产品设计、人机交互技术开发、数字媒体运营管理等工作的高端技能人才。,https://gaokao.chsi.com.cn/zyk/zybk/detail/i1u30a90mti15nik
aowfstvbkbzqvvuy,310205,大数据工程技术,本科（职业教育）,1070,电子与信息,107031,计算机类,10703102,2025,本专业培养掌握较为系统的基础理论知识和技术技能，具备一定的技术研发与改造、工艺设计、技术实践能力，面向互联网和相关服务、软件和信息技术服务等行业，能够从事大数据应用开发、大数据分析与挖掘等工作的高端技能人才。,https://gaokao.chsi.com.cn/zyk/zybk/detail/aowfstvbkbzqvvuy
81i7uwxc9vc6gl9q,310206,云计算技术,本科（职业教育）,1070,电子与信息,107031,计算机类,10703102,2025,本专业培养德智体美劳全面发展，掌握扎实的科学文化基础和私有云、公有云、虚拟化、容器技术、云安全、云存储及相关法律法规等知识，具备云平台规划设计、云平台部署和自动化运维、基于云平台的应用系统设计和开发、云安全管理等能力，具有工匠精神和信息素养，能够从事云平台设计、部署、运维、安全管理及自动化运维开发，云应用系统设计与开发、开源系统的二次开发等工作的高层次技术技能人才。,https://gaokao.chsi.com.cn/zyk/zybk/detail/81i7uwxc9vc6gl9q
tbp4zoxa5tho24i4,310207,信息安全与管理,本科（职业教育）,1070,电子与信息,107031,计算机类,10703102,2025,本专业培养掌握较为系统的基础理论知识和技术技能，具备一定的技术研发与改造、工艺设计、技术实践能力，面向互联网和相关服务、软件和信息技术服务等行业，能够从事信息系统安全工程规划与建设、信息系统安全评估与管理等工作的高端技能人才。,https://gaokao.chsi.com.cn/zyk/zybk/detail/tbp4zoxa5tho24i4
2ytz9o3qayka7yzw,310208,虚拟现实技术,本科（职业教育）,1070,电子与信息,107031,计算机类,10703102,2025,本专业培养德智体美劳全面发展，掌握扎实的科学文化基础和程序设计、虚拟现实引擎使用、虚拟现实产品开发、虚拟现实软硬件运维及相关法律法规等知识，具备使用开发虚拟现实软件及内容、进行相关软硬件运维操作等能力，具有工匠精神和信息素养，能够从事虚拟现实相关硬件搭建、软件部署、产品设计、开发应用程序、测试应用、虚拟现实三维场景设计、虚拟现实产品运维及软硬件集成、实施等工作的高层次技术技能人才。,https://gaokao.chsi.com.cn/zyk/zybk/detail/2ytz9o3qayka7yzw
1vo2h7q8dstpale2,310209,人工智能工程技术,本科（职业教育）,1070,电子与信息,107031,计算机类,10703102,2025,本专业培养德智体美劳全面发展，掌握扎实的科学文化基础和人工智能数据技术、机器学习、深度学习框架及相关法律法规等知识，具备人工智能数据处理、模型构建、系统研发与运维等能力，具有工匠精神和信息素养，能够从事人工智能数据处理与分析、人工智能应用开发等工作的高层次技术技能人才。,https://gaokao.chsi.com.cn/zyk/zybk/detail/1vo2h7q8dstpale2
3e4fn9vwre85f93a,310210,嵌入式技术,本科（职业教育）,1070,电子与信息,107031,计算机类,10703102,2025,本专业培养德智体美劳全面发展，掌握扎实的科学文化基础和掌握电子电路、程序设计、数据库、网络通信、嵌入式微处理器、嵌入式操作系统、人工智能等知识，具备嵌入式硬件调测、嵌入式底层驱动开发、嵌入式系统应用程序开发、智能算法分析与应用、嵌入式人工智能开发、嵌入式软件测试等能力，具有工匠精神和信息素养，能够从事嵌入式系统设计、嵌入式系统软件开发、产品测试、系统集成等工作的高层次技术技能人才,https://gaokao.chsi.com.cn/zyk/zybk/detail/3e4fn9vwre85f93a
b6jysz0g7pe403ta,310211,工业互联网技术,本科（职业教育）,1070,电子与信息,107031,计算机类,10703102,2025,本专业培养德智体美劳全面发展，掌握扎实的科学文化基础和工业互联网络技术、数据处理、安全防护等知识，具备工业互联网网络互联、数据采集与标识解析、边缘计算应用、工业大数据分析、工业 App 开发与应用、安全防护运维等能力，具有工匠精神和信息素养，能够从事工业数字化工程设计、实施与维护、应用开发、数据分析等工作的高层次技术技能人才。,https://gaokao.chsi.com.cn/zyk/zybk/detail/b6jysz0g7pe403ta
xp3cmmv8vs54m40w,310212,区块链技术,本科（职业教育）,1070,电子与信息,107031,计算机类,10703102,2025,本专业培养掌握较为系统的基础理论知识和技术技能，具备一定的技术研发与改造、工艺设计、技术实践能力，面向互联网和相关服务、软件和信息技术服务等行业，能够从事区块链设计、区块链研发、区块链应用开发与测试、区块链运维等工作的高端技能人才。,https://gaokao.chsi.com.cn/zyk/zybk/detail/xp3cmmv8vs54m40w
bz51twv7qryc5lwr,310213,数据安全技术与管理,本科（职业教育）,1070,电子与信息,107031,计算机类,10703102,,,https://gaokao.chsi.com.cn/zyk/zybk/detail/bz51twv7qryc5lwr
oss5rlkx7vt402ft,310214,密码工程技术,本科（职业教育）,1070,电子与信息,107031,计算机类,10703102,,,https://gaokao.chsi.com.cn/zyk/zybk/detail/oss5rlkx7vt402ft
ji1vx6tpbkdkpe4r,310215,工业智能工程技术,本科（职业教育）,1070,电子与信息,107031,计算机类,10703102,,,https://gaokao.chsi.com.cn/zyk/zybk/detail/ji1vx6tpbkdkpe4r
s38ry2g2023ezwrn,310216,开源技术开发与应用,本科（职业教育）,1070,电子与信息,107031,计算机类,10703102,,,https://gaokao.chsi.com.cn/zyk/zybk/detail/s38ry2g2023ezwrn
m8gzjyc7hf6fryr8,310301,现代通信工程,本科（职业教育）,1070,电子与信息,107031,通信类,10703103,2025,本专业培养掌握较为系统的基础理论知识和技术技能，具备一定的技术研发与改造、工艺设计、技术实践能力，面向电信、广播电视和卫星传输服务，软件和信息技术服务和数字经济新兴技术等行业，能够从事信息通信工程勘察、规划、设计、监理与施工，通信设备与网络的运行、维护、管理与优化，信息通信系统软硬件开发、测试、生产组织、管理与销售，行业企业智慧应用方案设计和系统集成等工作的高端技能人才。,https://gaokao.chsi.com.cn/zyk/zybk/detail/m8gzjyc7hf6fryr8
cr6umql08p18va13,310304,车联网通信工程,本科（职业教育）,1070,电子与信息,107031,通信类,10703103,,,https://gaokao.chsi.com.cn/zyk/zybk/detail/cr6umql08p18va13
c2s9e9q5smfp8jq2,310305,低空智联网工程,本科（职业教育）,1070,电子与信息,107031,通信类,10703103,,,https://gaokao.chsi.com.cn/zyk/zybk/detail/c2s9e9q5smfp8jq2
u8q5ch8obhklrrer,310306,数据中心工程技术,本科（职业教育）,1070,电子与信息,107031,通信类,10703103,,,https://gaokao.chsi.com.cn/zyk/zybk/detail/u8q5ch8obhklrrer
j4t2stjln00ci9ka,310401,集成电路工程技术,本科（职业教育）,1070,电子与信息,107031,集成电路类,10703104,2025,本专业培养德智体美劳全面发展，掌握扎实的科学文化基础和集成电路设计、制造、封装、测试等知识，具备集成电路设计、工艺开发、芯片测试应用等能力，具有工匠精神和信息素养，能够从事集成电路设计、集成电路验证、制造工艺整合、封装工艺开发、集成电路测试等工作的高层次技术技能人才。,https://gaokao.chsi.com.cn/zyk/zybk/detail/j4t2stjln00ci9ka
ofv2oq4r6tibg410,310402,半导体装备工程技术,本科（职业教育）,1070,电子与信息,107031,集成电路类,10703104,,,https://gaokao.chsi.com.cn/zyk/zybk/detail/ofv2oq4r6tibg410
x0e5x03qsh742boe,320201,护理,本科（职业教育）,1070,医药卫生,107032,护理类,10703202,2025,本专业培养掌握较为系统的基础理论知识和技术技能，具备一定的护理科研、护理管理、临床实践能力，面向医疗卫生行业执业护士等职业，能够从事患者护理、预防保健及健康指导等工作的高端技能人才。,https://gaokao.chsi.com.cn/zyk/zybk/detail/x0e5x03qsh742boe
wipnubyhwmejcq3y,320301,药学,本科（职业教育）,1070,医药卫生,107032,药学类,10703203,2025,本专业培养掌握较为系统的基础理论知识和技术技能，具备一定的药品研发、药品质控、临床药学实践能力，面向卫生行业的药师等职业，能够从事药学服务、药品质量控制、药物临床研究、药品市场营销等工作的高端技能人才。,https://gaokao.chsi.com.cn/zyk/zybk/detail/wipnubyhwmejcq3y
cdko7256x4w8kqnj,320401,中药制药,本科（职业教育）,1070,医药卫生,107032,中医药类,10703204,2025,本专业培养掌握较为系统的基础理论知识和技术技能，具备一定的技术研发与改造、工艺设计、技术实践能力，面向医药制造业的中药炮制工、药物制剂工、药物检验员、制药工程技术人员等职业，能够从事中药制造生产、中药炮制加工、中药制药生产与质量管理、中药制剂生产工艺改进、中药剂型改进与处方优化、中药制药工程设计、中药研发与注册申报等工作的高端技能人才。,https://gaokao.chsi.com.cn/zyk/zybk/detail/cdko7256x4w8kqnj
fex8jw6z309wnlwr,320501,医学检验技术,本科（职业教育）,1070,医药卫生,107032,医学技术类,10703205,2025,本专业培养德智体美劳全面发展，掌握扎实的科学文化基础和基础医学、临床医学、医学检验理论及卫生法律法规等知识，具备医学检验技术专业技能、适应医学检验技术数字化转型升级和发展趋势等能力，具有敬佑生命、救死扶伤、甘于奉献、大爱无疆的职业精神和信息素养，能够从事临床医学检验、输（采供）血检验等工作的高层次技术技能人才。,https://gaokao.chsi.com.cn/zyk/zybk/detail/fex8jw6z309wnlwr
vryumpfkzk8davdw,320502,医学影像技术,本科（职业教育）,1070,医药卫生,107032,医学技术类,10703205,2025,本专业培养德智体美劳全面发展，掌握扎实的科学文化基础和相关的基础医学和临床医学、医学影像成像原理和医学影像检查技术及相关卫生法律法规等知识，具备规范使用现代化医学影像设备进行人体各部位影像检查以及一定技术研发和创新发展等能力，具有敬佑生命、救死扶伤、甘于奉献、大爱无疆的职业精神和信息素养，能够从事 X 线摄影检查、CT 检查、MRI 检查、超声检查、核医学检查、介入检查等技术工作的高层次技术技能人才。,https://gaokao.chsi.com.cn/zyk/zybk/detail/vryumpfkzk8davdw
o20h2909wai4157h,320503,医学生物技术,本科（职业教育）,1070,医药卫生,107032,医学技术类,10703205,2025,本专业培养德智体美劳全面发展，掌握扎实的科学文化基础和基础医学、生命科学、生物技术及相关法律法规等知识，具备一定的医学实验室管理、生物技术服务、生物技术科研设计等能力，具有敬佑生命、救死扶伤、甘于奉献、大爱无疆的职业精神和信息素养，能够从事分子诊断技术、细胞工程技术、生物产品质量控制及其技术开发等工作的高层次技术技能人才。,https://gaokao.chsi.com.cn/zyk/zybk/detail/o20h2909wai4157h
kn64pt63n1m26iti,320504,口腔医学技术,本科（职业教育）,1070,医药卫生,107032,医学技术类,10703205,2025,本专业培养德智体美劳全面发展，掌握扎实的科学文化基础和口腔医学、口腔修复体设计与制作及相关法律法规等知识，具备各种口腔修复体设计与程序化制作、口腔修复体数字化设计与智能化制作等能力，具有敬佑生命、救死扶伤、甘于奉献、大爱无疆的职业精神和信息素养，能够从事口腔修复体设计与制作、口腔修复工艺椅旁技术服务、口腔修复工艺管理和技术研发等工作的高层次技术技能人才。,https://gaokao.chsi.com.cn/zyk/zybk/detail/kn64pt63n1m26iti
0mxm5bzd88l1lnng,320505,放射治疗技术,本科（职业教育）,1070,医药卫生,107032,医学技术类,10703205,2025,本专业培养德智体美劳全面发展，掌握扎实的科学文化基础和相关的基础医学、临床医学、放射治疗技术及相关法律法规等知识，具有操作放射治疗设备进行各部位肿瘤放射治疗、使用治疗计划系统（TPS）制作各部位肿瘤放射治疗计划等能力，具有敬佑生命、救死扶伤、甘于奉献、大爱无疆的职业精神和信息素养，能够从事医用电子加速器治疗操作、肿瘤模拟定位操作、近距离放射治疗及放射治疗计划设计等工作的高层次技术技能人才。,https://gaokao.chsi.com.cn/zyk/zybk/detail/0mxm5bzd88l1lnng
ankd13jv8zhyhrre,320506,呼吸治疗技术,本科（职业教育）,1070,医药卫生,107032,医学技术类,10703205,2025,本专业培养德智体美劳全面发展，掌握扎实的科学文化基础和基础医学、临床医学、呼吸治疗及相关卫生法律法规等知识，具有呼吸治疗技术监测评估、方案制定和实施、数据信息与技术管理、较强的就业和可持续发展等能力，具有敬佑生命、救死扶伤、甘于奉献、大爱无疆的职业精神和信息素养，能够从事机械通气、气道管理、重症监护、呼吸康复和呼吸治疗技术应用研究等工作的高层次技术技能人才。,https://gaokao.chsi.com.cn/zyk/zybk/detail/ankd13jv8zhyhrre
3yeqg82j6wtesoww,320601,康复治疗,本科（职业教育）,1070,医药卫生,107032,康复治疗类,10703206,2025,本专业培养掌握较为系统的基础理论知识和技术技能，具备一定的技术研发与改造、技术实践能力，面向卫生与社会工作行业的康复技师岗位 （群），能够从事物理治疗、作业治疗、言语治疗等工作的高端技能人才。,https://gaokao.chsi.com.cn/zyk/zybk/detail/3yeqg82j6wtesoww
c0nfehw1znk4b6dc,320602,康复辅助器具技术,本科（职业教育）,1070,医药卫生,107032,康复治疗类,10703206,2025,本专业培养德智体美劳全面发展，掌握扎实的科学文化基础和人体结构与功能、康复辅具产品功能与特点、康复辅具服务理念与方法、人机交互设计、材料加工等知识，具备康复辅具综合服务方案设计、项目管理、产品研发设计与制作等能力，具有工匠精神和信息素养，能够从事康复辅具服务管理、康复辅具产品研制等工作的高层次技术技能人才。,https://gaokao.chsi.com.cn/zyk/zybk/detail/c0nfehw1znk4b6dc
8euapb4euszspkp5,320603,言语听觉治疗技术,本科（职业教育）,1070,医药卫生,107032,康复治疗类,10703206,2025,本专业培养德智体美劳全面发展，掌握扎实的科学文化基础和言语听觉康复理论及相关法律法规等知识，具备言语障碍、语言障碍、吞咽障碍、听力障碍的康复评定及康复治疗等能力，具有敬佑生命、救死扶伤、甘于奉献、大爱无疆的职业精神和信息素养，能够从事言语功能、语言功能、吞咽功能、听功能康复治疗等工作的高层次技术技能人才。,https://gaokao.chsi.com.cn/zyk/zybk/detail/8euapb4euszspkp5
cwqew7qy39j21s0i,320604,儿童康复治疗,本科（职业教育）,1070,医药卫生,107032,康复治疗类,10703206,2025,本专业培养德智体美劳全面发展，掌握扎实的科学文化基础和常见儿童疾病功能障碍及评定、儿童康复治疗技术及相关法律法规等知识，具备为患儿实施康复评定、康复治疗、康复指导培训等能力，具有敬佑生命、救死扶伤、甘于奉献、大爱无疆的职业精神和信息素养，能够从事儿童物理治疗、儿童作业治疗、儿童言语治疗、儿童教育康复等工作的高层次技术技能人才。,https://gaokao.chsi.com.cn/zyk/zybk/detail/cwqew7qy39j21s0i
jvlwtturgz3h9ecn,320701,公共卫生管理,本科（职业教育）,1070,医药卫生,107032,公共卫生与卫生管理类,10703207,2025,本专业培养德智体美劳全面发展，掌握扎实的科学文化基础和公共卫生服务管理内容和实施评价方法、公共卫生项目和行政事务管理方法、突发公共卫生事件应急处置与监督管理方法、疾病预防控制管理方法、健康教育与健康促进及相关法律法规等知识，具有开展公共卫生服务管理、应对突发公共卫生事件、卫生监督监测、疾病预防控制、健康教育与健康促进等能力，具有敬佑生命、救死扶伤、甘于奉献、大爱无疆的职业精神和信息素养，能够从事公共卫生服务管理、公共卫生应急与监督管理、疾病预防控制管理等工作的高层次技术技能人才。,https://gaokao.chsi.com.cn/zyk/zybk/detail/jvlwtturgz3h9ecn
lrtg3awv4t7x7f33,320702,职业卫生工程技术,本科（职业教育）,1070,医药卫生,107032,公共卫生与卫生管理类,10703207,2025,本专业培养德智体美劳全面发展，掌握扎实的科学文化基础和工作场所各类职业危害因素辨识与采样检测、职业卫生工程防护及相关法律法规和技术标准等知识，具备职业卫生管理、职业病危害事故应急救援、职业危害治理等能力，具有工匠精神和信息素养，能够从事职业卫生管理、工作场所职业危害治理、职业卫生防护工程设计、职业病危害事故应急处置等工作的高层次技术技能人才。,https://gaokao.chsi.com.cn/zyk/zybk/detail/lrtg3awv4t7x7f33
znwqau92rw3gefs3,320703,职业病危害检测评价技术,本科（职业教育）,1070,医药卫生,107032,公共卫生与卫生管理类,10703207,2025,本专业培养德智体美劳全面发展，掌握扎实的科学文化基础和医学基础、职业卫生、检测检验、职业健康风险评估及相关法律法规和技术标准等知识，具备职业病危害识别、检测及评价、控制与治理等能力，具有敬佑生命、救死扶伤、甘于奉献、大爱无疆的职业精神和信息素养，能够从事职业病危害因素检测与评价、职业卫生管理等工作的高层次技术技能人才。,https://gaokao.chsi.com.cn/zyk/zybk/detail/znwqau92rw3gefs3
hmdzeh5tug1rbbp1,320801,健康管理,本科（职业教育）,1070,医药卫生,107032,健康管理与促进类,10703208,2025,本专业培养德智体美劳全面发展，掌握扎实的科学文化基础和临床医学、预防医学、中医学、公共卫生、健康管理学及卫生法律法规等知识，具备健康信息数据分析及应用、健康监测与风险评估、健康干预方案制定及健康指导等能力，具有敬佑生命、救死扶伤、甘于奉献、大爱无疆的职业精神和信息素养，能够从事健康评估与服务规划、智慧健康技术应用与生产等工作的高层次技术技能人才。,https://gaokao.chsi.com.cn/zyk/zybk/detail/hmdzeh5tug1rbbp1
o2ebttymkxmyr1xu,320802,婴幼儿发展与健康管理,本科（职业教育）,1070,医药卫生,107032,健康管理与促进类,10703208,2025,本专业培养德智体美劳全面发展，掌握扎实的科学文化基础和婴幼儿生理学、发展心理学、卫生保健、营养喂养、急救护理等知识，具备婴幼儿回应性照料、游戏活动设计与实施、婴幼儿观察与评估、伤害预防与处理、疾病识别与护理、照护者指导与咨询、机构创立与管理等能力，具有敬佑生命、甘于奉献、大爱无疆的职业精神和信息素养，能够从事婴幼儿的生活照料、学习支持、安全保障、健康管理、合作共育以及婴幼儿照护机构建设管理等工作的高层次技术技能人才。,https://gaokao.chsi.com.cn/zyk/zybk/detail/o2ebttymkxmyr1xu
hbykzvt7dluisp0r,320803,医养照护与管理,本科（职业教育）,1070,医药卫生,107032,健康管理与促进类,10703208,2025,本专业培养德智体美劳全面发展，掌握扎实的科学文化基础和老年人生活照护、慢性病管理、康复保健、活动组织策划、机构运营管理及相关法律法规等知识，具备老年人综合评估、老年人健康照护、安宁疗护、医养结合结构运营与管理等能力，具有敬佑生命、救死扶伤、甘于奉献、大爱无疆的职业精神及信息素养，能够从事老年人健康照护、老年人疾病管理、医养结合机构运营与管理等工作的高层次技术技能人才。,https://gaokao.chsi.com.cn/zyk/zybk/detail/hbykzvt7dluisp0r
j1cqh9cdnyzzevws,320901,眼视光技术,本科（职业教育）,1070,医药卫生,107032,眼视光类,10703209,2025,本专业培养德智体美劳全面发展，掌握扎实的科学文化基础和光学、眼保健、视光学基础理论及相关法律法规等知识，具备运用现代技术和手段进行验光配镜、儿童青少年近视防控、视觉训练与康复、各种眼镜加工与质检等能力，具有工匠精神和信息素养，能够从事眼保健、眼屈光检查与矫正、眼视光特检、接触镜验配、近视防控、视觉训练与康复、眼镜定配、眼镜营销与眼镜店管理等工作的高层次技术技能人才。,https://gaokao.chsi.com.cn/zyk/zybk/detail/j1cqh9cdnyzzevws
rliuru0eb4cv358y,330101,财税大数据应用,本科（职业教育）,1070,财经商贸,107033,财政税务类,10703301,2025,本专业培养德智体美劳全面发展，掌握扎实的科学文化基础和系统的经济管理、财政税收、财务会计、业财管理与大数据等知识，具备大数据思维和大数据工具应用能力、财税业务核算与管理能力及智能化财税技术开发与应用等能力，具有为国聚财的家国情怀、使命担当和精益求精的工匠精神，能够从事财税核算与管理、纳税检查与鉴证、纳税筹划、财税共享服务、财税顾问与决策咨询、政府会计、财税数据分析、财税机器人应用与开发等工作的高层次技术技能人才。,https://gaokao.chsi.com.cn/zyk/zybk/detail/rliuru0eb4cv358y
e2l19smx50o9t0vn,330201,金融管理,本科（职业教育）,1070,财经商贸,107033,金融类,10703302,2025,本专业培养掌握较为系统的基础理论知识与技术技能，具备一定的金融产品研发设计与业务实践能力，面向货币金融服务、资本市场服务以及其他金融业的银行服务人员、证券期货服务人员、证券期货基金专业人员、其他金融服务人员等职业，能够从事金融机构银行授信业务管理、柜面综合业务处理、理财规划与投资咨询等工作的高端技能人才。,https://gaokao.chsi.com.cn/zyk/zybk/detail/e2l19smx50o9t0vn
03d998p9hljef0nu,330202,金融科技应用,本科（职业教育）,1070,财经商贸,107033,金融类,10703302,2025,本专业培养德智体美劳全面发展，掌握扎实的科学文化基础和经济、金融、金融科技应用、Python 程序设计语言及相关法律法规等知识，具备适应金融产业数字化发展需求的大数据分析、业务上链、应用技术运维等能力，具有工匠精神和信息素养，能够从事金融大数据分析师、金融科技应用产品经理、金融数字营销师、金融科技应用运维工程师、金融科技应用开发工程师等工作的高层次技术技能人才。,https://gaokao.chsi.com.cn/zyk/zybk/detail/03d998p9hljef0nu
9pqpplt4pkb1rep7,330203,保险,本科（职业教育）,1070,财经商贸,107033,金融类,10703302,2025,本专业培养德智体美劳全面发展，掌握扎实的科学文化基础和保险业务、保险中介业务、保险投资、风险管理等知识，具备保险业务处理、数据分析、风险评估、团队协作等能力，具有工匠精神和信息素养，能够从事客户管理、承保理赔、基层管理、投资理财、内控合规等工作的高层次技术技能人才。,https://gaokao.chsi.com.cn/zyk/zybk/detail/9pqpplt4pkb1rep7
8jkd6wqm8w0t4inx,330204,信用管理,本科（职业教育）,1070,财经商贸,107033,金融类,10703302,2025,本专业培养德智体美劳全面发展，掌握扎实的科学文化基础和信用经济学、信用管理学、金融学等知识，具备信用风险控制与管理、征信数据分析、企业应收账款管理、金融机构客户服务与信用产品营销等能力，具有工匠精神和信息素养，能够从事信用分析、评估和管理等工作的高层次技术技能人才。,https://gaokao.chsi.com.cn/zyk/zybk/detail/8jkd6wqm8w0t4inx
ynks7b5648mwk5dd,330205,财富管理,本科（职业教育）,1070,财经商贸,107033,金融类,10703302,,,https://gaokao.chsi.com.cn/zyk/zybk/detail/ynks7b5648mwk5dd
kcr8hxmjsye1z9y2,330301,大数据与财务管理,本科（职业教育）,1070,财经商贸,107033,财务会计类,10703303,2025,本专业培养掌握较为系统的基础理论知识和技术技能，具备一定的技术研发与改造、工艺设计、技术实践能力，面向政府机关、企事业单位、会计与税务中介服务机构的财务管理岗位 （群），能够从事投融资管理、预算管理、成本管理、税务管理、财务机器人应用与开发、大数据分析、风险控制等工作的高端技能人才。,https://gaokao.chsi.com.cn/zyk/zybk/detail/kcr8hxmjsye1z9y2
wqv85sg31scaiwia,330302,大数据与会计,本科（职业教育）,1070,财经商贸,107033,财务会计类,10703303,2025,本专业培养掌握较为系统的基础理论知识和技术技能，具备一定的技术研发与改造、工艺设计、技术实践能力，面向政府机关、企事业单位和中介机构的会计、审计、税务和管理咨询岗位 （群），能够从事会计核算、数据分析、管理决策、管理咨询工作的高端技能人才。,https://gaokao.chsi.com.cn/zyk/zybk/detail/wqv85sg31scaiwia
ik7ibf3mlb23ehij,330303,大数据与审计,本科（职业教育）,1070,财经商贸,107033,财务会计类,10703303,2025,本专业培养德智体美劳全面发展，掌握扎实的科学文化基础和财经法规、会计、税务、审计、风险管理等知识，具备内部控制制度设计、大数据技术应用、风险管理和审计项目实施等能力，具有工匠精神和信息素养，能够从事注册会计师审计、内部审计、政府审计、会计、企业合规管理等工作的高层次技术技能人才。,https://gaokao.chsi.com.cn/zyk/zybk/detail/ik7ibf3mlb23ehij
43q5pyrtrmwpbezg,330304,业财融合管理,本科（职业教育）,1070,财经商贸,107033,财务会计类,10703303,,,https://gaokao.chsi.com.cn/zyk/zybk/detail/43q5pyrtrmwpbezg
5uztjr9298qloch8,330401,统计与大数据分析,本科（职业教育）,1070,财经商贸,107033,统计类,10703304,,,https://gaokao.chsi.com.cn/zyk/zybk/detail/5uztjr9298qloch8
0qvc13wr82apkfjy,330501,国际经济与贸易,本科（职业教育）,1070,财经商贸,107033,经济贸易类,10703305,2025,本专业培养掌握较为系统的基础理论知识和技术技能，具备一定的技术研发与改造、工艺设计、技术实践能力，面向批发业、零售业、商务服务业的外贸业务主管、外贸单证主管、外贸跟单主管、跨境电商运营主管、跨境电商销售主管、跨境电商营销主管等岗位 （群），能够从事外贸进出口、外贸单证、外贸跟单、跨境电商运营与销售、营销推广等管理工作的高端技能人才。,https://gaokao.chsi.com.cn/zyk/zybk/detail/0qvc13wr82apkfjy
wbsfqopo849zefnm,330601,企业数字化管理,本科（职业教育）,1070,财经商贸,107033,工商管理类,10703306,2025,本专业培养德智体美劳全面发展，掌握扎实的科学文化基础和信息系统及数据库技术、企业生产运作管理、营销管理、人力资源管理、财务管理等知识，具备数据分析、数字化人力资源管理、数字化运营与决策管理等能力，具有工匠精神和信息素养，能够从事企业数字化经营管理、企业数字化管理咨询服务等工作的高层次技术技能人才。,https://gaokao.chsi.com.cn/zyk/zybk/detail/wbsfqopo849zefnm
wf1qqzpphukzfqqa,330602,市场营销,本科（职业教育）,1070,财经商贸,107033,工商管理类,10703306,2025,本专业培养掌握较为系统的基础理论知识和技术技能，具备一定的技术研发与改造、工艺设计、技术实践能力，面向批发业、零售业、商务服务业、制造业等行业的市场营销专业人员、品牌专业人员、人工智能训练师等职业，能够从事需求洞察、产品规划、品牌策划与管理、数字营销策划、营销智能机器人训练等市场营销策划和管理工作的高端技能人才。,https://gaokao.chsi.com.cn/zyk/zybk/detail/wf1qqzpphukzfqqa
pw7ylhk8n4vvm8ti,330701,电子商务,本科（职业教育）,1070,财经商贸,107033,电子商务类,10703307,2025,本专业培养掌握较为系统的基础理论知识和技术技能，具备一定的技术研发与改造、工艺设计、技术实践能力，面向互联网和相关服务、批发业、零售业行业的运营经理、全渠道营销经理、销售经理、采购经理、客服经理、体验设计经理、产品开发经理等岗位（群）或技术领域，能够从事平台运营、渠道运营、行业运营数据分析、品牌建设、营销推广、销售管理、供应链管理、智能客服、用户体验设计、互联网产品设计等工作的高端技能人才。,https://gaokao.chsi.com.cn/zyk/zybk/detail/pw7ylhk8n4vvm8ti
yi993he749kq4xz2,330702,跨境电子商务,本科（职业教育）,1070,财经商贸,107033,电子商务类,10703307,2025,本专业培养德智体美劳全面发展，掌握扎实的科学文化基础和产品开发、海外营销推广、数据分析、跨境物流及相关法律法規等知识，具备跨境电子商务运营、海外市场营销推广、跨境电商数据分析、物流与供应链管理等能力，具有工匠精神和信息素养，能够从事跨境电商产品开发与优化、产品每外市场推广、数据分析与运营决策、客户服务与管理、视觉营销与设计、跨境电商物流管理与服务、跨境采购管理等工作的高层次技术技能人才。,https://gaokao.chsi.com.cn/zyk/zybk/detail/yi993he749kq4xz2
fdikt2hipg0l7fbf,330703,全媒体电商运营,本科（职业教育）,1070,财经商贸,107033,电子商务类,10703307,2025,本专业培养德智体美劳全面发展，掌握扎实的科学文化基础和市场营销、电子商务、全媒体运营及相关法律法规等知识，具备全媒体渠道推广、内容规划与运营、客户开发与管理等能力，具有工匠精神和信息素养，能够从事市场策划、品牌开发、产品开发、全媒体渠道推广、直播与短视频运营、内容规划与运营、新媒体运营、客户开发与管理和视觉创意与设计等工作的高层次技术技能人才。,https://gaokao.chsi.com.cn/zyk/zybk/detail/fdikt2hipg0l7fbf
2n9ij7wvb6d4cqk1,330704,商务数据分析与管理,本科（职业教育）,1070,财经商贸,107033,电子商务类,10703307,,,https://gaokao.chsi.com.cn/zyk/zybk/detail/2n9ij7wvb6d4cqk1
2ls6tgqv61axl5du,330801,物流工程技术,本科（职业教育）,1070,财经商贸,107033,物流类,10703308,2025,本专业培养德智体美劳全面发展，掌握扎实的科学文化基础和物流设施与设备、物流大数据分析、物流项目管理、物流系统规划与设计等知识，具备物流设施设备应用与运维、物流大数据挖掘与可视化、物流系统建模与仿真软件操作、物流项目方案编制等能力，具有工匠精神和信息素养，能够从事智能物流装备集成与应用、物流大数据分析、物流工程项目方案设计与实施、物流系统规划与设计等工作的高层次技术技能人才。,https://gaokao.chsi.com.cn/zyk/zybk/detail/2ls6tgqv61axl5du
qalwbp5r2bd5ktz9,330802,现代物流管理,本科（职业教育）,1070,财经商贸,107033,物流类,10703308,2025,本专业培养掌握较为系统的基础理论知识和技术技能，具备一定的技术研发与改造、工艺设计、技术实践能力，面向铁路运输业、道路运输业、水上运输业、航空运输业、多式联运和运输代理业、装卸搬运和仓储业、邮政业、互联网和相关服务、商务服务业的物流服务师、供应链管理师、数字化管理师等职业，能够从事物流数据应用与管理、物流系统分析与设计、物流项目规划与运营、物流数字化管理等工作的高端技能人才。,https://gaokao.chsi.com.cn/zyk/zybk/detail/qalwbp5r2bd5ktz9
7y89mec0evxo784m,340101,旅游管理,本科（职业教育）,1070,旅游,107034,旅游类,10703401,2025,本专业培养掌握较为系统的基础理论知识和技术技能，具备旅游策划、旅游营销、旅游企业运营管理能力、创新能力，面向旅行社及旅游相关行业的运营管理、策划营销等技术领域，能够从事旅游企业运营管理、旅游产品策划、旅游市场营销、旅游信息技术应用等工作的高端技能人才。,https://gaokao.chsi.com.cn/zyk/zybk/detail/7y89mec0evxo784m
fazqgnxpjy96bqfo,340102,酒店管理,本科（职业教育）,1070,旅游,107034,旅游类,10703401,2025,本专业培养掌握较为系统的基础理论知识和技术技能，具备数字化运营、流程设计和实践能力，面向住宿业、餐饮业等行业，能够在国内外酒店集团、高星级酒店、国际高端品牌酒店、高端民宿等住宿接待业及相关行业，从事经营管理、策划、咨询和培训等工作的高端技能人才。,https://gaokao.chsi.com.cn/zyk/zybk/detail/fazqgnxpjy96bqfo
r59acqixh2it1rvn,340103,旅游规划与设计,本科（职业教育）,1070,旅游,107034,旅游类,10703401,2025,本专业培养德智体美劳全面发展，掌握扎实的科学文化基础和美学设计、旅游资源、旅游规划、数字化应用等知识，具备良好的沟通协调、团队合作、适应旅游规划与设计领域数字化技术发展等能力，具有良好的审美意识、人文素养、创新创业意识、服务意识和数字素养，能够从事旅游策划、旅游文创项目设计、景观设计、旅游制图、旅游工程项目管理和旅游规划咨询等工作的高层次复合型技术技能人才。,https://gaokao.chsi.com.cn/zyk/zybk/detail/r59acqixh2it1rvn
8ilgevaxm5vp3dw2,340104,研学旅行策划与管理,本科（职业教育）,1070,旅游,107034,旅游类,10703401,,,https://gaokao.chsi.com.cn/zyk/zybk/detail/8ilgevaxm5vp3dw2
6v2e7oy5k8umglvi,340105,会展策划与管理,本科（职业教育）,1070,旅游,107034,旅游类,10703401,,,https://gaokao.chsi.com.cn/zyk/zybk/detail/6v2e7oy5k8umglvi
1m6xykcu3ur0jo75,340201,烹饪与餐饮管理,本科（职业教育）,1070,旅游,107034,餐饮类,10703402,2025,本专业培养德智体美劳全面发展，掌握扎实的科学文化基础和烹饪科学基本理论，餐饮经营中计划、组织、领导、协调、控制等管理基本理论及相关法律法规等知识，具备熟练的烹饪技术、现代餐饮经营管理等能力，具有工匠精神和信息素养，能够从事餐饮产品生产研发、科学配餐、筵席设计和餐饮经营管理等工作的高层次技术技能人才。,https://gaokao.chsi.com.cn/zyk/zybk/detail/1m6xykcu3ur0jo75
k4xhzazocpdaz48m,350101,工艺美术,本科（职业教育）,1070,文化艺术,107035,艺术设计类,10703501,2025,本专业培养掌握较为系统的基础理论知识和技术技能，具备一定的技术研发与改造、工艺设计、技术实践能力，面向工艺美术及礼仪用品制造行业，能够从事工艺美术设计、工艺美术品制作、工艺品修复、文创产品开发的高端技能人才。,https://gaokao.chsi.com.cn/zyk/zybk/detail/k4xhzazocpdaz48m
x27b4mwnnu2ttvcu,350102,视觉传达设计,本科（职业教育）,1070,文化艺术,107035,艺术设计类,10703501,2025,本专业培养掌握较为系统的基础理论知识和技术技能，具备一定的技术研发与改造、工艺设计、技术实践能力，面向印刷业、广告业、出版业、其他文化艺术业、数字内容服务业等行业，能够从事美术编辑、视觉传达设计、广告设计、包装设计、新媒体设计等工作的高端技能人才。,https://gaokao.chsi.com.cn/zyk/zybk/detail/x27b4mwnnu2ttvcu
v2g8rvxr3swi96uk,350103,数字媒体艺术,本科（职业教育）,1070,文化艺术,107035,艺术设计类,10703501,2025,本专业培养掌握较为系统的基础理论知识和技术技能，具备一定的技术研发与改造、工艺设计、技术实践能力，面向文化艺术、互联网和相关服务、数字内容服务等行业，能够从事三维动画设计与制作、影视后期制作、虚拟现实技术应用、交互设计、互联网产品开发、网络多媒体制作及相关管理服务工作的高端技能人才。,https://gaokao.chsi.com.cn/zyk/zybk/detail/v2g8rvxr3swi96uk
bb8nxgiucgyn334p,350104,产品设计,本科（职业教育）,1070,文化艺术,107035,艺术设计类,10703501,2025,本专业培养德智体美劳全面发展，掌握扎实的科学文化基础和产品设计基础理论、设计美学、大数据技术、市场营销等知识，具备设计调研、产品创意表达、产品造型设计、数字化设计、CMF 设计、交互设计等能力，具有工匠精神和信息素养，能够从事工业产品创新设计、产品的研发与改良设计，产品造型设计、文化创意设计、用户体验设计、交互设计等领域的开发、研究、策划、咨询和管理等工作的高层次技术技能人才。,https://gaokao.chsi.com.cn/zyk/zybk/detail/bb8nxgiucgyn334p
w50h8eg75se4h9yo,350105,服装与服饰设计,本科（职业教育）,1070,文化艺术,107035,艺术设计类,10703501,2025,本专业培养掌握较为系统的基础理论知识和技术技能，具备一定的技术研发与改造、工艺设计、技术实践能力，面向纺织服装、服饰行业的服装服饰设计、服装制版、色彩搭配、家用纺织品设计、服装营销陈列等岗位（群），能够从事服装设计、服饰与家纺设计、服装制版、服装营销陈列及管理等工作的高端技能人才。,https://gaokao.chsi.com.cn/zyk/zybk/detail/w50h8eg75se4h9yo
hpz1cu52w6y0e5xv,350106,环境艺术设计,本科（职业教育）,1070,文化艺术,107035,艺术设计类,10703501,2025,本专业培养掌握较为系统的基础理论知识和技术技能，具备一定的技术研发与改造、工艺设计、技术实践能力，面向建筑装饰、园林景观专业设计服务行业的环境艺术设计、环境工程绘图、环境工程施工及管理等岗位（群），能够从事室内外环境艺术设计、工程施工与管理等相关工作的高端技能人才。,https://gaokao.chsi.com.cn/zyk/zybk/detail/hpz1cu52w6y0e5xv
vz6hw62mnv3xqhck,350107,美术,本科（职业教育）,1070,文化艺术,107035,艺术设计类,10703501,2025,本专业培养德智体美劳全面发展，掌握扎实的科学文化基础和美术专业等知识，具备良好的审美、创新思维等能力，具有工匠精神和信息素养，能够从事绘画、公共艺术、装置艺术制作、艺术品修复、美术编辑、美术创意产品开发、美术培训等工作的高层次技术技能人才。,https://gaokao.chsi.com.cn/zyk/zybk/detail/vz6hw62mnv3xqhck
6waakpezvjiigyr1,350108,公共艺术设计,本科（职业教育）,1070,文化艺术,107035,艺术设计类,10703501,2025,本专业培养德智体美劳全面发展，掌握扎实的科学文化基础和公共艺术设计文案撰写、设计创意、样品制作、工程设计等知识，具备设计与制作、声光电设计应用、实景工程设计等能力，具有工匠精神和信息素养，能够从事公共空间景观设计、灯光建声场景设计、公共艺术工程设计与制作等工作的高层次技术技能人才。,https://gaokao.chsi.com.cn/zyk/zybk/detail/6waakpezvjiigyr1
h8grzpdnmz1mpj5a,350109,游戏创意设计,本科（职业教育）,1070,文化艺术,107035,艺术设计类,10703501,2025,本专业培养德智体美劳全面发展，掌握扎实的科学文化基础和游戏设计理论、游戏产品创意、游戏开发技术等知识，具备游戏产品策划、游戏关卡设计、游戏产品研发、电子竞技运营等能力，具有工匠精神和信息素养，能够从事游戏创意与策划、游戏美术设计、游戏资产制作、游戏技术开发、游戏及电子竞技运营管理等工作的高层次技术技能人才。,https://gaokao.chsi.com.cn/zyk/zybk/detail/h8grzpdnmz1mpj5a
6c4urtett569q5zl,350110,展示艺术设计,本科（职业教育）,1070,文化艺术,107035,艺术设计类,10703501,2025,本专业培养德智体美劳全面发展，掌握扎实的科学文化基础和展示艺术设计美学基础、设计规范、设计流程、制图标准等知识，具备展示艺术设计及表现、声光电全媒体设计、材料与施工技术应用、工程造价与管理等能力，具有工匠精神和信息素养，能够从事会展设计、会展策划、展馆设计、卖场设计等工作的高层次技术技能人才。,https://gaokao.chsi.com.cn/zyk/zybk/detail/6c4urtett569q5zl
y100fzrmt16r98sl,350111,数字影像设计,本科（职业教育）,1070,文化艺术,107035,艺术设计类,10703501,2025,本专业培养德智体美劳全面发展，掌握扎实的科学文化基础和数字影像设计专业等知识，具备数字影像摄制、数字后期与包装、互联网运营等能力，具有工匠精神和信息素养，能够从事摄影与摄像、后期及特效、影视广告、互联网运营等工作的高层次技术技能人才。,https://gaokao.chsi.com.cn/zyk/zybk/detail/y100fzrmt16r98sl
v874ar8j27c6wh6a,350112,时尚品设计,本科（职业教育）,1070,文化艺术,107035,艺术设计类,10703501,2025,本专业培养德智体美劳全面发展，掌握扎实的科学文化基础、设计美学原理、制作标准与流程、潮流趋势预测分析等知识，具备设计提案、设计效果表现、材料与设计应用、时尚品设计开发、工艺制作、设计管理、设计服务等能力，具有工匠精神和信息素养，能够从事时尚陈设设计、时尚配饰设计、时尚文创产品设计、时尚数码产品设计等领域工作的高层次技术技能人才。,https://gaokao.chsi.com.cn/zyk/zybk/detail/v874ar8j27c6wh6a
ckvha9p4n863rzav,350113,陶瓷艺术设计,本科（职业教育）,1070,文化艺术,107035,艺术设计类,10703501,,,https://gaokao.chsi.com.cn/zyk/zybk/detail/ckvha9p4n863rzav
sv8ufgrpsruowudz,350114,刺绣设计与工艺,本科（职业教育）,1070,文化艺术,107035,艺术设计类,10703501,,,https://gaokao.chsi.com.cn/zyk/zybk/detail/sv8ufgrpsruowudz
r017u2qj9dkzdiv3,350115,智能人居设计,本科（职业教育）,1070,文化艺术,107035,艺术设计类,10703501,,,https://gaokao.chsi.com.cn/zyk/zybk/detail/r017u2qj9dkzdiv3
64ivofj3hfgtyijo,350201,音乐表演,本科（职业教育）,1070,文化艺术,107035,表演艺术类,10703502,2025,本专业培养掌握较为系统的基础理论知识和技术技能，具备一定的艺术创作与表演、艺术形式创新、新的艺术表达方式探索和实践能力，面向文化艺术和教育行业的声乐表演、器乐演奏、社会文化活动服务与指导和艺术教育培训等岗位（群） 或技术领域，能够从事声乐演唱、器乐演奏、社会文化活动服务与指导和音乐教育培训等工作的高端技能人才。,https://gaokao.chsi.com.cn/zyk/zybk/detail/64ivofj3hfgtyijo
hx3t96jvcy9l8u5t,350202,舞蹈表演与编导,本科（职业教育）,1070,文化艺术,107035,表演艺术类,10703502,2025,本专业培养掌握较为系统的基础理论知识和技术技能，具备一定的艺术创作与表演、艺术形式创新、新的艺术表达方式探索和实践能力，面向文化艺术和教育行业的舞蹈表演、文艺创作与编导、社会文化活动服务与指导、舞蹈教学等岗位（群），能够从事舞蹈表演、舞蹈编导、舞蹈教学、旅游演艺、文艺活动组织与策划、艺术辅导与社会培训等工作的高端技能人才。,https://gaokao.chsi.com.cn/zyk/zybk/detail/hx3t96jvcy9l8u5t
cl9kdvx07yni41i2,350203,戏曲表演,本科（职业教育）,1070,文化艺术,107035,表演艺术类,10703502,2025,本专业培养德智体美劳全面发展，掌握扎实的科学文化基础和戏曲发展史、戏曲理论、戏曲创编等知识，具备戏曲人物形象塑造、戏曲创编与指导、戏曲教学等能力，具有精益求精、守正创新的精神和信息素养，能够从事戏曲表演、戏曲编导、戏曲教学、文化艺术培训、群众文化活动服务与指导等工作的高层次技术技能人才。,https://gaokao.chsi.com.cn/zyk/zybk/detail/cl9kdvx07yni41i2
2xytnv1fo1x4r67q,350204,舞台艺术设计,本科（职业教育）,1070,文化艺术,107035,表演艺术类,10703502,2025,本专业培养德智体美劳全面发展，掌握扎实的科学文化基础和舞台美术设计理念、中外剧场发展历史、数字舞美艺术特征等知识，具备舞台艺术空间造型设计与制作、灯光设计、影视人物化妆造型设计、数字化舞美设计制作等能力，具有工匠精神和信息素养，能够从事戏剧、影视及大型演艺场景的舞美设计、置景道具制作、灯光设计、形象设计、舞台艺术空间造型设计、舞台数字媒体制作、演出监制等工作的高层次技术技能人才。,https://gaokao.chsi.com.cn/zyk/zybk/detail/2xytnv1fo1x4r67q
z5iqnqv5c5vkvib6,350401,文物修复与保护,本科（职业教育）,1070,文化艺术,107035,文化服务类,10703504,,,https://gaokao.chsi.com.cn/zyk/zybk/detail/z5iqnqv5c5vkvib6
7yedfyc661fwy30y,360101,网络与新媒体,本科（职业教育）,1070,新闻传播,107036,新闻出版类,10703601,2025,本专业培养掌握较为系统的基础理论知识和技术技能，具备产品思维、用户思维、平台思维，具有一定的创新能力，面向新闻和出版，互联网和相关服务，广播、电视、电影和录音制作业行业的文字记者、摄影记者、文字编辑、技术编辑、数字出版编辑、网络编辑、全媒体运营师、互联网营销师、电子商务师职业，能够从事采访、编辑、运营、策划等工作的高端技能人才。,https://gaokao.chsi.com.cn/zyk/zybk/detail/7yedfyc661fwy30y
nv6gfgoant4p76ij,360201,播音与主持,本科（职业教育）,1070,新闻传播,107036,广播影视类,10703602,2025,本专业培养掌握较为系统的基础理论知识和技术技能，具备播音与主持技术实践能力，面向广播、电视、电影和录音制作业，文化艺术业的播音主持岗位（群），能够从事播音、配音、采访报道、节目主持、活动主持、网络与新媒体口语传播及文化讲解和语言艺术培训等工作的高端技能人才。,https://gaokao.chsi.com.cn/zyk/zybk/detail/nv6gfgoant4p76ij
7dk4gfu2si862w3h,360202,影视摄影与制作,本科（职业教育）,1070,新闻传播,107036,广播影视类,10703602,2025,本专业培养掌握较为系统的基础理论知识和技术技能，具备影视摄影与制作技术实践能力，面向广播、电视、电影和录音制作业，文化艺术业的广播电视台、融媒体中心、影视制作公司、视频网站、企事业单位宣传部门的电影电视摄像师、剪辑师、全媒体运营师等职业，能够从事影视摄影、平面摄影、剪辑、包装与合成、全媒体运营等工作的高端技能人才。,https://gaokao.chsi.com.cn/zyk/zybk/detail/7dk4gfu2si862w3h
549bz8phra2ee8p1,360203,数字广播电视技术,本科（职业教育）,1070,新闻传播,107036,广播影视类,10703602,2025,本专业培养德智体美劳全面发展，掌握扎实的科学文化基础和数字广播电视系统技术架构、媒体融合、云计算与大数据等知识，具备数字广播电视系统设计、施工、调试与运维，融媒体平台系统集成与运维等能力，具有工匠精神和信息素养，能够从事广播电视播控系统集成与运维，有线和无线广播电视信号传输与接收系统方案设计与运维，融媒体系统集成与运维等工作的高层次技术技能人才。,https://gaokao.chsi.com.cn/zyk/zybk/detail/549bz8phra2ee8p1
exbn4p0vltbn93eo,360204,影视编导,本科（职业教育）,1070,新闻传播,107036,广播影视类,10703602,2025,本专业培养掌握较为系统的基础理论知识和技术技能，具备影视编导技术实践能力，面向新闻和出版业，广播、电视、电影和录音制作业，文化艺术业的影视编导岗位（群），能够从事影视项目策划、影视作品编剧、影视制片管理、影视作品导演、影视文案写作、影视内容编导、影视后期剪辑、影视传播运营等工作的高端技能人才。,https://gaokao.chsi.com.cn/zyk/zybk/detail/exbn4p0vltbn93eo
kul56rsg8ff5sswo,360205,全媒体新闻采编与制作,本科（职业教育）,1070,新闻传播,107036,广播影视类,10703602,2025,本专业培养德智体美劳全面发展，掌握扎实的科学文化基础和马克思主义新闻思想、新闻传播、媒体融合等知识，具备全媒体新闻采写、全媒体新闻编辑制作、全媒体新闻策划等能力，具有工匠精神和信息素养，能够从事新闻采访、新闻写作、新闻摄像、新闻编辑、新闻宣传、新闻策划、新闻评论及全媒体新闻传播工作的高层次技术技能人才。,https://gaokao.chsi.com.cn/zyk/zybk/detail/kul56rsg8ff5sswo
dddlhipurobmki9q,360206,数字动画,本科（职业教育）,1070,新闻传播,107036,广播影视类,10703602,2025,本专业培养掌握较为系统的动画原理、动画编剧知识和动画项目策划方法，具备数字动画设计与实践的技术技能，面向软件和信息服务业，广播、电视、电影和录音制作业的设计师、内容创作者等职业，能够从事动画创意策划、动画编导、三维动画设计与制作、动画特效与后期合成、动画制片与管理等工作的高端技能人才。,https://gaokao.chsi.com.cn/zyk/zybk/detail/dddlhipurobmki9q
soq556dzgpb7b0dn,370101,学前教育,本科（职业教育）,1070,教育与体育,107037,教育类,10703701,2025,本专业培养掌握较为系统的基础理论知识及相关法律法规，具备突出的保育教育实践技能，面向学前教育行业的幼儿园教师岗位（群），能够从事幼儿保育教育、一日生活组织与管理、教育研究与指导等工作的高层次幼儿园教师。,https://gaokao.chsi.com.cn/zyk/zybk/detail/soq556dzgpb7b0dn
7ckvjkc8y3lnfw4o,370201,应用英语,本科（职业教育）,1070,教育与体育,107037,语言类,10703702,2025,本专业培养掌握较为系统的基础理论知识和技术技能，具备提供中高端服务、解决较复杂问题、进行较复杂操作的能力，面向商务服务业、批发业和零售业等行业的翻译人员、商务专业人员、销售人员、电子商务服务人员、商务咨询服务人员等职业，能够从事商务英语翻译、机器翻译译后编校、国际商务、外贸业务等工作的高端技能人才。,https://gaokao.chsi.com.cn/zyk/zybk/detail/7ckvjkc8y3lnfw4o
8v0tw0vpm9qqbr5z,370202,应用日语,本科（职业教育）,1070,教育与体育,107037,语言类,10703702,2025,本专业培养德智体美劳全面发展，掌握扎实的科学文化基础和日语语言基础、基本的翻译理论和常用的翻译方法、国际商贸业务等知识，具备较强的语言表达、现场口译及资料笔译、涉日业务处理等能力，具有精益求精的职业精神和信息素养，能够从事翻译、国际商务、外贸业务等工作的高层次技术技能人才。,https://gaokao.chsi.com.cn/zyk/zybk/detail/8v0tw0vpm9qqbr5z
q755c6fgi7tz5dis,370203,应用韩语,本科（职业教育）,1070,教育与体育,107037,语言类,10703702,2025,本专业培养德智体美劳全面发展，掌握扎实的科学文化基础和韩语语言基础、基本的翻译理论和常用的翻译方法、国际商贸业务等知识，具备较强的语言表达、现场口译及资料翻译、涉外业务处理等能力，具有精益求精的职业精神和信息素养，能够从事韩语相关的商务翻译、涉外企业管理、跨境电商运营管理、涉外旅游管理等工作的高层次技术技能人才。,https://gaokao.chsi.com.cn/zyk/zybk/detail/q755c6fgi7tz5dis
fjnf8d9iitzrak27,370204,应用俄语,本科（职业教育）,1070,教育与体育,107037,语言类,10703702,2025,本专业培养德智体美劳全面发展，掌握扎实的科学文化基础、俄语语言基础知识、基本的翻译理论和常用的翻译方法、国际商贸业务等知识，具备较强的语言表达、现场口译及资料翻译、涉外业务处理等能力，具有精益求精的职业精神和信息素养，能够从事俄语相关的商务翻译、工程项目管理、外贸业务管理、跨境电商运营、涉外旅游服务与管理等工作的高层次技术技能人才。,https://gaokao.chsi.com.cn/zyk/zybk/detail/fjnf8d9iitzrak27
0sbvbog2ar7g9338,370205,应用泰语,本科（职业教育）,1070,教育与体育,107037,语言类,10703702,2025,本专业培养德智体美劳全面发展，掌握扎实的科学文化基础和泰语语言基础、基本的翻译理论和常用的翻译方法、国际商贸业务等知识，具备较强的语言表达、泰语口笔译、涉外业务处理等能力，具有精益求精的职业精神和信息素养，能够从事泰语翻译、人工智能翻译译后编校、涉外企业管理、外贸业务管理、跨境电商运营、涉外旅游服务与管理等工作的高层次技术技能人才。,https://gaokao.chsi.com.cn/zyk/zybk/detail/0sbvbog2ar7g9338
7b7hnjz1mzgrfepp,370206,应用外语,本科（职业教育）,1070,教育与体育,107037,语言类,10703702,2025,本专业培养德智体美劳全面发展，掌握扎实的科学文化基础和相关外语语言基础、基本的翻译理论和常用的翻译方法、国际商贸业务等知识，具备较强的语言表达、现场口译及资料翻译、涉外业务处理等能力，具有精益求精的职业精神和信息素养，能够从事商务翻译、外贸业务管理、跨境电商运营、涉外企业管理等工作的高层次技术技能人才。,https://gaokao.chsi.com.cn/zyk/zybk/detail/7b7hnjz1mzgrfepp
unlonwtcup1aaivc,370207,应用西班牙语,本科（职业教育）,1070,教育与体育,107037,语言类,10703702,2025,本专业培养德智体美劳全面发展，掌握扎实的科学文化基础和西班牙语语言基础、基本的翻译理论和常用的翻译方法、国际商贸业务等知识，具备较强的语言表达、现场口译及资料翻译、涉外业务处理、跨文化交际等能力，具有精益求精的职业精神和信息素养，能够从事西班牙语翻译、国际贸易、跨境电商运营管理等工作的高层次技术技能人才。,https://gaokao.chsi.com.cn/zyk/zybk/detail/unlonwtcup1aaivc
o43t4wx7cwnr2qjx,370208,中文国际教育,本科（职业教育）,1070,教育与体育,107037,语言类,10703702,2025,本专业培养德智体美劳全面发展，掌握扎实的科学文化基础和中文国际教育等知识，具备中文国际教育专业等知识和语言教学等能力，具有较强的外语交流能力和宽阔的国际视野，具有良好的师德和信息素养，能够从事中文国际教学等工作的高层次技术技能人才。,https://gaokao.chsi.com.cn/zyk/zybk/detail/o43t4wx7cwnr2qjx
m83dd6i3vpcjhtel,370301,社会体育指导与管理,本科（职业教育）,1070,教育与体育,107037,体育类,10703703,2025,本专业培养掌握较为系统的基础理论知识和技术技能，具有较强的运动技术专长，具备一定的健身指导和体育活动组织策划能力、体育市场和体育服务产品推广能力、体育俱乐部管理机制体制优化能力，面向体育行业的健身和娱乐场所服务人员、体育专业人员岗位（群），能够从事大众体育健身指导、体育俱乐部（协会）运营与管理等工作的高端技能人才。,https://gaokao.chsi.com.cn/zyk/zybk/detail/m83dd6i3vpcjhtel
iqofvpeb7wbhrtvz,370302,休闲体育,本科（职业教育）,1070,教育与体育,107037,体育类,10703703,2025,本专业培养德智体美劳全面发展，掌握扎实的科学文化基础和休闲体育运动、休闲运动产业等知识，具备休闲运动技术教学与培训、休闲体育活动策划与组织、休闲体育俱乐部经营、休闲活动项目设计、开发与市场推广等能力，具有工匠精神和信息素养，能够从事休闲体育活动指导与管理、休闲体育俱乐部经营与服务等工作的高层次技术技能人才。,https://gaokao.chsi.com.cn/zyk/zybk/detail/iqofvpeb7wbhrtvz
dc2zbkvd3a5rkbx2,370303,体能训练,本科（职业教育）,1070,教育与体育,107037,体育类,10703703,2025,本专业培养德智体美劳全面发展，掌握扎实的科学文化基础和运动人体科学、体能训练指导、运动防护等知识，具备综合体能训练指导、数字化运动测评和分析、体能训练产品化课程设计研发和实施等能力，具有工匠精神和信息素养，能够从事儿童青少年体能训练、体育俱乐部体能训练、运动队体能训练指导等工作的高层次技术技能人才。,https://gaokao.chsi.com.cn/zyk/zybk/detail/dc2zbkvd3a5rkbx2
tq9lr5p9hfdgxi00,370304,电子竞技技术与管理,本科（职业教育）,1070,教育与体育,107037,体育类,10703703,2025,本专业培养德智体美劳全面发展，掌握扎实的科学文化基础和电子竞技技术、活动策划与管理、软（硬）件设备操作等知识，具备电子竞技指导与竞赛、活动管理与执行、多媒体信息处理等能力，具有工匠精神和信息素养，能够从事电子竞技技术指导、活动组织、内容制作等工作的高层次技术技能人才。,https://gaokao.chsi.com.cn/zyk/zybk/detail/tq9lr5p9hfdgxi00
gskxcud2f19hf0hq,380201,刑事科学技术,本科（职业教育）,1070,公安与司法,107038,公安技术类,10703802,,,https://gaokao.chsi.com.cn/zyk/zybk/detail/gskxcud2f19hf0hq
q7ziupbmw419yc9n,380202,网络安全与执法,本科（职业教育）,1070,公安与司法,107038,公安技术类,10703802,,,https://gaokao.chsi.com.cn/zyk/zybk/detail/q7ziupbmw419yc9n
6dblwskk2q3e7dgm,380301,刑事侦查,本科（职业教育）,1070,公安与司法,107038,侦查类,10703803,,,https://gaokao.chsi.com.cn/zyk/zybk/detail/6dblwskk2q3e7dgm
zv05wt7lu9a4bbo0,380401,法律,本科（职业教育）,1070,公安与司法,107038,法律实务类,10703804,2025,本专业培养德智体美劳全面发展，掌握扎实的科学文化基础和中国特色社会主义法治体系、法律咨询和法务工作等知识，具备较强法律咨询代书、基层纠纷处理、企业法务办理等能力，具有强烈的社会责任感、担当奉献精神、法治意识和信息素养，能够从事基层法律服务等工作的高层次技术技能人才。,https://gaokao.chsi.com.cn/zyk/zybk/detail/zv05wt7lu9a4bbo0
7yxq5men38usd74d,380402,数字法务,本科（职业教育）,1070,公安与司法,107038,法律实务类,10703804,,,https://gaokao.chsi.com.cn/zyk/zybk/detail/7yxq5men38usd74d
wfinlg3yhglkxwem,380501,刑事矫正与管理,本科（职业教育）,1070,公安与司法,107038,法律执行类,10703805,2025,本专业培养德智体美劳全面发展，掌握扎实的科学文化基础和刑事法律、监狱理论和刑罚执行等知识，具备管理监狱、执行刑罚和对罪犯进行教育改造等能力，具有强烈的社会责任感、忠诚奉献担当精神、法治意识和信息素养，能够从事监狱刑罚执行和教育改造等工作的高层次技术技能人才。,https://gaokao.chsi.com.cn/zyk/zybk/detail/wfinlg3yhglkxwem
kzbfrraqg8b64zmo,380502,司法警务管理,本科（职业教育）,1070,公安与司法,107038,法律执行类,10703805,2025,本专业培养德智体美劳全面发展，掌握扎实的科学文化基础和司法警察基本理论等知识，具备警务活动协调与指挥、警务风险研判与防控、舆情引导与突发事件处置、警务数字化运用等能力，具有强烈的社会责任感、忠诚奉献担当精神、法治意识和信息素养，能够从事审判警务保障和执行警务保障等工作的高层次技术技能人才。,https://gaokao.chsi.com.cn/zyk/zybk/detail/kzbfrraqg8b64zmo
e4ps68uqdoipgllx,380503,综合行政执法,本科（职业教育）,1070,公安与司法,107038,法律执行类,10703805,2025,本专业培养德智体美劳全面发展，掌握扎实的科学文化基础和行政执法基础理论等知识，具备行政执法法律政策运用、舆情引导与风险防控、群众工作与应急处突、执法科技运用等能力，具有强烈的社会责任感、忠诚奉献担当精神、法治意识和信息素养，能够依法从事城（镇）管理行政处罚及与行政处罚相关的行政检查、行政强制措施等工作的高层次技术技能人才。,https://gaokao.chsi.com.cn/zyk/zybk/detail/e4ps68uqdoipgllx
wxb3mjlieyd2tidp,380601,智慧司法技术与应用,本科（职业教育）,1070,公安与司法,107038,司法技术类,10703806,2025,本专业培养德智体美劳全面发展，掌握扎实的科学文化基础和监所业务、信息技术、信息安全等知识，具备监所信息系统建设规划、信息化管理体系建设与新一代信息技术应用创新等能力，具有强烈的社会责任感、忠诚奉献担当精神、法治意识和信息素养，能够从事智慧监所建设与管理技术保障等工作的高层次技术技能人才。,https://gaokao.chsi.com.cn/zyk/zybk/detail/wxb3mjlieyd2tidp
ub13stu9i3o0cpri,380701,数字安防技术,本科（职业教育）,1070,公安与司法,107038,安全防范类,10703807,2025,本专业培养德智体美劳全面发展，掌握扎实的科学文化基础和数字安防基础理论等知识，具备数字安防设备应用、系统规划设计、系统分析及问题处理等能力，具有强烈的社会责任感、忠诚奉献担当精神、法治意识和信息素养，能够从事公共安全领域安防技术支持等工作的高层次技术技能人才。,https://gaokao.chsi.com.cn/zyk/zybk/detail/ub13stu9i3o0cpri
yib1qidwxy4w3u0u,380702,国际安保服务与管理,本科（职业教育）,1070,公安与司法,107038,安全防范类,10703807,2025,本专业培养德智体美劳全面发展，掌握扎实的科学文化基础和安全防范、国际安全保护等知识，具备较强的跨文化沟通交流、涉外安全风险评估和运用现代安防技术等能力，具有强烈社会责任感、忠诚奉献担当精神、法治意识、信息素养和国际视野、国际安保意识，能够从事国际安全保护服务工作的高层次技术技能人才。,https://gaokao.chsi.com.cn/zyk/zybk/detail/yib1qidwxy4w3u0u
d9l5q16af9ve0r3x,390101,社会工作,本科（职业教育）,1070,公共管理与服务,107039,公共事业类,10703901,2025,本专业培养德智体美劳全面发展，掌握扎实的科学文化基础和社会工作专业价值与伦理、社会调查与需求评估、社会工作专业方法、服务项目策划与管理、志愿者管理等知识，具备专业关系建立、整合应用社会工作方法、服务项目策划实施和评估、伦理困境辨识及应对等能力，具有工匠精神和信息素养，能够从事服务策划实施与评估、服务规划与管理、项目开发与管理、政策执行与倡导、志愿者招募与管理等工作的高层次技术技能人才。,https://gaokao.chsi.com.cn/zyk/zybk/detail/d9l5q16af9ve0r3x
41jnfnao85rxp6vk,390102,党务工作,本科（职业教育）,1070,公共管理与服务,107039,公共事业类,10703901,2025,本专业培养德智体美劳全面发展，掌握扎实的科学文化基础和党建理论、党务业务等知识，具备组织管理、宣传教育、沟通协调、群众工作、公文写作、调查研究等能力，具有良好的党性修养和信息素养，能够从事发展、教育、管理和服务党员等工作，对党的路线、方针、政策和决议进行宣传，监督、执纪和问责，组织、团结和服务群众等工作的高层次技术技能人才。,https://gaokao.chsi.com.cn/zyk/zybk/detail/41jnfnao85rxp6vk
ph9xpgfi8xu2skyj,390103,智慧社区管理,本科（职业教育）,1070,公共管理与服务,107039,公共事业类,10703901,2025,本专业培养德智体美劳全面发展，掌握扎实的科学文化基础和社区法规政策、政务管理、项目开发管理、网格管理、信息化应用等知识，具备宣传倡导、政务代理、整合资源、创新服务等能力，具有工匠精神和信息素养，能够从事政策咨询与倡导、公共事务办理与跟进、社区服务活动指导与设计、社区社会组织管理与发展等工作的高层次技术技能人才。,https://gaokao.chsi.com.cn/zyk/zybk/detail/ph9xpgfi8xu2skyj
05qhgu1dqlzust7g,390201,民政管理,本科（职业教育）,1070,公共管理与服务,107039,公共管理类,10703902,2025,本专业培养德智体美劳全面发展，掌握扎实的科学文化基础和民政管理政策法规与标准、民政文化与民政史、民政与社会事务管理、社会福利与社会救助管理、彩票发行与销售管理等知识，具备民政与社会管理、社会福利与社会救助管理、社会事务与社会组织管理、彩票发行与销售管理、民政大数据与智慧管理、民政文化传播等能力，具有为人民服务的精神和信息素养，能够从事民政和社会事务管理、彩票发行与销售管理等工作的高层次技术技能人才。,https://gaokao.chsi.com.cn/zyk/zybk/detail/05qhgu1dqlzust7g
84usrkz63eul63tw,390202,人力资源管理,本科（职业教育）,1070,公共管理与服务,107039,公共管理类,10703902,2025,本专业培养德智体美劳全面发展，掌握扎实的科学文化基础知识和人力资源管理、人力资源与社会保障服务、职业信息分析与应用及数字化管理等知识，具备规划人力资源发展方向与重点，优化组织内部人力资源结构与供给，提供人力资源与社会保障事务代理服务及利用大数据辅助管理和决策等能力，具有工匠精神和信息素养，能够从事人力资源管理与服务、职业信息分析与培训指导、人力资源大数据管理与应用等工作的高层次技术技能人才。,https://gaokao.chsi.com.cn/zyk/zybk/detail/84usrkz63eul63tw
vs6gjlgy2jupeqh7,390203,行政管理,本科（职业教育）,1070,公共管理与服务,107039,公共管理类,10703902,2025,本专业培养德智体美劳全面发展，掌握扎实的科学文化基础和系统的行政管理及一般管理等知识，具备组织策划、沟通协调、文字表达、公关谈判、危机应对、信息处理及管理创新等能力，具有工匠精神和信息素养，能够从事行政事务管理、现代办公管理、数字政务、人力资源管理、社区管理等工作的高层次技术技能人才。,https://gaokao.chsi.com.cn/zyk/zybk/detail/vs6gjlgy2jupeqh7
dgjr8w6mx5tvah3y,390204,外事实务,本科（职业教育）,1070,公共管理与服务,107039,公共管理类,10703902,2025,本专业培养德智体美劳全面发展，掌握扎实的科学文化基础和外语语言基础、涉外政策法规、国际政治与经济、领事保护等知识，具备外语综合应用、涉外沟通与交流、涉外活动组织、应急处理、行政管理等能力，具有精益求精的职业精神和信息素养，能够从事国际事务管理、涉外文秘、国际商务、外事翻译等工作的高层次技术技能人才。,https://gaokao.chsi.com.cn/zyk/zybk/detail/dgjr8w6mx5tvah3y
oxogjpuniwlndyy8,390301,现代家政管理,本科（职业教育）,1070,公共管理与服务,107039,公共服务类,10703903,2025,本专业培养德智体美劳全面发展，掌握扎实的科学文化基础和家政市场分析、企业管理、人员培训、高端家政服务等知识，具备家政服务市场调研、企业运营与管理、人员培训、高端家政服务与设计等能力，能够从事家政企业运营与管理、家政人员培训、高端家政服务技术及研发等工作的高层次技术技能人才。,https://gaokao.chsi.com.cn/zyk/zybk/detail/oxogjpuniwlndyy8
j5fufy39fghjj2nl,390302,智慧健康养老管理,本科（职业教育）,1070,公共管理与服务,107039,公共服务类,10703903,2025,本专业培养德智体美劳全面发展，掌握扎实的科学文化基础和智慧健康养老管理等知识，具备养老服务综合评估、老年人建筑和环境智慧化设计与改造、养老项目筹建规划、养老服务设施智慧化管理、养老服务培训与能力建设等能力，具有工匠精神和信息素养，能够从事养老评估、智慧适老环境规划、养老服务设施管理、智能服务设施及产品研发、养老培训等工作的高层次技术技能人才。,https://gaokao.chsi.com.cn/zyk/zybk/detail/j5fufy39fghjj2nl
4811bnra075s6q9t,390304,安宁照护服务与管理,本科（职业教育）,1070,公共管理与服务,107039,公共服务类,10703903,,,https://gaokao.chsi.com.cn/zyk/zybk/detail/4811bnra075s6q9t
73385468,410101,种子生产与经营,高职（专科）,1060,农林牧渔,106041,农业类,10604101,2025,本专业培养德智体美劳全面发展，掌握扎实的科学文化基础和植物生理、作物遗传育种、土壤肥料、作物栽培等知识，具备种子生产、种子销售、种子质量检测、种子加工等能力，具有工匠精神和信息素养，能够从事种子生产、种子销售、种子质量检测、新品种选育、种子加工与贮藏等工作的高素质技术技能人才。,https://gaokao.chsi.com.cn/zyk/zybk/detail/73385468
73385464,410102,作物生产与经营管理,高职（专科）,1060,农林牧渔,106041,农业类,10604101,2025,本专业培养掌握本专业知识和技术技能，具备职业综合素质和行动能力，面向农作物生产、农产品及农资营销、农业技术推广、作物种子生产、农业企业经营与管理等技术领域，能够从事农作物生产作业、农业技术服务、作物病虫草害绿色防治、农业机械装备操作与维护、农产品质量检测、农业企业经营管理、农产品营销等工作的高技能人才。,https://gaokao.chsi.com.cn/zyk/zybk/detail/73385464
jhdihr2cegv6qjx0,410103,现代农业技术,高职（专科）,1060,农林牧渔,106041,农业类,10604101,2025,本专业培养掌握本专业知识和技术技能，具备职业综合素质和行动能力，面向农业和农、林、牧、渔行业及辅助性活动行业的农业技术指导人员、作物种子（苗）繁育生产人员、农作物生产人员等职业，能够从事现代农作物生产、现代园艺作物生产、农业企业经营管理、农业技术服务等工作的高技能人才。,https://gaokao.chsi.com.cn/zyk/zybk/detail/jhdihr2cegv6qjx0
213780841,410104,生态农业技术,高职（专科）,1060,农林牧渔,106041,农业类,10604101,2025,本专业培养德智体美劳全面发展，掌握扎实的科学文化基础和农业生物化学、植物与植物生理、土壤与肥料、品牌培育及相关法律法规等知识，具备实施农产品标准化、品牌化、智能化生产，农产品质量检测，农产品经营与技术服务等能力，具有工匠精神和信息素养，能够从事农作物标准化生产、绿色食品生产、有机农产品生产、地理标志农产品生产、农产品品质检测、农产品品牌打造、农产品营销等工作的高素质技术技能人才。,https://gaokao.chsi.com.cn/zyk/zybk/detail/213780841
73385480,410105,园艺技术,高职（专科）,1060,农林牧渔,106041,农业类,10604101,2025,本专业培养掌握本专业知识和技术技能，具备职业综合素质和行动能力，面向蔬菜、食用菌及园艺作物种植、水果种植等行业的园艺技术人员、园艺作物种子（苗）繁育生产人员、园艺作物生产人员，园艺作物生产服务人员，园艺作物病虫害防治人员和园艺产品、农资营销人员等职业，能够从事园艺作物生产、种子种苗繁育、园艺技术服务、园艺产品及农资营销、园艺企业经营管理等工作的高技能人才。,https://gaokao.chsi.com.cn/zyk/zybk/detail/73385480
qcv0jte8llb268s5,410106,植物保护与检疫技术,高职（专科）,1060,农林牧渔,106041,农业类,10604101,2025,本专业培养掌握本专业知识和技术技能，具备职业综合素质和行动能力，面向农业的植物保护技术人员、农作物植保员、农业技术员、无人机驾驶员等职业，能够从事作物病虫草害绿色防控、植保无人机操控、植物及农产品检验检疫、农药推广与营销工作的高技能人才。,https://gaokao.chsi.com.cn/zyk/zybk/detail/qcv0jte8llb268s5
73385484,410107,茶叶生产与加工技术,高职（专科）,1060,农林牧渔,106041,农业类,10604101,2025,本专业培养掌握本专业知识和技术技能，具备职业综合素质和行动能力，面向农、林、牧、渔行业及辅助性活动，酒、饮料和精制茶制造业等行业，能够从事茶园生产与管理、茶叶加工与检验、茶叶质量控制、茶叶销售、茶叶生产技术服务等工作的高技能人才。,https://gaokao.chsi.com.cn/zyk/zybk/detail/73385484
73385488,410108,中草药栽培与加工技术,高职（专科）,1060,农林牧渔,106041,农业类,10604101,2025,本专业培养掌握本专业知识和技术技能，具备职业综合素质和行动能力，面向农业的中草药良种繁育、中草药栽培管理、中草药采收与产地初加工、中草药质量检测、中草药销售等岗位（群），能够从事中草药良种繁育、中草药栽培管理、中草药采收与产地初加工、中草药质量检测、中草药销售等工作的高技能人才。,https://gaokao.chsi.com.cn/zyk/zybk/detail/73385488
73385492,410109,烟草栽培与加工技术,高职（专科）,1060,农林牧渔,106041,农业类,10604101,2025,本专业培养德智体美劳全面发展，掌握扎实的科学文化基础和植物生理、烟草栽培、土壤与肥料、烟草调制与分级及相关法律法规等知识，具备烟草种植、调制、分级，作物病虫草害防治，农业技术服务等能力，具有工匠精神和信息素养，能够从事烟草种植、烟叶调制、烟叶评级等工作的高素质技术技能人才。,https://gaokao.chsi.com.cn/zyk/zybk/detail/73385492
g4numoszfub5hpul,410110,饲草生产技术,高职（专科）,1060,农林牧渔,106041,农业类,10604101,2025,本专业培养掌握本专业知识和技术技能，具备职业综合素质和行动能力，面向农业生产、其他农业及辅助性活动等行业，能够从事饲草种植、加工、质量检测，自动化机械作业、草业农机操作及维护、饲草销售等工作的高技能人才。,https://gaokao.chsi.com.cn/zyk/zybk/detail/g4numoszfub5hpul
ukluxy8p9q4h9nym,410111,食用菌生产与加工技术,高职（专科）,1060,农林牧渔,106041,农业类,10604101,2025,本专业培养掌握本专业知识和技术技能，具备职业综合素质和行动能力，面向蔬菜、食用菌及园艺作物种植和蔬菜、菌类、水果和坚果加工行业的作物种子（苗）繁育生产人员、农作物生产人员、农业生产服务人员等职业，能够从事菌种制作、栽培管理、生产加工、病虫害防治工作的高技能人才。,https://gaokao.chsi.com.cn/zyk/zybk/detail/ukluxy8p9q4h9nym
73385472,410112,设施农业与装备,高职（专科）,1060,农林牧渔,106041,农业类,10604101,2025,本专业培养德智体美劳全面发展，掌握扎实的科学文化基础和植物生长环境、设施作物栽培、水肥一体化技术、设施农业装备、农业物联网等知识，具备设施农业生产与管理、设施农业装备应用、设施农业系统集成等能力，具有工匠精神和信息素养，能够从事农业设施设计与建造、设施农业生产与管理、设施农业装备应用与运维、设施农业系统集成与运维等工作的高素质技术技能人才。,https://gaokao.chsi.com.cn/zyk/zybk/detail/73385472
djdcs2jk56d1ogwz,410113,现代农业装备应用技术,高职（专科）,1060,农林牧渔,106041,农业类,10604101,2025,本专业培养掌握本专业知识和技术技能，具备职业综合素质和行动能力，面向农业的农机装备驾驶及操作、农机装备修理与保养、农机作业服务、农机装备营销、农机推广与应用和农机安全与监理等岗位（群），能够从事农业装备使用、农业装备营销与售后技术服务、农业装备安装与调试、智能农机的应用等工作的高技能人才。,https://gaokao.chsi.com.cn/zyk/zybk/detail/djdcs2jk56d1ogwz
9mjhbbdbuqm2zu62,410114,农产品加工与质量检测,高职（专科）,1060,农林牧渔,106041,农业类,10604101,2025,本专业培养掌握本专业知识和技术技能，具备职业综合素质和行动能力，面向农副食品加工、质检技术服务行业的粮油加工人员、畜禽制品加工人员、水产品加工人员、果蔬加工人员、农产品食品检验员等职业，能够从事农产品加工技术与管理、农产品加工品质控制、农产品检验等工作的高技能人才。,https://gaokao.chsi.com.cn/zyk/zybk/detail/9mjhbbdbuqm2zu62
73385516,410115,绿色食品生产技术,高职（专科）,1060,农林牧渔,106041,农业类,10604101,2025,本专业培养掌握本专业知识和技术技能，具备职业综合素质和行动能力，面向农业的农业技术指导人员，植物保护技术人员，农作物生产人员，检验、检测和计量服务人员，农业经理人等职业，能够从事绿色食品生产与技术服务、农产品质量检测与认证及绿色农产品营销等工作的高技能人才。,https://gaokao.chsi.com.cn/zyk/zybk/detail/73385516
1rv2tudl9hqmjjl0,410116,农产品流通与管理,高职（专科）,1060,农林牧渔,106041,农业类,10604101,2025,本专业培养德智体美劳全面发展，掌握扎实的科学文化基础和农产品商品、经济管理、政策法规、采购配送等知识，具备农产品商品定级、销售服务、运营推广、供应链管理、经纪服务等能力，具有“三农”情怀和信息素养，能够从事农产品市场调研与开发、农产品采购、农产品储运、农产品销售、农产品经纪代理服务等工作的高素质技术技能人才。,https://gaokao.chsi.com.cn/zyk/zybk/detail/1rv2tudl9hqmjjl0
73387465,410117,棉花加工与经营管理,高职（专科）,1060,农林牧渔,106041,农业类,10604101,2025,本专业培养掌握本专业知识和技术技能，具备职业综合素质和行动能力，面向农、林、牧、渔行业及辅助性活动行业的农业工程技术人员、纤维检验员等职业，能够从事棉花加工、棉花性能检测、棉花等级评定、棉花营销等工作的高技能人才。,https://gaokao.chsi.com.cn/zyk/zybk/detail/73387465
73385476,410118,休闲农业经营与管理,高职（专科）,1060,农林牧渔,106041,农业类,10604101,2025,本专业培养掌握本专业知识和技术技能，具备职业综合素质和行动能力，面向农业的休闲农业园区管理、休闲农业园区服务与接待、休闲农业产品开发与营销、休闲农业生产组织等岗位（群），能够从事休闲农业相关的营销管理、服务接待、生产销售等工作的高技能人才。,https://gaokao.chsi.com.cn/zyk/zybk/detail/73385476
me563v5c21q63r08,410119,现代农业经济管理,高职（专科）,1060,农林牧渔,106041,农业类,10604101,2025,本专业培养掌握本专业知识和技术技能，具备职业综合素质和行动能力，面向农、林、牧、渔行业及辅助活动、批发业、零售业、商务服务业等行业的农业经理人、合作经济专业人员、数字化管理师、互联网营销师等职业，能够从事农业企业经营与管理、农民专业合作社经营与管理、农业商务数据分析与应用、农产品及农资营销策划、农产品网店（实体店）运营等工作的高技能人才。,https://gaokao.chsi.com.cn/zyk/zybk/detail/me563v5c21q63r08
213805429,410120,农村新型经济组织管理,高职（专科）,1060,农林牧渔,106041,农业类,10604101,2025,本专业培养掌握本专业知识和技术技能，具备职业综合素质和行动能力，面向农、林、牧、渔专业及辅助性活动、农村集体经济组织管理、农林牧渔技术推广服务行业的家庭农场生产经营、农民合作社管理、农业企业经营管理等岗位（群），能够从事家庭农场生产经营、农民合作社生产组织与经营、农业经济组织发展规划制订与实施、农产品及农资营销等工作的高技能人才。,https://gaokao.chsi.com.cn/zyk/zybk/detail/213805429
cbwwxpqalt4ryqj4,410121,高标准农田建设与应用技术,高职（专科）,1060,农林牧渔,106041,农业类,10604101,,,https://gaokao.chsi.com.cn/zyk/zybk/detail/cbwwxpqalt4ryqj4
540ame5ecorpbt5d,410122,乡村治理技术,高职（专科）,1060,农林牧渔,106041,农业类,10604101,,,https://gaokao.chsi.com.cn/zyk/zybk/detail/540ame5ecorpbt5d
6kbf1k5ns17b0lyx,410123,热带作物生产与加工技术,高职（专科）,1060,农林牧渔,106041,农业类,10604101,,,https://gaokao.chsi.com.cn/zyk/zybk/detail/6kbf1k5ns17b0lyx
cpnllu0kw8ml2bdy,410124,智慧农业技术与装备,高职（专科）,1060,农林牧渔,106041,农业类,10604101,,,https://gaokao.chsi.com.cn/zyk/zybk/detail/cpnllu0kw8ml2bdy
73385540,410201,林业技术,高职（专科）,1060,农林牧渔,106041,林业类,10604102,2025,本专业培养德智体美劳全面发展，掌握扎实的科学文化基础和森林培育、森林保护、森林资源监测与管理及相关法律法规等知识，具备森林营造与经营、林业有害生物防治、森林资源监测、森林资源管理等能力，具有工匠精神和信息素养，能够从事林木种苗生产、造林工程、森林经营、森林资源调查与监测、森林资源管理、林业有害生物防治、林业规划设计等工作的高素质技术技能人才。,https://gaokao.chsi.com.cn/zyk/zybk/detail/73385540
73385544,410202,园林技术,高职（专科）,1060,农林牧渔,106041,林业类,10604102,2025,本专业培养掌握本专业知识和技术技能，具备职业综合素质和行动能力，面向园林绿化工程施工、绿化管理、城市公园管理行业的园林绿化工程技术人员、园林植物保护工程技术人员等职业，能够从事园林苗木生产、园林绿化施工、园林植物养护等工作的高技能人才。,https://gaokao.chsi.com.cn/zyk/zybk/detail/73385544
e97ax7om5vn9f9w2,410203,草业技术,高职（专科）,1060,农林牧渔,106041,林业类,10604102,2025,本专业培养德智体美劳全面发展，掌握扎实的科学文化基础和草地植物、草业信息化技术及相关法律法规等知识，具备草地资源改良与培育、草地资源调查与监测、草地资源保护与利用、草坪建植与管护等能力，具有工匠精神和信息素养，能够从事草原保护、建设与利用，草种质资源保护、品种选育、种子生产、质量监督检验，草地资源监测保护、草地有害生物防治，草坪建植与养护等工作的高素质技术技能人才,https://gaokao.chsi.com.cn/zyk/zybk/detail/e97ax7om5vn9f9w2
47nns1qt4v31zk6e,410204,花卉生产与花艺,高职（专科）,1060,农林牧渔,106041,林业类,10604102,2025,本专业培养掌握本专业知识和技术技能，具备职业综合素质和行动能力，面向农业、林业行业的种苗繁育员、插花花艺师、花艺环境设计师等职业，能够从事现代花卉繁育栽培、花卉产品采后处理及储运、花卉艺术创作、花艺设计与环境装饰等工作的高技能人才。,https://gaokao.chsi.com.cn/zyk/zybk/detail/47nns1qt4v31zk6e
213780857,410205,经济林培育与利用,高职（专科）,1060,农林牧渔,106041,林业类,10604102,2025,本专业培养德智体美劳全面发展，掌握扎实的科学文化基础和森林植物识别、植物生长与环境、经济林栽培与管养、经济林产品加工等知识，具备经济林良种选育与种苗生产、经济林建园与栽培、经济林产品贮藏与加工等能力，具有工匠精神和信息素养，能够从事经济林培育、经济林产品加工与利用、经济林产品营销等工作的高素质技术技能人才。,https://gaokao.chsi.com.cn/zyk/zybk/detail/213780857
73385548,410206,森林和草原资源保护,高职（专科）,1060,农林牧渔,106041,林业类,10604102,2025,本专业培养掌握本专业知识和技术技能，具备职业综合素质和行动能力，面向林业专业及辅助性活动、专业技术服务、生态保护等行业的森林保护工程技术人员、野生动植物保护利用工程技术人员、自然保护区工程技术人员、进出境动物和植物检验检疫人员等职业，能够从事森林和草原有害生物防控、林草植物检疫与野生动物疫源疫病监测、自然保护地管理、林草生物多样性保护和林草火监测与管理等工作的高技能人才。,https://gaokao.chsi.com.cn/zyk/zybk/detail/73385548
yx6epk9zdzyt28jl,410207,林草生态保护与修复,高职（专科）,1060,农林牧渔,106041,林业类,10604102,2025,本专业培养掌握本专业知识和技术技能，具备职业综合素质和行动能力，面向林业专业及辅助性活动行业的林业资源调查与监测工程技术人员、森林保护工程技术人员、自然保护区工程技术人员、防沙治沙工程技术人员等职业，能够从事林草资源调查、林草生态保护与修复技术管理、林草生态保护与修复工程项目管理、林草有害生物防治工作的高技能人才。,https://gaokao.chsi.com.cn/zyk/zybk/detail/yx6epk9zdzyt28jl
rm8yp5g261aqhyoh,410208,野生动植物资源保护与利用,高职（专科）,1060,农林牧渔,106041,林业类,10604102,2025,本专业培养德智体美劳全面发展，掌握扎实的科学文化基础和野生动植物法律法规、野生动植物分类及监测巡护、野生动物饲养与救护、野生植物引种栽培及开发利用等知识，具备野生动植物野外调查与监测、资源建档和管理，野生动物饲养管理及救护、检疫及常见疾病防治，野生植物引种和栽培管理，非木材林产品初加工及利用等能力，具有工匠精神和信息素养，能够从事野生植物保护、野生动物及栖息地保护、野生动植物巡护监测、生物安全调查、野生动物饲养和救护、野生植物引种栽培及开发利用等工作的高素质技术技能人才。,https://gaokao.chsi.com.cn/zyk/zybk/detail/rm8yp5g261aqhyoh
73385560,410209,自然保护地建设与管理,高职（专科）,1060,农林牧渔,106041,林业类,10604102,2025,本专业培养德智体美劳全面发展，掌握扎实的科学文化基础和野生动植物识别与保护、生态恢复、生物多样性监测与保护及相关法律法规等知识，具备数据处理、自然保护地勘界立标、动植物本底和生态环境因子调查等能力，具有工匠精神和信息素养，能够从事自然保护地管理、科普教育与研学、防灾减灾与执法监督等工作的高素质技术技能人才。,https://gaokao.chsi.com.cn/zyk/zybk/detail/73385560
73385564,410210,森林生态旅游与康养,高职（专科）,1060,农林牧渔,106041,林业类,10604102,2025,本专业培养掌握本专业知识和技术技能，具备职业综合素质和行动能力，面向休闲观光活动行业的森林园林康养师、研学旅行指导师、景区运营管理师等职业，能够从事森林生态旅游、森林康养项目设计与实操、自然教育项目设计与实施、生态旅游与康养产品营销、生态（森林）景区服务与管理等工作的高技能人才。,https://gaokao.chsi.com.cn/zyk/zybk/detail/73385564
lidvm67kmm8rubzw,410211,林业信息技术应用,高职（专科）,1060,农林牧渔,106041,林业类,10604102,2025,本专业培养掌握本专业知识和技术技能，具备职业综合素质和行动能力，面向林业的林业资源调查与监测工程技术人员、信息系统运行维护工程技术人员等职业，能够从事森林资源区划调查与监测、林业资源空间数据处理、林业数据管理、森林灾害监测与预警、林业信息化项目建设管理工作的高技能人才。,https://gaokao.chsi.com.cn/zyk/zybk/detail/lidvm67kmm8rubzw
8o06059neqn8r6mg,410212,木业智能装备应用技术,高职（专科）,1060,农林牧渔,106041,林业类,10604102,2025,本专业培养德智体美劳全面发展，掌握扎实的科学文化基础和木业智能制造、机械加工、制图、电工电子等知识，具备木材加工，人造板、木质制品以及木质家具等智能装备的操作与维护等能力，具有工匠精神和信息素养，能够从事木业智能装备安装、调试、操作、维护、保养以及售后技术服务等工作的高素质技术技能人才。,https://gaokao.chsi.com.cn/zyk/zybk/detail/8o06059neqn8r6mg
73385572,410213,木业产品设计与制造,高职（专科）,1060,农林牧渔,106041,林业类,10604102,2025,本专业培养德智体美劳全面发展，掌握扎实的科学文化基础和木制品材料、计算机辅助设计、木制品造型与结构设计、全屋定制家居设计、木制品质量检验等知识，具备木制品材料识别与应用，木制品造型、结构、方案设计，木制品质量检验等能力，具有工匠精神和信息素养，能够从事木制品材料识别与应用、定制家居设计、木制品生产及设计、木制品质量检验工作的高素质技术技能人才。,https://gaokao.chsi.com.cn/zyk/zybk/detail/73385572
bwhvhl5botcb1rgt,410214,现代竹木产品设计与制造,高职（专科）,1060,农林牧渔,106041,林业类,10604102,,,https://gaokao.chsi.com.cn/zyk/zybk/detail/bwhvhl5botcb1rgt
plc2w7lzl0of0nym,410215,林草碳汇技术,高职（专科）,1060,农林牧渔,106041,林业类,10604102,,,https://gaokao.chsi.com.cn/zyk/zybk/detail/plc2w7lzl0of0nym
73385624,410301,动物医学,高职（专科）,1060,农林牧渔,106041,畜牧业类,10604103,2025,本专业培养掌握本专业知识和技术技能，具备职业综合素质和行动能力，面向畜牧、兽医服务等行业的兽医兽药技术人员、动物疫病防治人员等职业，能够从事禽病防治、猪病防治、牛羊病防治、动物性产品检验等工作的高技能人才。,https://gaokao.chsi.com.cn/zyk/zybk/detail/73385624
vjwhqi9l9qa20zpw,410302,动物药学,高职（专科）,1060,农林牧渔,106041,畜牧业类,10604103,2025,本专业培养掌握本专业知识和技术技能，具备职业综合素质和行动能力，面向畜牧专业及辅助性活动、兽用药品制造行业的药物制剂工、药物检验员和兽药技术人员等职业，能够从事兽药生产、兽药检测、兽药营销和兽药技术服务工作的高技能人才。,https://gaokao.chsi.com.cn/zyk/zybk/detail/vjwhqi9l9qa20zpw
73385592,410303,畜牧兽医,高职（专科）,1060,农林牧渔,106041,畜牧业类,10604103,2025,本专业培养掌握本专业知识和技术技能，具备职业综合素质和行动能力，面向牲畜饲养、家禽饲养、畜牧专业及辅助性活动行业的畜禽种苗繁育人员、畜禽饲养人员及其他畜牧业生产人员等职业，能够从事畜禽繁育、畜禽饲养管理、畜禽疾病防控、畜牧场废弃物资源化利用、畜牧场设备使用与维护工作的高技能人才。,https://gaokao.chsi.com.cn/zyk/zybk/detail/73385592
f2y1cvbzcz1h4o5j,410304,中兽医,高职（专科）,1060,农林牧渔,106041,畜牧业类,10604103,2025,本专业培养掌握中兽医基础、中药药理、中兽医方剂等知识，具备中兽医诊断、辨证论治、中兽医针灸、中兽药制剂制备等技能，具备职业综合素质和行动能力，面向畜牧业、兽医服务、宠物服务等行业的兽医兽药技术人员、动物疫病防治人员等职业，能够从事畜禽疾病防治、宠物疾病诊疗、动物保健、中兽药生产、中兽药应用与技术服务等工作的高技能人才。,https://gaokao.chsi.com.cn/zyk/zybk/detail/f2y1cvbzcz1h4o5j
pb3oanowtf4l7cxb,410305,宠物医疗技术,高职（专科）,1060,农林牧渔,106041,畜牧业类,10604103,2025,本专业培养掌握本专业知识和技术技能，具备职业综合素质和行动能力，面向宠物服务行业的宠物健康护理员、宠物医师等职业，能够从事宠物健康护理、宠物普通病诊断、宠物普通病治疗、宠物疫病防控和宠物诊疗机构经营工作的高技能人才。,https://gaokao.chsi.com.cn/zyk/zybk/detail/pb3oanowtf4l7cxb
73385616,410306,动物防疫与检疫,高职（专科）,1060,农林牧渔,106041,畜牧业类,10604103,2025,本专业培养德智体美劳全面发展，掌握扎实的科学文化基础和动物解剖生理、动物病理、动物流行病、动物性食品安全及相关法律法规等知识，具备动物防疫、动物检疫、动物性食品卫生检验等能力，具有工匠精神和信息素养，能够从事动物流行病调查、动物疫病防控、动物及其产品检疫检验、动物卫生监督等工作的高素质技术技能人才。,https://gaokao.chsi.com.cn/zyk/zybk/detail/73385616
213764528,410307,畜禽智能化养殖,高职（专科）,1060,农林牧渔,106041,畜牧业类,10604103,2025,本专业培养掌握本专业知识和技术技能，具备职业综合素质和行动能力，面向牲畜饲养等行业的畜禽饲养人员、畜禽种苗繁育人员及其他畜牧业生产人员等职业，能够从事畜禽智能化饲养管理、畜禽良种繁育、养殖场废弃物无害化处理、养殖设备维护保养、畜禽生产智能化控制、养殖场生物安全防控等工作的高技能人才。,https://gaokao.chsi.com.cn/zyk/zybk/detail/213764528
3ub5qdagfmvt6apa,410308,特种动物养殖技术,高职（专科）,1060,农林牧渔,106041,畜牧业类,10604103,2025,本专业培养德智体美劳全面发展，掌握扎实的科学文化基础和特种动物解剖生理、动物遗传繁育、饲料营养及相关法律法规等知识，具备特种动物养殖环境智能调控、选种繁育、智能饲喂、养殖废弃物处理、智能养殖设备使用与维护等能力，具有工匠精神和信息素养，能够从事特种动物规范饲养、疾病防治、良种繁育，养殖设备操作与维保，养殖环境生物安全防控，特种动物产品采收与初加工、营销等工作的高素质技术技能人才。,https://gaokao.chsi.com.cn/zyk/zybk/detail/3ub5qdagfmvt6apa
zxfln2v20pg6dm22,410309,宠物养护与驯导,高职（专科）,1060,农林牧渔,106041,畜牧业类,10604103,2025,本专业培养掌握本专业知识和技术技能，具备职业综合素质和行动能力，面向宠物服务行业的宠物健康护理员、宠物驯导师、宠物美容师等职业，能够从事宠物的饲养繁育、护理保健、驯导调教、美容等工作的高技能人才。,https://gaokao.chsi.com.cn/zyk/zybk/detail/zxfln2v20pg6dm22
73385600,410310,动物营养与饲料,高职（专科）,1060,农林牧渔,106041,畜牧业类,10604103,2025,本专业培养掌握本专业知识和技术技能，具备职业综合素质和行动能力，面向饲料加工行业的饲料原料采购、饲料品质管理、饲料加工、饲料营销等岗位（群），能够从事饲料原料采购、饲料品质管理、饲料生产加工、饲料营销与技术服务工作的高技能人才。,https://gaokao.chsi.com.cn/zyk/zybk/detail/73385600
73385648,410311,蚕桑技术,高职（专科）,1060,农林牧渔,106041,畜牧业类,10604103,2025,本专业培养德智体美劳全面发展，掌握扎实的科学文化基础和农业化学、桑蚕解剖与生理、桑树生长与环境等知识，具备蚕桑生产与技术服务、茧丝加工与质量检验、蚕种繁育与经营管理等能力，具有工匠精神和信息素养，能够从事桑树栽培、桑蚕饲养、种蚕繁育、蚕种经营、茧丝检验、蚕茧收烘与加工、丝产品营销与技术服务等工作的高素质技术技能人才。,https://gaokao.chsi.com.cn/zyk/zybk/detail/73385648
73385660,410401,水产养殖技术,高职（专科）,1060,农林牧渔,106041,渔业类,10604104,2025,本专业培养掌握本专业知识和技术技能，具备职业综合素质和行动能力，面向水产养殖行业的水产苗种繁育人员、水产养殖人员等职业，能够从事水产养殖、水产捕捞、水产技术服务、水产品及投入品营销工作的高技能人才。,https://gaokao.chsi.com.cn/zyk/zybk/detail/73385660
164254763,410402,海洋渔业技术,高职（专科）,1060,农林牧渔,106041,渔业类,10604104,2025,本专业培养德智体美劳全面发展，掌握扎实的科学文化基础和渔业资源与海洋环境、海洋生物技术、智慧渔业等知识，具备海洋生物资源与环境调查评价、海洋生物资源增殖与养护、船舶安全驾驶、现代渔业设备设施使用及维护等能力，具有生态发展理念和信息素养，能够从事海洋生物资源与环境的调查与评价、海洋生物资源增殖与养护、渔业管理、海上船舶驾驶、海洋牧场管护、智慧渔业设备操控等工作的高素质技术技能人才。,https://gaokao.chsi.com.cn/zyk/zybk/detail/164254763
164254771,410403,水族科学与技术,高职（专科）,1060,农林牧渔,106041,渔业类,10604104,2025,本专业培养德智体美劳全面发展，掌握扎实的科学文化基础和水族生物品种、水族动植物繁育与鉴赏、水族动物营养、养殖水环境等知识，具备水族动物增养殖、水族植物栽培、水生动植物病虫害防治、水质检测与调控、水族景观设计、水生哺乳动物驯养等能力，具有工匠精神和信息素养，能够从事水族动物繁殖与养殖、水族动植物病虫害防治、水族景观设计与维护、水族用品及观赏动植物营销与售后服务、水生哺乳动物驯养等工作的高素质技术技能人才。,https://gaokao.chsi.com.cn/zyk/zybk/detail/164254771
320924649,410404,水生动物医学,高职（专科）,1060,农林牧渔,106041,渔业类,10604104,2025,本专业培养德智体美劳全面发展，掌握扎实的科学文化基础和养殖水化学、水生动物生理、水产微生物、水生动物病理与药理及相关法律法规等知识，具备水生动物病虫害防治、水生动物疫病检验检疫、水产养殖技术推广等能力，具有工匠精神和信息素养，能够从事水生动物病虫害防治、水生动物疫病检验检疫、水产动物药品营销等工作的高素质技术技能人才。,https://gaokao.chsi.com.cn/zyk/zybk/detail/320924649
fhlvvn5fo5feh1lr,410405,休闲渔业经营与管理,高职（专科）,1060,农林牧渔,106041,渔业类,10604104,,,https://gaokao.chsi.com.cn/zyk/zybk/detail/fhlvvn5fo5feh1lr
p7v20uvsvp9xh0zu,420101,国土资源调查与管理,高职（专科）,1060,资源环境与安全,106042,资源勘查类,10604201,2025,本专业培养德智体美劳全面发展，掌握扎实的科学文化基础和自然资源管理、矿产管理及相关法律法规等知识，具备不动产测绘、国土资源或矿产地质调查、自然资源评价、土地整治等能力，具有工匠精神和信息素养，能够从事土地或矿产等资源的调查、监测、评价、登记、整治、管理等工作的高素质技术技能人才。,https://gaokao.chsi.com.cn/zyk/zybk/detail/p7v20uvsvp9xh0zu
aodoq01b1tdtrl0x,420102,地质调查与矿产普查,高职（专科）,1060,资源环境与安全,106042,资源勘查类,10604201,2025,本专业培养德智体美劳全面发展，掌握扎实的科学文化基础和区域地质调查、矿产勘查、矿山环境地质及相关法律法规等知识，具备地质填图、矿产资源野外调查与室内综合评价、矿产资源开发对地质环境影响评价等能力，具有工匠精神和信息素养，能够从事区域地质调查、矿产普查、矿山地质环境调查等工作的高素质技术技能人才。,https://gaokao.chsi.com.cn/zyk/zybk/detail/aodoq01b1tdtrl0x
bn83gfbq8epzg3zz,420103,生态地质调查,高职（专科）,1060,资源环境与安全,106042,资源勘查类,10604201,2025,本专业培养掌握本专业知识和技术技能，具备职业综合素质和行动能力，面向地质勘查、生态保护等行业的地质调查员、水工环地质工程技术人员、水文水资源工程技术人员等职业，能够从事生态环境地质调查、矿山生态环境调查与评价、土地质量调查、水资源综合调查与评价等工作的高技能人才。,https://gaokao.chsi.com.cn/zyk/zybk/detail/bn83gfbq8epzg3zz
7e51prre2si68phc,420104,矿产地质勘查,高职（专科）,1060,资源环境与安全,106042,资源勘查类,10604201,2025,本专业培养德智体美劳全面发展，掌握扎实的科学文化基础和矿产地质勘查等知识，具有矿产地质勘查、矿产资源管理等能力，具有工匠精神和信息素养，能够从事矿产地质勘查（绿色勘查）、矿产资源管理、矿山生产与建设等工作的高素质技术技能人才。,https://gaokao.chsi.com.cn/zyk/zybk/detail/7e51prre2si68phc
73386144,420105,煤田地质勘查,高职（专科）,1060,资源环境与安全,106042,资源勘查类,10604201,2025,本专业培养德智体美劳全面发展，掌握扎实的科学文化基础和地质基础、勘探方法、煤田地质绿色勘查及相关法律法规等知识，具备认识、分析和解决煤田地质绿色勘查、矿井安全生产、矿区生态修复常见工程问题的能力，具有工匠精神和信息素养，能够从事煤炭资源调查、勘查、设计、开发，煤矿安全生产地质保障，煤矿开采生态保护、治理与恢复等工作的高素质技术技能人才。,https://gaokao.chsi.com.cn/zyk/zybk/detail/73386144
73386160,420106,岩矿分析与鉴定,高职（专科）,1060,资源环境与安全,106042,资源勘查类,10604201,2025,本专业培养德智体美劳全面发展，掌握扎实的科学文化基础和野外地质调查、岩矿分析、岩矿鉴定及相关法律法规等知识，具备野外地质调查、岩矿鉴定、岩矿测试分析、环境监测技术等能力，具有工匠精神和信息素养，能够从事野外地质调查、岩矿鉴定、岩矿测试分析、环境监测等工作的高素质技术技能人才。,https://gaokao.chsi.com.cn/zyk/zybk/detail/73386160
7pk66b31c2mj0oix,420107,宝玉石鉴定与加工,高职（专科）,1060,资源环境与安全,106042,资源勘查类,10604201,2025,本专业培养掌握本专业知识和技术技能，具备职业综合素质和行动能力，面向质检技术服务、工艺美术及礼仪用品制造、零售等行业的检验、检测和计算服务人员、工艺美术品制造人员、销售人员等职业，能够从事贵金属首饰与宝玉石检测、珠宝首饰加工、珠宝首饰营销工作的高技能人才。,https://gaokao.chsi.com.cn/zyk/zybk/detail/7pk66b31c2mj0oix
73386180,420201,工程地质勘查,高职（专科）,1060,资源环境与安全,106042,地质类,10604202,2025,本专业培养德智体美劳全面发展，掌握扎实的科学文化基础和地质基础、工程勘察、岩土工程、岩土测试及相关法律法规等知识，具备工程地质测绘与调查、工程地质勘察与评价、岩土室内测试与数据处理、岩土工程施工与管理等能力，具有工匠精神和信息素养，能够从事工程地质测绘与调查、工程地质勘察与评价、岩土室内测试、岩土工程施工组织等工作的高素质技术技能人才。,https://gaokao.chsi.com.cn/zyk/zybk/detail/73386180
73386184,420202,水文与工程地质,高职（专科）,1060,资源环境与安全,106042,地质类,10604202,2025,本专业培养德智体美劳全面发展，掌握扎实的科学文化基础和基础地质、水文地质、工程地质及相关法律法规等知识，具备水文地质与工程地质测绘、勘探、试验、监测等能力，具有工匠精神和信息素养，能够从事水文地质勘察与评价、工程地质勘察与评价等工作的高素质技术技能人才。,https://gaokao.chsi.com.cn/zyk/zybk/detail/73386184
73386176,420203,矿山地质,高职（专科）,1060,资源环境与安全,106042,地质类,10604202,2025,本专业培养德智体美劳全面发展，掌握扎实的科学文化基础和矿物岩石鉴定、构造现象判识、矿产地质勘查及相关法律法规等知识，具备鉴定矿物岩石、分析构造地质条件、开展地质调查等能力，具有工匠精神和信息素养，能够从事矿产地质调查、地质数据处理及绘图、矿山生态环境监测与修复、地质灾害监测与防治等工作的高素质技术技能人才。,https://gaokao.chsi.com.cn/zyk/zybk/detail/73386176
73386188,420204,钻探工程技术,高职（专科）,1060,资源环境与安全,106042,地质类,10604202,2025,本专业培养德智体美劳全面发展，掌握扎实的科学文化基础和钻探设备调试维修、钻进工艺技术、护壁堵漏、采样、测孔纠斜、孔内事故预防处理、施工组织设计与管理及相关法律法规等知识，具备设备安装调试、钻孔设计、钻进方法选择、冲洗液配制及测试、钻进成孔、岩（土）心采取等能力，具有工匠精神和信息素养，能够从事钻探工程施工与组织管理等工作的高素质技术技能人才。,https://gaokao.chsi.com.cn/zyk/zybk/detail/73386188
73386212,420205,岩土工程技术,高职（专科）,1060,资源环境与安全,106042,地质类,10604202,2025,本专业培养德智体美劳全面发展，掌握扎实的科学文化基础和工程勘察、岩土工程、工程项目管理及相关法律法规等知识，具备岩土工程勘察、施工、检测、监测等能力，具有工匠精神和信息素养，能够从事岩土工程勘察、施工、检测、监测等工作的高素质技术技能人才。,https://gaokao.chsi.com.cn/zyk/zybk/detail/73386212
p3th1zpr649fsqwa,420206,地球物理勘探技术,高职（专科）,1060,资源环境与安全,106042,地质类,10604202,2025,本专业培养德智体美劳全面发展，掌握扎实的科学文化基础和地球物理方法、勘探等知识，具备地球物理软件应用开发、地球物理数据采集处理等能力，具有工匠精神和信息素养，能够从事空中、地面、地下、海洋目标体调查、评价和研究的高素质技术技能人才。,https://gaokao.chsi.com.cn/zyk/zybk/detail/p3th1zpr649fsqwa
73386200,420207,地质灾害调查与防治,高职（专科）,1060,资源环境与安全,106042,地质类,10604202,2025,本专业培养德智体美劳全面发展，掌握扎实的科学文化基础和地质灾害调查、评价、监测和防治及相关法律法规等知识，具备地质灾害调查、评价、监测和防治等能力，具有工匠精神和信息素养，能够从事地质灾害调查与评价、地质灾害防治工程设计与施工管理、地质灾害监测预警，以及岩土工程勘察、水工环地质调查等工作的高素质技术技能人才。,https://gaokao.chsi.com.cn/zyk/zybk/detail/73386200
73386204,420208,环境地质工程,高职（专科）,1060,资源环境与安全,106042,地质类,10604202,2025,本专业培养德智体美劳全面发展，掌握扎实的科学文化基础和环境地质、灾害地质、矿山生态修复和水文地质及相关法律法规等知识，具备环境地质调查、灾害地质调查、矿山生态修复工程识图与施工、水文地质勘查等能力，具有工匠精神和信息素养，能够从事地质环境调查与评价、地质灾害调查与评价、矿山生态修复工程施工和水文地质勘查等工作的高素质技术技能人才。,https://gaokao.chsi.com.cn/zyk/zybk/detail/73386204
r542mxwsis31ess1,420209,城市地质勘查,高职（专科）,1060,资源环境与安全,106042,地质类,10604202,2025,本专业培养掌握本专业知识和技术技能，具备职业综合素质和行动能力，面向地质勘查、工程技术与设计服务等行业的水工环地质工程技术人员、地质矿产调查工程技术人员、地质调查员等职业，能够从事城市地下空间探测、土地和水资源调查评价、地质环境调查评价、工程测绘、城市地质大数据信息管理与服务等工作的高技能人才。,https://gaokao.chsi.com.cn/zyk/zybk/detail/r542mxwsis31ess1
73386324,420301,工程测量技术,高职（专科）,1060,资源环境与安全,106042,测绘地理信息类,10604203,2025,本专业培养掌握本专业知识和技术技能，具备职业综合素质和行动能力，面向测绘地理信息服务行业的工程测量工程技术人员职业，能够从事工程建设和资源开发的勘测设计、施工、竣工、变形观测和运营管理中的测量以及无人机摄影测量等工作的高技能人才。,https://gaokao.chsi.com.cn/zyk/zybk/detail/73386324
73386356,420302,测绘工程技术,高职（专科）,1060,资源环境与安全,106042,测绘地理信息类,10604203,2025,本专业培养掌握本专业知识和技术技能，具备职业综合素质和行动能力，面向测绘地理信息服务行业的大地测量、地形测绘、工程测量、不动产测绘岗位（群），能够从事大地测量、地形测绘、工程测量、不动产测绘等工作的高技能人才。,https://gaokao.chsi.com.cn/zyk/zybk/detail/73386356
ic4fipnbr40kryoc,420303,测绘地理信息技术,高职（专科）,1060,资源环境与安全,106042,测绘地理信息类,10604203,2025,本专业培养德智体美劳全面发展，掌握扎实的科学文化基础和数字地形测量、地理信息、地图制图及相关法律法规等知识，具备地形图测绘，地理信息采集、处理、应用和制图等能力，具有工匠精神和空间信息素养，能够从事数字地形图测绘、地理信息数据生产、地理信息应用、地图制图等工作的高素质技术技能人才。,https://gaokao.chsi.com.cn/zyk/zybk/detail/ic4fipnbr40kryoc
73386332,420304,摄影测量与遥感技术,高职（专科）,1060,资源环境与安全,106042,测绘地理信息类,10604203,2025,本专业培养掌握本专业知识和技术技能，具备职业综合素质和行动能力，面向数字内容服务、测绘地理信息服务等行业的测绘和地理信息工程技术人员、测绘服务人员、地理信息服务人员等职业，能够从事测绘航空摄影、航空摄影测量内业、航空摄影测量外业、遥感图像处理等工作的高技能人才。,https://gaokao.chsi.com.cn/zyk/zybk/detail/73386332
73386344,420305,地籍测绘与土地管理,高职（专科）,1060,资源环境与安全,106042,测绘地理信息类,10604203,2025,本专业培养掌握地籍测绘与土地管理专业知识和技术技能，具备职业综合素质和行动能力，面向测绘地理信息服务行业的不动产测绘员等职业，能够从事不动产测绘、国土资源管理、自然资源调查等工作的高技能人才。,https://gaokao.chsi.com.cn/zyk/zybk/detail/73386344
bjmxch52x0xiovua,420306,国土空间规划与测绘,高职（专科）,1060,资源环境与安全,106042,测绘地理信息类,10604203,2025,本专业培养掌握国土空间规划与测绘专业知识和技术技能，具备职业综合素质和行动能力，面向测绘地理信息服务行业的国土测绘、国土空间规划设计、国土空间规划信息数据服务、国土空间规划管理等岗位（群），能够从事国土测绘、国土空间规划设计、国土空间规划信息数据服务、国土空间规划管理工作的高技能人才。,https://gaokao.chsi.com.cn/zyk/zybk/detail/bjmxch52x0xiovua
wz0l3313cklnuo73,420307,无人机测绘技术,高职（专科）,1060,资源环境与安全,106042,测绘地理信息类,10604203,2025,本专业培养掌握无人机测绘技术专业知识和技术技能，具备职业综合素质和行动能力，面向测绘地理信息服务行业的无人机操作与维护、无人机测绘数据采集等岗位（群），能够从事无人机操作与维护、无人机测绘数据采集、处理与4D产品表达等工作的高技能人才。,https://gaokao.chsi.com.cn/zyk/zybk/detail/wz0l3313cklnuo73
73386348,420308,矿山测量,高职（专科）,1060,资源环境与安全,106042,测绘地理信息类,10604203,2025,本专业培养掌握矿山测量专业知识和技术技能，具备职业综合素质和行动能力，面向测绘地理信息服务行业的工程测量工程技术人员、地质测绘工程技术人员、工程测量员等职业，能够从事矿山测量、地下工程测量、矿山开采沉陷与地质灾害监测等工作的高技能人才。,https://gaokao.chsi.com.cn/zyk/zybk/detail/73386348
akworumgf0rk92zp,420309,导航与位置服务,高职（专科）,1060,资源环境与安全,106042,测绘地理信息类,10604203,2025,本专业培养德智体美劳全面发展，掌握扎实的科学文化基础和导航定位系统、导航应用及相关法律法规等知识，具备导航设备运维、导航数据采集与处理、导航电子地图制作等能力，具有工匠精神和信息素养，能够从事导航设备测试维护、技术支持，导航数据采集、处理与应用，导航电子地图制作与更新等工作的高素质技术技能人才。,https://gaokao.chsi.com.cn/zyk/zybk/detail/akworumgf0rk92zp
jx5s6ivlykqg9666,420310,空间数字建模与应用技术,高职（专科）,1060,资源环境与安全,106042,测绘地理信息类,10604203,2025,本专业培养掌握空间数字建模与应用技术专业知识和技术技能，具备职业综合素质和行动能力，面向测绘地理信息服务行业的测绘和地理信息工程技术人员等职业，能够从事地图设计与编绘、地理信息处理、三维建模、地理空间模型应用等工作的高技能人才。,https://gaokao.chsi.com.cn/zyk/zybk/detail/jx5s6ivlykqg9666
73386272,420401,油气储运技术,高职（专科）,1060,资源环境与安全,106042,石油与天然气类,10604204,2025,本专业培养掌握油气储运技术专业知识和技术技能，具备职业综合素质和行动能力，面向管道运输、危险品仓储等行业的油品储运工、油气输送工、燃气储运工等职业，能够从事油气集输与处理、油气管道输送、油气储存与销售、燃气输配等工作的高技能人才。,https://gaokao.chsi.com.cn/zyk/zybk/detail/73386272
v4q1b0863n6r0k2y,420402,油气地质勘探技术,高职（专科）,1060,资源环境与安全,106042,石油与天然气类,10604204,2025,本专业培养掌握油气地质勘探技术专业知识和技术技能，具备职业综合素质和行动能力，面向地质矿产调查、钻探工程施工、石油天然气开采等岗位（群），能够从事录井、测井、钻井、油气开采、井下作业等工作的高技能人才。,https://gaokao.chsi.com.cn/zyk/zybk/detail/v4q1b0863n6r0k2y
73386264,420403,钻井技术,高职（专科）,1060,资源环境与安全,106042,石油与天然气类,10604204,2025,本专业培养德智体美劳全面发展，掌握扎实的科学文化基础和钻（修）井设备结构与原理、生产操作与维护、常见故障判断与应急处理等知识，具备钻井设备及工具的安装、使用、维护及保养等能力，具有工匠精神和信息素养，能够从事钻井、井下作业等施工作业及基层站队管理等工作的高素质技术技能人才。,https://gaokao.chsi.com.cn/zyk/zybk/detail/73386264
73386268,420404,油气智能开采技术,高职（专科）,1060,资源环境与安全,106042,石油与天然气类,10604204,2025,本专业培养掌握油气智能开采技术专业知识和技术技能，具备职业综合素质和行动能力，面向石油和天然气开采与储运人员、石油天然气工程技术人员等职业，能够从事石油和天然气开采、城市燃气输配、操作维护、技术管理等工作的高技能人才。,https://gaokao.chsi.com.cn/zyk/zybk/detail/73386268
73386276,420405,油田化学应用技术,高职（专科）,1060,资源环境与安全,106042,石油与天然气类,10604204,2025,本专业培养德智体美劳全面发展，掌握扎实的科学文化基础和油田化学应用、工艺运行及设备维护、故障诊断与事故应急处理等知识，具备油田化学品生产操作，油田化学剂配制与使用、性能检测与控制等能力，具有工匠精神和信息素养，能够从事石油钻采、油气输送、检验试验、油田基层生产管理及环境监测等工作的高素质技术技能人才。,https://gaokao.chsi.com.cn/zyk/zybk/detail/73386276
73386284,420406,石油工程技术,高职（专科）,1060,资源环境与安全,106042,石油与天然气类,10604204,2025,本专业培养德智体美劳全面发展，掌握扎实的科学文化基础和钻采设备、井下作业设备、石油仪表等知识，具备钻采设备操作维护及改进工艺、井下作业设备操作与维修、复杂情况分析、施工组织与技术管理等能力，具有工匠精神和信息素养，能够从事设备和工艺操作、技术与质量管理、一般故障及事故分析与处理、基础研究等工作的高素质技术技能人才。,https://gaokao.chsi.com.cn/zyk/zybk/detail/73386284
pn7tg98jx6chsf8w,420501,煤矿智能开采技术,高职（专科）,1060,资源环境与安全,106042,煤炭类,10604205,2025,本专业培养掌握煤矿智能开采技术专业知识和技术技能，具备职业综合素质和行动能力，面向煤炭开采和洗选行业的矿山工程技术人员、矿物采选人员等职业，能够从事智能化工作面采掘施工、智能化采掘生产组织、智能通风技术管理、智能开采安全管理工作的高技能人才。,https://gaokao.chsi.com.cn/zyk/zybk/detail/pn7tg98jx6chsf8w
73386232,420502,矿井建设工程技术,高职（专科）,1060,资源环境与安全,106042,煤炭类,10604205,2025,本专业培养德智体美劳全面发展，掌握扎实的科学文化基础和井巷设计、施工组织管理及相关法律法规等知识，具备预防、分析和解决井巷工程常见问题等能力，具有工匠精神和信息素养，能够从事一般井巷工程设计、施工组织管理等工作的高素质技术技能人才。,https://gaokao.chsi.com.cn/zyk/zybk/detail/73386232
73386240,420503,通风技术与安全管理,高职（专科）,1060,资源环境与安全,106042,煤炭类,10604205,2025,本专业培养掌握本专业知识和技术技能，具备职业综合素质和行动能力，面向煤矿开采和洗选、专业技术服务等行业，能够从事矿井通风管理、矿山救援、安全管理等工作的高技能人才。,https://gaokao.chsi.com.cn/zyk/zybk/detail/73386240
5j9l98hmb72llvpw,420504,矿山机电与智能装备,高职（专科）,1060,资源环境与安全,106042,煤炭类,10604205,2025,本专业培养掌握本专业知识和技术技能，具备职业综合素质和行动能力，面向煤炭开采和洗选、开采专业及辅助性活动等行业，能够从事智能化煤矿机电设备操作、运行维护与故障检测检修等工作的高技能人才。,https://gaokao.chsi.com.cn/zyk/zybk/detail/5j9l98hmb72llvpw
9zsbx13fmoqzt83k,420505,煤炭清洁利用技术,高职（专科）,1060,资源环境与安全,106042,煤炭类,10604205,2025,本专业培养掌握本专业知识和技术技能，具备职业综合素质和行动能力，面向烟煤和无烟煤开采洗选、褐煤开采洗选、煤炭加工等行业，能够从事煤质分析与评价，装置操作、维护及故障处理，DCS 控制，工艺故障处理等工作的高技能人才。,https://gaokao.chsi.com.cn/zyk/zybk/detail/9zsbx13fmoqzt83k
73386256,420506,煤层气采输技术,高职（专科）,1060,资源环境与安全,106042,煤炭类,10604205,2025,本专业培养德智体美劳全面发展，掌握扎实的科学文化基础和煤层气地质、采输与处理、瓦斯抽采及相关法律法规等知识，具备煤层气开采、集输与处理，瓦斯抽采等工程技术能力，具有工匠精神和信息素养，能够从事地面煤层气开采、集输与处理，矿井瓦斯抽采的设计、施工、生产组织与管理等工作的高素质技术技能人才。,https://gaokao.chsi.com.cn/zyk/zybk/detail/73386256
pwxmz1wwld4mnc4v,420601,矿山智能开采技术,高职（专科）,1060,资源环境与安全,106042,金属与非金属矿类,10604206,2025,本专业培养掌握本专业知识和技术技能，具备职业综合素质和行动能力，面向有色金属矿采行业，能够从事露天矿物开采、矿井开掘、井下采矿、井下支护、矿山提升设备操作、矿井通风、矿山安全防护等工作的高技能人才。,https://gaokao.chsi.com.cn/zyk/zybk/detail/pwxmz1wwld4mnc4v
73386292,420602,矿物加工技术,高职（专科）,1060,资源环境与安全,106042,金属与非金属矿类,10604206,2025,本专业培养德智体美劳全面发展，掌握扎实的科学文化基础和矿物加工基础理论、基本原理、常见设备和工艺方法及相关法律法规等知识，具备选矿设备操作运维、工艺调控、安全隐患排查处理等能力，具有工匠精神和信息素养，能够从事碎矿、磨矿、浮选、重选、磁选等工作的高素质技术技能人才。,https://gaokao.chsi.com.cn/zyk/zybk/detail/73386292
73387345,420701,大气科学技术,高职（专科）,1060,资源环境与安全,106042,气象类,10604207,2025,本专业培养德智体美劳全面发展，掌握扎实的科学文化基础和天气预报预警、人工影响天气等知识，具备应用各种气象数据制作天气预报、发布灾害性天气预警、指挥人工影响天气作业等能力，具有工匠精神和信息素养，能够从事天气预报、灾害性天气监测预警、人工影响天气等工作的高素质技术技能人才。,https://gaokao.chsi.com.cn/zyk/zybk/detail/73387345
73387349,420702,大气探测技术,高职（专科）,1060,资源环境与安全,106042,气象类,10604207,2025,本专业培养德智体美劳全面发展，掌握扎实的科学文化基础和综合气象观测、气象观测数据质量控制、气象装备保障及相关法律法规等知识，具备综合气象观测、气象装备安装维护与维修、气象数据处理、航空（海洋）气象服务与保障等能力，具有工匠精神和信息素养，能够从事综合气象观测、气象智能装备保障、航空（海洋）气象观测等工作的高素质技术技能人才。,https://gaokao.chsi.com.cn/zyk/zybk/detail/73387349
73387353,420703,应用气象技术,高职（专科）,1060,资源环境与安全,106042,气象类,10604207,2025,本专业培养德智体美劳全面发展，掌握扎实的科学文化基础和公共气象服务、气象防灾减灾、气候监测预测及气象相关法律法规等知识，具备农业气象观测与服务、各类气象服务产品制作、气候资源应用与开发等气象科技服务能力，具有气象职业精神和信息素养，能够从事公共气象服务、农业气象观测与服务、气象科技应用与服务等工作的高素质技术技能人才。,https://gaokao.chsi.com.cn/zyk/zybk/detail/73387353
73387357,420704,雷电防护技术,高职（专科）,1060,资源环境与安全,106042,气象类,10604207,2025,本专业培养德智体美劳全面发展，掌握扎实的科学文化基础和雷电学、电子电路识图制图、防雷工程设计与施工及相关法律法规等知识，具备防雷制图审图、防雷相关仪器设备维护使用、防雷工程项目管理等能力，具有工匠精神和信息素养，能够从事防雷工程设计与施工、防雷装置检测、物联网防雷技术应用等工作的高素质技术技能人才。,https://gaokao.chsi.com.cn/zyk/zybk/detail/73387357
i9zekiwslq3eceld,420801,环境监测技术,高职（专科）,1060,资源环境与安全,106042,环境保护类,10604208,2025,本专业培养掌握本专业知识和技术技能，具备职业综合素质和行动能力，面向环境与生态监测检测服务行业，能够从事采样、检测分析、质控、报告编制、环境自动监测运维等工作的高技能人才。,https://gaokao.chsi.com.cn/zyk/zybk/detail/i9zekiwslq3eceld
164250648,420802,环境工程技术,高职（专科）,1060,资源环境与安全,106042,环境保护类,10604208,2025,本专业培养掌握本专业知识和技术技能，具备职业综合素质和行动能力，面向环境治理、污水处理及其再生利用、环保工程施工等行业，能够从事环保设施运营管理、环境工程施工管理、环保设备维修维护和环境工程工艺设计工作的高技能人才。,https://gaokao.chsi.com.cn/zyk/zybk/detail/164250648
73387313,420803,生态保护技术,高职（专科）,1060,资源环境与安全,106042,环境保护类,10604208,2025,本专业培养德智体美劳全面发展，掌握扎实的科学文化基础和自然生态基础理论、生态建设工程等知识，具备生态监测调查、生态保护工程施工及项目管理等能力，具有工匠精神和信息素养，能够从事生态空间数据采集处理与调查评估、生态保护修复方案编制、生态保护工程施工与管理等工作的高素质技术技能人才。,https://gaokao.chsi.com.cn/zyk/zybk/detail/73387313
213805409,420804,生态环境大数据技术,高职（专科）,1060,资源环境与安全,106042,环境保护类,10604208,2025,本专业培养德智体美劳全面发展，掌握扎实的科学文化基础和生态环境保护、大数据技术等知识，具备环境大数据平台运维以及环境大数据分析、应用和开发等能力，具有工匠精神和信息素养，能够从事环境大数据采集、预处理、分析、存储、可视化并加以利用、管理和服务等工作的高素质技术技能人才。,https://gaokao.chsi.com.cn/zyk/zybk/detail/213805409
ky3nz15n2nc38ih6,420805,环境管理与评价,高职（专科）,1060,资源环境与安全,106042,环境保护类,10604208,2025,本专业培养掌握本专业知识和技术技能，具备职业综合素质和行动能力，面向生态保护和环境治理、环保咨询、环保技术推广服务等行业，能够从事环境管理和环境咨询服务工作的高技能人才。,https://gaokao.chsi.com.cn/zyk/zybk/detail/ky3nz15n2nc38ih6
3scvh90f10321zpx,420806,生态环境修复技术,高职（专科）,1060,资源环境与安全,106042,环境保护类,10604208,2025,本专业培养掌握本专业知识和技术技能，具备职业综合素质和行动能力，面向环境治理行业，能够从事污染地表水体和地下水修复、农用地和建设用地土壤污染修复、矿山修复等工作的高技能人才。,https://gaokao.chsi.com.cn/zyk/zybk/detail/3scvh90f10321zpx
6iv808yuccyzajc4,420807,绿色低碳技术,高职（专科）,1060,资源环境与安全,106042,环境保护类,10604208,2025,本专业培养德智体美劳全面发展，掌握扎实的科学文化基础和碳达峰与碳中和相关理论、中国与国际碳市场建设、国际国内碳交易发展等知识，具备温室气体排放监测、企业清洁生产审核、绿色体系创建和低碳技术应用及评估等能力，具有工匠精神和信息素养，能够从事碳排放管理、绿色体系评价、清洁生产、低碳技术应用等工作的高素质技术技能人才。,https://gaokao.chsi.com.cn/zyk/zybk/detail/6iv808yuccyzajc4
hgf3chj746g82npz,420808,资源综合利用技术,高职（专科）,1060,资源环境与安全,106042,环境保护类,10604208,2025,本专业培养掌握本专业知识和技术技能，具备职业综合素质和行动能力，面向废弃资源综合利用、环境治理、专业技术服务等行业，能够从事固废处理处置及再生资源工程工艺设计、工程运营管理、设备安装调试运营和固体废物鉴别分析等工作的高技能人才。,https://gaokao.chsi.com.cn/zyk/zybk/detail/hgf3chj746g82npz
2n3ku744cpo4nz97,420809,水净化与安全技术,高职（专科）,1060,资源环境与安全,106042,环境保护类,10604208,2025,本专业培养德智体美劳全面发展，掌握扎实的科学文化基础和水净化处理工艺、运维、安全管理以及水质分析等知识，具备水处理工程设计施工、水质安全管理、水处理设备操作和调试等能力，具有工匠精神和信息素养，能够从事水处理设施运行管理及维修维护、水环境监测、水质检测与评估、水处理工程施工、涉水行业技术咨询服务及安全管理等工作的高素质技术技能人才。,https://gaokao.chsi.com.cn/zyk/zybk/detail/2n3ku744cpo4nz97
73387337,420810,核与辐射检测防护技术,高职（专科）,1060,资源环境与安全,106042,环境保护类,10604208,2025,本专业培养德智体美劳全面发展，掌握扎实的科学文化基础和核辐射测量、辐射防护及核安全相关法律法规等知识，具备辐射环境监测、辐射剂量与防护评估、辐射环境管理与评价、放射性污染治理等能力，具有工匠精神和信息素养，能够从事辐射监测分析和评价、放射性污染治理与辐射防护等工作的高素质技术技能人才。,https://gaokao.chsi.com.cn/zyk/zybk/detail/73387337
lw25z60xja9d6g6x,420811,智能环保装备技术,高职（专科）,1060,资源环境与安全,106042,环境保护类,10604208,2025,本专业培养掌握本专业知识和技术技能，具备职业综合素质和行动能力，面向环境治理等行业的环保装备设计、制造、安装与调试、运营管理、维修与保护、智能化升级等岗位（群），能够从事固体废物处理处置、水污染治理、大气污染治理、环境监测、物理污染治理等环保装备的初步设计与制造、安装与调试、运行与维护、智能化升级等工作的高技能人才。,https://gaokao.chsi.com.cn/zyk/zybk/detail/lw25z60xja9d6g6x
19z7lslqqnzgce2m,420901,安全技术与管理,高职（专科）,1060,资源环境与安全,106042,安全类,10604209,2025,本专业培养掌握本专业知识和技术技能，具备职业综合素质和行动能力，面向采矿、制造、建筑等行业的安全生产管理工程技术人员、安全评价工程技术人员、安全员等职业，能够从事安全管理、安全评价和安全技术咨询等工作的高技能人才。,https://gaokao.chsi.com.cn/zyk/zybk/detail/19z7lslqqnzgce2m
73387377,420902,化工安全技术,高职（专科）,1060,资源环境与安全,106042,安全类,10604209,2025,本专业培养德智体美劳全面发展，掌握扎实的科学文化基础和化工生产及储运安全、危险化工工艺、设备结构与工作原理等知识，具备化工安全生产、安全检修操作与控制、安全管理和应急处置等能力，具有工匠精神和信息素养，能够从事化工安全生产控制、安全管理、应急管理和安全专业技术服务等工作的高素质技术技能人才。,https://gaokao.chsi.com.cn/zyk/zybk/detail/73387377
320924761,420903,工程安全评价与监理,高职（专科）,1060,资源环境与安全,106042,安全类,10604209,2025,本专业培养德智体美劳全面发展，掌握扎实的科学文化基础和建设工程安全风险防范、安全评价和安全管理等知识，具备事故预测、损害估算、质量监控、风险评价等能力，具有责任担当精神和信息素养，能够从事建设工程生产安全风险评估与措施制订、项目过程监督和管理、施工安全管理等工作的高素质技术技能人才,https://gaokao.chsi.com.cn/zyk/zybk/detail/320924761
320924842,420904,安全智能监测技术,高职（专科）,1060,资源环境与安全,106042,安全类,10604209,2025,本专业培养德智体美劳全面发展，掌握扎实的科学文化基础和安全智能监测设备、安全生产管理等知识，具备安全智能监测设备安装与维护、检修与管理等能力，具有责任担当精神和信息素养，能够从事智能化安防系统安装与维护、安全生产管理、客户服务等工作的高素质技术技能人才。,https://gaokao.chsi.com.cn/zyk/zybk/detail/320924842
73387365,420905,应急救援技术,高职（专科）,1060,资源环境与安全,106042,安全类,10604209,2025,本专业培养掌握本专业知识和技术技能，具备职业综合素质和行动能力，面向专业技术服务行业的应急救援员、其他安全和消防及辅助人员等职业，能够从事突发事件的预防与应急准备、受灾人员和公私财产救助、组织自救、互救及救援善后等工作的高技能人才。,https://gaokao.chsi.com.cn/zyk/zybk/detail/73387365
vnjwz21tubxnigpf,420906,消防救援技术,高职（专科）,1060,资源环境与安全,106042,安全类,10604209,2025,本专业培养掌握本专业知识和技术技能，具备职业综合素质和行动能力，面向消防管理行业的消防员、消防指挥员、消防装备管理员等岗位（群），能够从事消防救援、指挥和作战训练等工作的高技能人才。,https://gaokao.chsi.com.cn/zyk/zybk/detail/vnjwz21tubxnigpf
320924596,420907,森林草原防火技术,高职（专科）,1060,资源环境与安全,106042,安全类,10604209,2025,本专业培养德智体美劳全面发展，掌握扎实的科学文化基础和国家森林草原防火法律法规、林火燃烧原理、林草环境、火灾扑救等知识，具备森林草原火险普查、林火监测预警、防灭火装备使用及维护等能力，具有工匠精神和信息素养，能够从事森林和草原火灾预防、扑救、指挥、灾害评估等工作的高素质技术技能人才。,https://gaokao.chsi.com.cn/zyk/zybk/detail/320924596
7jh1p7kd3c3xqgpy,420908,职业健康安全技术,高职（专科）,1060,资源环境与安全,106042,安全类,10604209,2025,本专业培养掌握本专业知识和技术技能，具备职业综合素质和行动能力，面向采矿、制造、专业技术服务等行业的安全生产管理工程技术人员、安全评价工程技术人员、健康安全环境工程技术人员等职业，能够从事企业职业健康安全管理、企业职业危害防治、工作场所职业病危害因素检测和评价等工作的高技能人才。,https://gaokao.chsi.com.cn/zyk/zybk/detail/7jh1p7kd3c3xqgpy
m19z4n0y4b7uga63,420909,防灾减灾救灾技术,高职（专科）,1060,资源环境与安全,106042,安全类,10604209,,,https://gaokao.chsi.com.cn/zyk/zybk/detail/m19z4n0y4b7uga63
73386472,430101,发电厂及电力系统,高职（专科）,1060,能源动力与材料,106043,电力技术类,10604301,2025,本专业培养德智体美劳全面发展，掌握扎实的科学文化基础和发电厂、电力系统运行与维护等知识，具备发电厂及变电站电气设备运行、维护、试验及检修等能力，具有工匠精神和信息素养，能够从事电力系统运行与维护、检修与调试，电力工程基层技术管理，电力供应与服务等工作的高素质技术技能人才。,https://gaokao.chsi.com.cn/zyk/zybk/detail/73386472
1odri64y8by3yju6,430102,水电站机电设备与自动化,高职（专科）,1060,能源动力与材料,106043,电力技术类,10604301,2025,本专业培养德智体美劳全面发展，掌握扎实的科学文化基础和电气控制技术，水电站机械部分和电气部分运行、维护、检修以及水电站自动控制技术等知识，具备水电厂自动化设备、电气设备和机械设备运维及故障处理等能力，具有工匠精神和数字化素养，能够从事水电站运行、维护、检修、安装及技术管理等工作的高素质技术技能人才。,https://gaokao.chsi.com.cn/zyk/zybk/detail/1odri64y8by3yju6
73386488,430103,水电站与电力网技术,高职（专科）,1060,能源动力与材料,106043,电力技术类,10604301,2025,本专业培养德智体美劳全面发展，掌握扎实的科学文化基础及水力发电原理、水电站机电设备组成、电力网运行及调度等基本知识，具备水电站机电设备安装调试、电力网运行维护、变电设备故障处理能力，具有工匠精神和信息素养，能够从事水电站机电设备及电力网的安装、调试、运行、检修、维护、技术改造和生产管理等工作的高素质技术技能人才。,https://gaokao.chsi.com.cn/zyk/zybk/detail/73386488
j2vuw4y54hmwovge,430104,分布式发电与智能微电网技术,高职（专科）,1060,能源动力与材料,106043,电力技术类,10604301,2025,本专业培养掌握本专业知识和技术技能，具备职业综合素质和行动能力，面向电力生产和供应行业的分布式发电、智能微电网运行及管理、分布式数字化电站运行维护等技术领域，能够从事分布式数字化电站与智能微电网系统规划设计、施工建设、安装调试、智能运行、检修维护、销售服务等工作的高技能人才。,https://gaokao.chsi.com.cn/zyk/zybk/detail/j2vuw4y54hmwovge
73386892,430105,电力系统自动化技术,高职（专科）,1060,能源动力与材料,106043,电力技术类,10604301,2025,本专业培养掌握本专业知识和技术技能，具备职业综合素质和行动能力，面向电力、热力生产和供应行业的电力工程技术人员、电力供应服务人员等职业，能够从事电力系统自动化系统运维，输变电设备在线监测，继电保护及自动装置的安装、调试、运行维护等工作的高技能人才。,https://gaokao.chsi.com.cn/zyk/zybk/detail/73386892
73386500,430106,电力系统继电保护技术,高职（专科）,1060,能源动力与材料,106043,电力技术类,10604301,2025,本专业培养掌握本专业知识和技术技能，具备职业综合素质和行动能力，面向电力生产和供应行业的继电保护等自动化装置整定、安装调试、运维检修等技术领域，能够从事继电保护等自动化装置整定、安装调试、运维、检修、二次回路设计与安装调试等工作的高技能人才。,https://gaokao.chsi.com.cn/zyk/zybk/detail/73386500
73386504,430107,输配电工程技术,高职（专科）,1060,能源动力与材料,106043,电力技术类,10604301,2025,本专业培养掌握本专业知识和技术技能，具备职业综合素质和行动能力，面向电力供应、电力工程施工等行业的输配电线路设计、配电工程设计、输配电工程施工、输配电线路运行与维护、配电网设备运维等技术领域，能够从事输配电工程设计、施工、运行和检修等工作的高技能人才。,https://gaokao.chsi.com.cn/zyk/zybk/detail/73386504
73386492,430108,供用电技术,高职（专科）,1060,能源动力与材料,106043,电力技术类,10604301,2025,本专业培养掌握本专业知识和技术技能，具备职业综合素质和行动能力，面向电力供应行业的配电网变配电技术、电力营销与服务等技术领域，能够从事变配电系统设计、安装、检修、调试、试验、运维及用户业扩报装、装表接电、用电信息采集运维、电费核算、用电检查、智能用电运营等工作的高技能人才。,https://gaokao.chsi.com.cn/zyk/zybk/detail/73386492
73386508,430109,农业电气化技术,高职（专科）,1060,能源动力与材料,106043,电力技术类,10604301,2025,本专业培养德智体美劳全面发展，掌握扎实的科学文化基础和电气、电子、控制工程等知识，具备农业电气系统设计，电气设备安装、调试、检修及维护等能力，具有工匠精神和信息素养，能够从事智能农业装备的电气控制部分及农业物联网的安装、施工、调试、维护、经营管理等工作的高素质技术技能人才。,https://gaokao.chsi.com.cn/zyk/zybk/detail/73386508
96e9izwsfs3lv6q6,430110,机场电工技术,高职（专科）,1060,能源动力与材料,106043,电力技术类,10604301,2025,本专业培养德智体美劳全面发展，掌握扎实的科学文化基础和电工、电气控制、供配电技术、自动控制系统等知识，具备电气控制系统安装、调试、维护、故障排除等能力，具有民航精神、工匠精神和信息素养，能够完成机场灯光站内设备的使用操作、运行状态的监控、值班守护以及故障判断处理、告警通知及恢复、外场灯具的日常检修与维护、电气设备控制系统的运行与维护以及电气控制设备的安装、维护、调试等工作的高素质技术技能人才。,https://gaokao.chsi.com.cn/zyk/zybk/detail/96e9izwsfs3lv6q6
73386516,430111,电力客户服务与管理,高职（专科）,1060,能源动力与材料,106043,电力技术类,10604301,2025,本专业培养德智体美劳全面发展，掌握扎实的科学文化基础和供电服务、配电营业等知识，具备业扩报装、抄表核算收费、装表接电、配电网和用电设备运维及检修等能力，具有工匠精神和信息素养，能够从事客户服务、电力营销、电能计量、配电运检业务及综合能源等新型业务服务等工作的高素质技术技能人才。,https://gaokao.chsi.com.cn/zyk/zybk/detail/73386516
sed52afwyozdfa6e,430112,电力储能应用技术,高职（专科）,1060,能源动力与材料,106043,电力技术类,10604301,,,https://gaokao.chsi.com.cn/zyk/zybk/detail/sed52afwyozdfa6e
73386480,430201,热能动力工程技术,高职（专科）,1060,能源动力与材料,106043,热能与发电工程类,10604302,2025,本专业培养掌握本专业知识和技术技能，具备职业综合素质和行动能力，面向电力、热力生产和供应行业的电力、热力生产和供应人员，机械设备修理人员等职业，能够从事发电厂锅炉、汽轮机、辅助热力设备运行、安装与检修等工作的高技能人才。,https://gaokao.chsi.com.cn/zyk/zybk/detail/73386480
73386428,430202,城市热能应用技术,高职（专科）,1060,能源动力与材料,106043,热能与发电工程类,10604302,2025,本专业培养德智体美劳全面发展，掌握扎实的科学文化基础和热工基础、流体力学、锅炉设备及运行、汽轮机（燃气轮机）设备及运行、热力系统等知识，具备工程识绘图、锅炉等热源设备运行维护、热力网调度、热力市场营销以及解决较复杂技术问题等能力，具有工匠精神和信息素质，能够从事热力网工程建设管理、电厂集控运行、热力网系统（设备）安装维护、热力市场拓展、热价计费谈判、供热合同拟定、客户接待服务、电力产业数字化改造以及科研成果转化等工作的高素质技术技能人才。,https://gaokao.chsi.com.cn/zyk/zybk/detail/73386428
c9o2iajcz3zd4hvl,430203,地热开发技术,高职（专科）,1060,能源动力与材料,106043,热能与发电工程类,10604302,2025,本专业培养掌握本专业知识和技术技能，具备职业综合素质和行动能力，面向电力、热力生产和供应行业的地热供热设备运行值班员、地热发电设备运行值班员等职业，能够从事地热供热及地热发电设备运行维护、安装检修、运行调试及其他地热利用技术服务等工作的高技能人才。,https://gaokao.chsi.com.cn/zyk/zybk/detail/c9o2iajcz3zd4hvl
1o5aemwf2xye35q6,430204,太阳能光热技术与应用,高职（专科）,1060,能源动力与材料,106043,热能与发电工程类,10604302,2025,本专业培养掌握本专业知识和技术技能，具备职业综合素质和行动能力，面向电力、热力生产和供应行业的电力工程技术人员、太阳能利用工以及其他电力、热力、气体、水生产和输配人员等职业，能够从事光热发电系统设计选型、施工管理、运行维护、安装调试，光热输变电系统运行维护，光热应用系统设计选型、装配制造、安装调试等工作的高技能人才。,https://gaokao.chsi.com.cn/zyk/zybk/detail/1o5aemwf2xye35q6
73386484,430205,发电运行技术,高职（专科）,1060,能源动力与材料,106043,热能与发电工程类,10604302,2025,本专业培养掌握本专业知识和技术技能，具备职业综合素质和行动能力，面向电力、热力生产和供应行业的发电运行巡检、值班员、值长等岗位（群），能够从事发电设备和系统巡检、启停操作、运行调节和事故处理等工作的高技能人才。,https://gaokao.chsi.com.cn/zyk/zybk/detail/73386484
7s4k7aidzejxmuso,430206,热工自动化技术,高职（专科）,1060,能源动力与材料,106043,热能与发电工程类,10604302,2025,本专业培养掌握本专业知识和技术技能，具备职业综合素质和行动能力，面向电力、热力生产和供应行业的热工自动化系统安装、调试、检修、运行维护等技术领域，能够从事热工仪表检修、热工自动装置检修、热工程控保护、热工仪表及控制装置安装、热工仪表及控制装置试验等工作的高技能人才。,https://gaokao.chsi.com.cn/zyk/zybk/detail/7s4k7aidzejxmuso
5md5gxi9upap1dhv,430207,核电站动力设备运行与维护,高职（专科）,1060,能源动力与材料,106043,热能与发电工程类,10604302,2025,本专业培养德智体美劳全面发展，掌握扎实的科学文化基础和核电理论基础、热力设备原理与结构、核电站热力系统运行与维护及相关法律法规等知识，具备 CAD 绘制核电系统图、动力设备启停操作、运用专业工器具进行设备安装检修等能力，具有工匠精神和信息素养，能够从事核电站工程建设、核电站运行维护、动力设备安装调试和检修等工作的高素质技术技能人才。,https://gaokao.chsi.com.cn/zyk/zybk/detail/5md5gxi9upap1dhv
73386512,430208,电厂化学与环保技术,高职（专科）,1060,能源动力与材料,106043,热能与发电工程类,10604302,2025,本专业培养德智体美劳全面发展，掌握扎实的科学文化基础和分析化学、热力设备、水处理和脱硫脱硝等知识，具备水煤油取样化验及监督、化学与环保设备的运行维护等能力，具有工匠精神和信息素养，能够从事水煤油质量分析与技术监督、环保物料分析、水生产水处理和脱硫脱硝设备运行与维护等工作的高素质技术技能人才。,https://gaokao.chsi.com.cn/zyk/zybk/detail/73386512
jb62tgv21lbjx5ko,430301,光伏工程技术,高职（专科）,1060,能源动力与材料,106043,新能源发电工程类,10604303,2025,本专业培养掌握本专业知识和技术技能，具备职业综合素质和行动能力，面向电力、热力生产和供应行业的光伏电站规划与设计、光伏电站安装与调试、光伏电站运行与维护、光伏电站工程施工与管理等岗位（群），能够从事光伏产品的生产、销售、技术服务以及光伏发电系统设计、安装、调试、维护工作的高技能人才。,https://gaokao.chsi.com.cn/zyk/zybk/detail/jb62tgv21lbjx5ko
h5mtns7l81fj5r56,430302,风力发电工程技术,高职（专科）,1060,能源动力与材料,106043,新能源发电工程类,10604303,2025,本专业培养掌握本专业知识和技术技能，具备职业综合素质和行动能力，面向电力生产和供应行业的电力生产和供应人员等职业，能够从事风力发电场运行、风力发电机组运维检修等工作的高技能人才。,https://gaokao.chsi.com.cn/zyk/zybk/detail/h5mtns7l81fj5r56
90w6otvtxrhv0dee,430303,生物质能应用技术,高职（专科）,1060,能源动力与材料,106043,新能源发电工程类,10604303,2025,本专业培养掌握本专业知识和技术技能，具备职业综合素质和行动能力，面向电力、热力生产和供应业的生物质发电工程技术，燃气生产和供应业的生物质燃气生产和供应技术，石油、煤炭及其他燃料加工业的生物质燃料加工、生物质液体燃料生产、生物质致密成型燃料加工、生物基材料制造等技术领域，能够从事发电厂集控运行，发电厂集控巡检，汽轮机安装与检修，锅炉安装与检修，管道、阀门安装与检修及相关的生物质加工生产及制造等相关工作的高技能人才。,https://gaokao.chsi.com.cn/zyk/zybk/detail/90w6otvtxrhv0dee
cvgadv6gbye23r6d,430304,氢能技术应用,高职（专科）,1060,能源动力与材料,106043,新能源发电工程类,10604303,2025,本专业培养德智体美劳全面发展，掌握扎实的科学文化基础和氢化工工艺基础、氢能设备电气系统、氢化工安全、氢能应用产品等知识，具备氢化工过程安全生产、生产设备运行维护、产品质量检测、生产过程应急处置等能力，具有工匠精神和信息素养，能够从事氢能制备与检测，氢能储存运输加注，燃料电池生产、检测与维护，氢能系统装备装配、运行与维护，氢能系统应用和产品营销等工作的高素质技术技能人才。,https://gaokao.chsi.com.cn/zyk/zybk/detail/cvgadv6gbye23r6d
cn8tz086h9sej1yz,430305,工业节能技术,高职（专科）,1060,能源动力与材料,106043,新能源发电工程类,10604303,2025,本专业培养掌握本专业知识和技术技能，具备职业综合素质和行动能力，面向技术推广服务行业的能源管理工程技术人员、综合能源服务员等职业，能够从事能源管理、咨询服务、节能检测、节能工程设计、节能工程管理、节能产品销售和售后技术支持等工作的高技能人才。,https://gaokao.chsi.com.cn/zyk/zybk/detail/cn8tz086h9sej1yz
73386456,430306,节电技术与管理,高职（专科）,1060,能源动力与材料,106043,新能源发电工程类,10604303,2025,本专业培养掌握本专业知识和技术技能，具备职业综合素质和行动能力，面向电力、热力生产和供应，电力工程施工等行业的节电工程技术、智慧用电管理、电力低碳咨询服务等技术领域，能够从事节电工程设计、安装、调试与运维，智能监测与节电管理，节电减碳咨询服务等工作的高技能人才。,https://gaokao.chsi.com.cn/zyk/zybk/detail/73386456
ar8r8ubvhmc34yc9,430307,新能源材料应用技术,高职（专科）,1060,能源动力与材料,106043,新能源发电工程类,10604303,2025,本专业培养掌握本专业知识和技术技能，具备职业综合素质和行动能力，面向电气机械和器材制造业，电力、热力生产和供应业的电池制造人员、输配电及控制设备制造人员、锅炉及原动设备制造人员、建筑安装施工人员等职业，能够从事晶硅组件生产及质量检测、薄膜电池生产及质量检测、储能电池生产及质量检测、风机叶片材料生产、储能系统装配与调试、新能源发电系统安装调试等工作的高技能人才。,https://gaokao.chsi.com.cn/zyk/zybk/detail/ar8r8ubvhmc34yc9
arxd6gni87mmp56t,430401,钢铁智能冶金技术,高职（专科）,1060,能源动力与材料,106043,黑色金属材料类,10604304,2025,本专业培养掌握本专业知识和技术技能，具备职业综合素质和行动能力，面向黑色金属冶炼和压延加工行业的冶炼工程技术人员、粉矿烧结工、球团焙烧工、高炉炼铁工、炼钢工、炼钢浇铸工等职业，能够从事智能钢铁生产、设备保养维护、工艺优化、生产组织、环境保护、产品质量分析等工作的高技能人才。,https://gaokao.chsi.com.cn/zyk/zybk/detail/arxd6gni87mmp56t
213765758,430402,智能轧钢技术,高职（专科）,1060,能源动力与材料,106043,黑色金属材料类,10604304,2025,本专业培养掌握本专业知识和技术技能，具备职业综合素质和行动能力，面向黑色金属冶炼和压延加工行业的原料处理、钢材轧制、钢材精整和钢材热处理生产操作及组织管理等岗位（群），能够从事原料处理、钢材轧制、钢材精整等生产工艺操作、生产管理和质量控制等工作的高技能人才。,https://gaokao.chsi.com.cn/zyk/zybk/detail/213765758
5a06a49j5ua7xlhz,430403,钢铁冶金设备维护,高职（专科）,1060,能源动力与材料,106043,黑色金属材料类,10604304,2025,本专业培养德智体美劳全面发展，掌握扎实的科学文化基础和钢铁冶金生产，冶金设备点检、维护与检修，冶金智能制造与设备智能化管理及相关法律法规等知识，具备应用专业知识分析和解决冶金生产过程中设备常见问题等能力，具有工匠精神和信息素养，能够从事钢铁冶金设备的操作、维护、保养、修理和管理等工作的高素质技术技能人才。,https://gaokao.chsi.com.cn/zyk/zybk/detail/5a06a49j5ua7xlhz
mwote2caxtnsjw9q,430404,金属材料检测技术,高职（专科）,1060,能源动力与材料,106043,黑色金属材料类,10604304,2025,本专业培养德智体美劳全面发展，掌握扎实的科学文化基础和金属材料的成分、组织和性能及相关标准和法律法规等知识，具备金属材料检测工艺编制、检测工艺实施和检测设备维护与管理等能力，具有工匠精神和信息素养，能够从事成分分析、力学性能检验、金相检验、理化检验、无损检测等工作的高素质技术技能人才。,https://gaokao.chsi.com.cn/zyk/zybk/detail/mwote2caxtnsjw9q
ahd5dsfr3z5g2y44,430501,有色金属智能冶金技术,高职（专科）,1060,能源动力与材料,106043,有色金属材料类,10604305,2025,本专业培养掌握本专业知识和技术技能，具备职业综合素质和行动能力，面向常用有色金属冶炼行业的生产、管理等岗位（群），能够从事有色金属冶炼生产、过程控制、设备与工装维护、产品检测检验、技术指导、生产管理等工作的高技能人才。,https://gaokao.chsi.com.cn/zyk/zybk/detail/ahd5dsfr3z5g2y44
320924814,430502,金属智能加工技术,高职（专科）,1060,能源动力与材料,106043,有色金属材料类,10604305,2025,本专业培养德智体美劳全面发展，掌握扎实的科学文化基础和金属塑性变形、钢材及有色金属压延加工、数字化智能化生产及相关法律法规等知识，具备生产操作、智能控制、设备点检维护、产品质量检验等能力，具有工匠精神和信息素养，能够从事钢板、钢筋等型材生产，有色金属棒线材拉拔挤压，金属材料锻造冲压等工作的高素质技术技能人才。,https://gaokao.chsi.com.cn/zyk/zybk/detail/320924814
213765754,430503,金属精密成型技术,高职（专科）,1060,能源动力与材料,106043,有色金属材料类,10604305,2025,本专业培养德智体美劳全面发展，掌握扎实的科学文化基础和三维建模、精密成型设备操作与维护、智能检测与分析及相关法律法规等知识，具备三维绘图软件熟练使用、精密成型设备操作、工件质量检验等能力，具有工匠精神和信息素养，能够从事 3D 打印设备操作、硬质冶金生产操作、生产工艺实施、产品质量检测、设备点检与维护、生产组织与技术管理等工作的高素质技术技能人才。,https://gaokao.chsi.com.cn/zyk/zybk/detail/213765754
faoy08y1wyom1yt1,430504,储能材料技术,高职（专科）,1060,能源动力与材料,106043,有色金属材料类,10604305,2025,本专业培养德智体美劳全面发展，掌握扎实的科学文化基础和储能材料与器件生产制备等知识，具备储能材料制备、储能电池制造、储能电池模组及系统制造、质量管理等能力，具有工匠精神和信息素养，能够从事储能材料与器件生产操作、工艺技术管理、质量检验检测、设备维护与保养等工作的高素质技术技能人才。,https://gaokao.chsi.com.cn/zyk/zybk/detail/faoy08y1wyom1yt1
x9m49chnzigdjl2e,430505,稀土材料技术,高职（专科）,1060,能源动力与材料,106043,有色金属材料类,10604305,2025,本专业培养掌握本专业知识和技术技能，具备职业综合素质和行动能力，面向稀土金属冶炼、有色金属合金制造等行业的稀土金属冶炼、稀土合金制造、稀土金属精深加工等岗位（群），能够从事稀土材料生产与检测、设备维护、工艺管理及改进工作的高技能人才。,https://gaokao.chsi.com.cn/zyk/zybk/detail/x9m49chnzigdjl2e
55h97w24zdaigytm,430506,材料循环应用技术,高职（专科）,1060,能源动力与材料,106043,有色金属材料类,10604305,,,https://gaokao.chsi.com.cn/zyk/zybk/detail/55h97w24zdaigytm
73386384,430601,材料工程技术,高职（专科）,1060,能源动力与材料,106043,非金属材料类,10604306,2025,本专业培养掌握本专业知识和技术技能，具备职业综合素质和行动能力，面向新材料行业的非金属矿物制品制造人员、橡胶和塑料制品制造人员等职业，能够从事新能源材料、电子信息材料、医用材料、新型建筑材料等新材料应用与优化、生产与管理、品质管控等工作的高技能人才。,https://gaokao.chsi.com.cn/zyk/zybk/detail/73386384
yqsb34me29lakjby,430602,高分子材料智能制造技术,高职（专科）,1060,能源动力与材料,106043,非金属材料类,10604306,2025,本专业培养掌握本专业知识和技术技能，具备职业综合素质和行动能力，面向橡胶和塑料制品行业的橡胶和塑料制品制造人员、橡胶及塑料工程技术人员等职业，能够从事高分子制品的生产与管理、品质管控、配方与工艺优化等工作的高技能人才。,https://gaokao.chsi.com.cn/zyk/zybk/detail/yqsb34me29lakjby
73386380,430603,复合材料智能制造技术,高职（专科）,1060,能源动力与材料,106043,非金属材料类,10604306,2025,本专业培养掌握本专业知识和技术技能，具备职业综合素质和行动能力，面向化学原料和化学制品制造业，非金属矿物制品业，铁路、船舶、航空航天和其他运输设备制造业的复合材料制品制造技术人员等岗位（群），能够从事复合材料生产、品质管控、生产管理、运维服务等工作的高技能人才。,https://gaokao.chsi.com.cn/zyk/zybk/detail/73386380
hsoh9hg73rhhmkk9,430604,航空复合材料成型与加工技术,高职（专科）,1060,能源动力与材料,106043,非金属材料类,10604306,2025,本专业培养掌握本专业知识和技术技能，具备职业综合素质和行动能力，面向航空航天器及设备制造行业的飞行器制造工程技术、民用航空器维修与适航工程技术等岗位（群），能够从事航空复合材料零件热压罐成型、液体成型，零部件装配、维修与检测等工作的高技能人才。,https://gaokao.chsi.com.cn/zyk/zybk/detail/hsoh9hg73rhhmkk9
73386392,430605,非金属矿物材料技术,高职（专科）,1060,能源动力与材料,106043,非金属材料类,10604306,2025,本专业培养德智体美劳全面发展，掌握扎实的科学文化基础和工程制图、非金属矿及制品生产工艺、质量管理及相关法律法规等知识，具备非金属矿及制品配方设计、数字化生产加工、理化性能检测等能力，具有工匠精神和信息素养，能够从事非金属矿及制品数字化生产加工、智能化设备操作、质量检验与控制、绿色低碳生产现场数字化管理等工作的高素质技术技能人才。,https://gaokao.chsi.com.cn/zyk/zybk/detail/73386392
dbvvxu5va2m1qofb,430606,光伏材料制备技术,高职（专科）,1060,能源动力与材料,106043,非金属材料类,10604306,2025,本专业培养德智体美劳全面发展，掌握扎实的科学文化基础和光伏材料与器件生产制备等知识，具备光伏材料生产工艺控制与优化、设备运行维护、产品检测与检验、质量控制与改善和生产组织管理等能力，具有工匠精神和信息素养，能够从事单晶硅制备、硅片加工、太阳能电池和光伏组件智能制造等工作的高素质技术技能人才,https://gaokao.chsi.com.cn/zyk/zybk/detail/dbvvxu5va2m1qofb
73386408,430607,硅材料制备技术,高职（专科）,1060,能源动力与材料,106043,非金属材料类,10604306,2025,本专业培养掌握本专业知识和技术技能，具备职业综合素质和行动能力，面向电子元件及电子专用材料制造行业的多晶硅、单晶硅、晶片、半导体芯片等技术领域，能够从事多晶硅、单晶硅、晶片、半导体芯片的生产管理、智能制造等工作的高技能人才。,https://gaokao.chsi.com.cn/zyk/zybk/detail/73386408
213780937,430608,炭材料工程技术,高职（专科）,1060,能源动力与材料,106043,非金属材料类,10604306,2025,本专业培养德智体美劳全面发展，掌握扎实的科学文化基础和炭材料生产等知识，具备制订、执行和调整生产计划，进行安全生产和现场管理，进行炭素设备智能控制以及产品质量检验与分析等能力，具有工匠精神和信息素养，能够从事炭材料生产工艺操作与智能控制、安全管理、低碳环保节能等工作的高素质技术技能人才。,https://gaokao.chsi.com.cn/zyk/zybk/detail/213780937
213780941,430609,橡胶智能制造技术,高职（专科）,1060,能源动力与材料,106043,非金属材料类,10604306,2025,本专业培养德智体美劳全面发展，掌握扎实的科学文化基础和橡胶智能制造基础、配方设计与优化、生产工艺智能控制与运行等知识，具备橡胶智能制造、原材料与产品性能测试及分析、设备运行与管理、数字管理和应用等能力，具有工匠精神和信息素养，能够应用数字化、智能化技术从事现代橡胶生产与管理、检验检测与管理、配方、产品工艺优化、产品销售和售后服务等工作的高素质技术技能人才。,https://gaokao.chsi.com.cn/zyk/zybk/detail/213780941
65k391sjihi457mg,430610,电子信息材料应用技术,高职（专科）,1060,能源动力与材料,106043,非金属材料类,10604306,,,https://gaokao.chsi.com.cn/zyk/zybk/detail/65k391sjihi457mg
73386396,430701,建筑材料工程技术,高职（专科）,1060,能源动力与材料,106043,建筑材料类,10604307,2025,本专业培养掌握本专业知识和技术技能，具备职业综合素质和行动能力，面向非金属矿物制品业、绿色节能建筑材料制造战略性新兴产业的建材工程技术人员等职业，能够从事绿色低碳生产组织、数字化生产巡检、智能化中控操作、质量检验控制、节能诊断、售后服务等工作的高技能人才。,https://gaokao.chsi.com.cn/zyk/zybk/detail/73386396
q41bclg1ohqu9g2z,430702,新型建筑材料技术,高职（专科）,1060,能源动力与材料,106043,建筑材料类,10604307,2025,本专业培养德智体美劳全面发展，掌握扎实的科学文化基础和新型建筑材料数字化生产工艺、智能制造设备、质量管理等知识，具备理化性能检测、生产操作控制、生产现场管理等能力，具有工匠精神和信息素养，能够从事新型建筑材料数字化设计、工艺操作与控制、质量检验与控制、绿色低碳生产现场数字化管理、产品绿色认证内审等工作的高素质技术技能人才。,https://gaokao.chsi.com.cn/zyk/zybk/detail/q41bclg1ohqu9g2z
rdqa3fjmqdfgad72,430703,建筑装饰材料技术,高职（专科）,1060,能源动力与材料,106043,建筑材料类,10604307,2025,本专业培养德智体美劳全面发展，掌握扎实的科学文化基础和建筑装饰材料数字化生产工艺、智能制造设备操作、质量检测等知识，具备理化性能检验、生产过程质量控制、生产现场管理等能力，具有工匠精神和信息素养，能够从事建筑装饰材料数字化生产工艺操作、质量检验与控制、绿色低碳生产现场数字化管理等工作的高素质技术技能人才。,https://gaokao.chsi.com.cn/zyk/zybk/detail/rdqa3fjmqdfgad72
320924697,430704,建筑材料检测技术,高职（专科）,1060,能源动力与材料,106043,建筑材料类,10604307,2025,本专业培养德智体美劳全面发展，掌握建筑材料化学分析、仪器分析、质量认证等知识，具备化学分析、物理性能检验、有害成分检验、能源计量和节能诊断等能力，具有工匠精神和信息素养，能够从事建筑材料质量检验与认证、装饰材料污染物检测及治理、固体废物有害成分检测及资源化利用、建材企业能源计量和节能诊断等工作的高素质技术技能人才。,https://gaokao.chsi.com.cn/zyk/zybk/detail/320924697
wbkz8flz1504rrd4,430705,装配式建筑构件智能制造技术,高职（专科）,1060,能源动力与材料,106043,建筑材料类,10604307,2025,本专业培养掌握本专业知识和技术技能，具备职业综合素质和行动能力，面向非金属矿物制品业、新型建筑材料制造战略性新兴产业的建材工程技术人员、建筑信息模型技术员等职业，能够从事装配式建筑构件拆分与深化设计、生产现场数字化管理，集成房屋与建筑部品部件智能制造、质量检验与控制等工作的高技能人才。,https://gaokao.chsi.com.cn/zyk/zybk/detail/wbkz8flz1504rrd4
73386528,440101,建筑设计,高职（专科）,1060,土木建筑,106044,建筑设计类,10604401,2025,本专业培养掌握本专业知识和技术技能，具备职业综合素质和行动能力，面向专业技术服务行业的建筑工程技术人员等职业，能够从事中小型民用建筑方案设计、建筑施工图设计、建筑表现及建筑方案文本制作、建筑设计业务管理等工作的高技能人才。,https://gaokao.chsi.com.cn/zyk/zybk/detail/73386528
73386532,440102,建筑装饰工程技术,高职（专科）,1060,土木建筑,106044,建筑设计类,10604401,2025,本专业培养掌握本专业知识和技术技能，具备职业综合素质和行动能力，面向建筑装饰和装修行业的建筑工程技术人员、专业化设计服务人员、建筑装饰人员等职业，能够从事建筑装饰装修工程的装饰设计、施工技术指导、计量与计价、施工过程管理等工作的高技能人才。,https://gaokao.chsi.com.cn/zyk/zybk/detail/73386532
73386536,440103,古建筑工程技术,高职（专科）,1060,土木建筑,106044,建筑设计类,10604401,2025,本专业培养德智体美劳全面发展，掌握扎实的科学文化基础和建筑历史、文物建筑保护基础、古建筑木作、古建筑瓦石作、古建筑油漆彩画作等知识，具备古建筑修缮、施工图绘制、现场施工管理等能力，具有工匠精神和信息素养，能够从事古建筑修缮方案设计、古建筑施工图绘制和古建筑施工与管理等工作的高素质技术技能人才。,https://gaokao.chsi.com.cn/zyk/zybk/detail/73386536
73386548,440104,园林工程技术,高职（专科）,1060,土木建筑,106044,建筑设计类,10604401,2025,本专业培养掌握本专业知识和技术技能，具备职业综合素质和行动能力，面向其他土木工程建筑行业的风景园林工程技术人员、园林绿化工程技术人员等职业，能够从事中小型园林工程施工与管理、园林工程施工图设计与制图、园林绿地养护等工作的高技能人才。,https://gaokao.chsi.com.cn/zyk/zybk/detail/73386548
saonpayoacvgwe6k,440105,风景园林设计,高职（专科）,1060,土木建筑,106044,建筑设计类,10604401,2025,本专业培养掌握本专业知识和技术技能，具备职业综合素质和行动能力，面向其他土木工程建筑行业的环境设计人员、风景园林工程技术人员等职业，能够从事中小型规模的园林方案设计、园林施工图设计、园林植物造景设计等工作的高技能人才。,https://gaokao.chsi.com.cn/zyk/zybk/detail/saonpayoacvgwe6k
crj73b3yctrncrlw,440106,建筑室内设计,高职（专科）,1060,土木建筑,106044,建筑设计类,10604401,2025,本专业培养掌握本专业知识和技术技能，具备职业综合素质和行动能力，面向建筑装饰和装修行业的室内装饰设计师等职业，能够从事住宅和中小型公共建筑的室内方案设计、室内施工图深化设计、室内装饰工程施工指导与质量监理、软装设计与搭配、室内照明设计等工作的高技能人才。,https://gaokao.chsi.com.cn/zyk/zybk/detail/crj73b3yctrncrlw
wrv61oyaqq9koi8o,440107,建筑动画技术,高职（专科）,1060,土木建筑,106044,建筑设计类,10604401,2025,本专业培养掌握本专业知识和技术技能，具备职业综合素质和行动能力，面向工业与专业设计及其他专业技术服务行业的建筑信息模型技术、建筑数字化表现、建筑动画渲染和建筑动画后期处理等岗位（群），能够从事建筑信息模型技术、建筑数字化表现、建筑动画渲染等工作的高技能人才。,https://gaokao.chsi.com.cn/zyk/zybk/detail/wrv61oyaqq9koi8o
qwuuoqhfpwlnpbl3,440108,装配化装修技术,高职（专科）,1060,土木建筑,106044,建筑设计类,10604401,,,https://gaokao.chsi.com.cn/zyk/zybk/detail/qwuuoqhfpwlnpbl3
73386556,440201,城乡规划,高职（专科）,1060,土木建筑,106044,城乡规划与管理类,10604402,2025,本专业培养掌握本专业知识和技术技能，具备职业综合素质和行动能力，面向专业技术服务行业的城乡规划工程技术人员等职业，能够从事规划成果编制、乡镇国土空间规划、控制性详细规划、修建性详细规划、村庄规划、专项规划、规划咨询、规划审核审批与监督等工作的高技能人才。,https://gaokao.chsi.com.cn/zyk/zybk/detail/73386556
3yq1p71sx958e0c0,440202,智慧城市管理技术,高职（专科）,1060,土木建筑,106044,城乡规划与管理类,10604402,2025,本专业培养掌握本专业知识和技术技能，具备职业综合素质和行动能力，面向土木工程建筑行业、专业技术服务行业、公共设施管理行业的建筑工程技术人员、测绘和地理信息工程技术人员、软件和信息技术服务人员、公共设施管理服务人员、社区和村镇工作人员等职业，能够从事城市信息模型建模与应用、摄影测量与遥感、地理信息系统应用、市政基础设施管理、城市社区管理、智慧城市运营与治理等工作的高技能人才。,https://gaokao.chsi.com.cn/zyk/zybk/detail/3yq1p71sx958e0c0
73386564,440203,村镇建设与管理,高职（专科）,1060,土木建筑,106044,城乡规划与管理类,10604402,2025,本专业培养德智体美劳全面发展，掌握扎实的科学文化基础和村镇规划、测绘地理信息、土木建筑工程施工技术、建设管理等知识，具备村镇规划管理、土木建筑工程施工、村镇建设管理、国土资源管理等能力，具有工匠精神和信息素养，能够从事村镇建设规划管理、房屋施工与产权产籍管理、村容镇貌管理、市政基础设施施工与维护等工作的高素质技术技能人才。,https://gaokao.chsi.com.cn/zyk/zybk/detail/73386564
73386572,440301,建筑工程技术,高职（专科）,1060,土木建筑,106044,土建施工类,10604403,2025,本专业培养掌握本专业知识和技术技能，具备职业综合素质和行动能力，面向房屋建筑行业的建筑工程技术人员、管理工程技术人员等职业，能够从事建筑施工技术与建筑施工管理等工作的高技能人才。,https://gaokao.chsi.com.cn/zyk/zybk/detail/73386572
r4hjrbiicy8jlhzy,440302,装配式建筑工程技术,高职（专科）,1060,土木建筑,106044,土建施工类,10604403,2025,本专业培养掌握本专业知识和技术技能，具备职业综合素质和行动能力，面向房屋建筑行业的建筑工程技术人员职业，能够从事装配式建筑构件深化设计、装配式建筑构件生产与管理、装配式建筑施工与管理等工作的高技能人才。,https://gaokao.chsi.com.cn/zyk/zybk/detail/r4hjrbiicy8jlhzy
164260417,440303,建筑钢结构工程技术,高职（专科）,1060,土木建筑,106044,土建施工类,10604403,2025,本专业培养掌握本专业知识和技术技能，具备职业综合素质和行动能力，面向房屋建筑行业、金属制品行业的建筑工程技术人员职业，能够从事钢结构详图设计、钢结构加工制作、钢结构施工及管理等工作的高技能人才。,https://gaokao.chsi.com.cn/zyk/zybk/detail/164260417
b3c4xfps8juwi2d1,440304,智能建造技术,高职（专科）,1060,土木建筑,106044,土建施工类,10604403,2025,本专业培养掌握本专业知识和技术技能，具备职业综合素质和行动能力，面向房屋建筑行业的建筑工程技术人员职业，能够从事建筑智能化施工技术与管理等工作的高技能人才。,https://gaokao.chsi.com.cn/zyk/zybk/detail/b3c4xfps8juwi2d1
wr7vgtbdz8zmevg9,440305,地下与隧道工程技术,高职（专科）,1060,土木建筑,106044,土建施工类,10604403,2025,本专业培养掌握本专业知识和技术技能，具备职业综合素质和行动能力，面向土木工程建筑行业的建筑工程技术人员等职业，能够从事地下工程与隧道工程勘察、施工与管理等工作的高技能人才。,https://gaokao.chsi.com.cn/zyk/zybk/detail/wr7vgtbdz8zmevg9
73386584,440306,土木工程检测技术,高职（专科）,1060,土木建筑,106044,土建施工类,10604403,2025,本专业培养掌握本专业知识和技术技能，具备职业综合素质和行动能力，面向房屋建筑行业、土木工程建筑行业的建筑工程技术人员等职业，能够从事工程材料检测、建筑工程检测、道路与桥梁工程实体检测、市政工程检测等工作的高技能人才。,https://gaokao.chsi.com.cn/zyk/zybk/detail/73386584
xav1emwtg7q54tud,440307,建筑加固与修复技术,高职（专科）,1060,土木建筑,106044,土建施工类,10604403,,,https://gaokao.chsi.com.cn/zyk/zybk/detail/xav1emwtg7q54tud
73386596,440401,建筑设备工程技术,高职（专科）,1060,土木建筑,106044,建筑设备类,10604404,2025,本专业培养德智体美劳全面发展，掌握扎实的科学文化基础和建筑给排水、供热、通风空调、建筑电气工程等知识，具备中小型建筑安装工程设计、施工、运维与管理等能力，具有工匠精神和信息素养，能够从事中小型建筑设备工程施工图设计与建模、施工与造价、运维与管理等工作的高素质技术技能人才。,https://gaokao.chsi.com.cn/zyk/zybk/detail/73386596
73386604,440402,建筑电气工程技术,高职（专科）,1060,土木建筑,106044,建筑设备类,10604404,2025,本专业培养德智体美劳全面发展，掌握扎实的科学文化基础和建筑电气、建筑智能技术、建筑施工管理等知识，具有工程设计、施工、系统运维管理等能力，具有工匠精神和信息素养，能够从事中小型建筑电气工程施工、管理、运行与调试等工作的高素质技术技能人才。,https://gaokao.chsi.com.cn/zyk/zybk/detail/73386604
73386600,440403,供热通风与空调工程技术,高职（专科）,1060,土木建筑,106044,建筑设备类,10604404,2025,本专业培养德智体美劳全面发展，掌握扎实的科学文化基础和流体力学、热工学、建筑 CAD、BIM 建模等知识，具备中小型暖通空调工程设计、施工管理、系统运维管理等能力，具有工匠精神和信息素养，能够从事中小型暖通空调工程设计、施工与造价，暖通空调系统智能化运维等工作的高素质技术技能人才。,https://gaokao.chsi.com.cn/zyk/zybk/detail/73386600
73386608,440404,建筑智能化工程技术,高职（专科）,1060,土木建筑,106044,建筑设备类,10604404,2025,本专业培养掌握本专业知识和技术技能，具备职业综合素质和行动能力，面向建筑安装行业的土木建筑工程技术人员等职业，能够从事建筑智能化系统安装、调试、维护、管理、造价等工作的高技能人才。,https://gaokao.chsi.com.cn/zyk/zybk/detail/73386608
73386612,440405,工业设备安装工程技术,高职（专科）,1060,土木建筑,106044,建筑设备类,10604404,2025,本专业培养德智体美劳全面发展，掌握扎实的科学文化基础和工业设备安装工程技术专业图纸识读与设计、机具与材料选用、工程施工组织与管理、工程资料编制等知识，具备解决中小型工业设备安装工程施工技术问题，以及施工进度管理、质量管理、安全管理、技术资料管理和成本控制等能力，具有工匠精神和信息素养，能够从事机械设备安装、压力容器安装、工业管道安装、静置设备安装、工艺金属结构施工、装配式建筑构件吊装等施工技术与施工活动管理等工作的高素质技术技能人才。,https://gaokao.chsi.com.cn/zyk/zybk/detail/73386612
73386668,440406,建筑消防技术,高职（专科）,1060,土木建筑,106044,建筑设备类,10604404,2025,本专业培养掌握本专业知识和技术技能，具备职业综合素质和行动能力，面向建筑安装行业的消防工程技术人员、消防设施操作员等职业，能够从事建筑消防工程设计、建筑消防工程施工与管理、建筑消防工程造价、消防系统调试与运行、消防设施检测、维修与保养等工作的高技能人才。,https://gaokao.chsi.com.cn/zyk/zybk/detail/73386668
73386624,440501,工程造价,高职（专科）,1060,土木建筑,106044,建设工程管理类,10604405,2025,本专业培养掌握本专业知识和技术技能，具备职业综合素质和行动能力，面向工程技术与设计服务行业的工程造价工程技术人员等职业，能够从事中小型建设项目工程量清单编制、工程计量、工程计价、项目招投标、合同价款结算等工作的高技能人才。,https://gaokao.chsi.com.cn/zyk/zybk/detail/73386624
g7gp0uxrbqnrktox,440502,建设工程管理,高职（专科）,1060,土木建筑,106044,建设工程管理类,10604405,2025,本专业培养掌握本专业知识和技术技能，具备职业综合素质和行动能力，面向工程技术与设计服务行业的项目管理工程技术人员等职业，能够从事中小型建设工程项目施工质量、安全、环境、成本、进度、资料、招投标与合同管理等工作的高技能人才。,https://gaokao.chsi.com.cn/zyk/zybk/detail/g7gp0uxrbqnrktox
73386628,440503,建筑经济信息化管理,高职（专科）,1060,土木建筑,106044,建设工程管理类,10604405,2025,本专业培养掌握本专业知识和技术技能，具备职业综合素质和行动能力，面向工程技术与设计服务行业的信息管理工程技术人员等职业，能够从事中小型建筑工程成本核算与分析、建筑企业物资采购与现场管理、建筑企业劳务资格审查培训与合同管理等工作的高技能人才。,https://gaokao.chsi.com.cn/zyk/zybk/detail/73386628
wtlui83wgeitbrhk,440504,建设工程监理,高职（专科）,1060,土木建筑,106044,建设工程管理类,10604405,2025,本专业培养掌握本专业知识和技术技能，具备职业综合素质和行动能力，面向工程技术与设计服务行业的监理工程技术人员等职业，能够从事中小型建设工程监理、全过程工程咨询的高技能人才。,https://gaokao.chsi.com.cn/zyk/zybk/detail/wtlui83wgeitbrhk
4ilvclc1jeqzcgt6,440505,智慧建筑运维管理,高职（专科）,1060,土木建筑,106044,建设工程管理类,10604405,,,https://gaokao.chsi.com.cn/zyk/zybk/detail/4ilvclc1jeqzcgt6
73386656,440601,市政工程技术,高职（专科）,1060,土木建筑,106044,市政工程类,10604406,2025,本专业培养掌握本专业知识和技术技能，具备职业综合素质和行动能力，面向土木工程建筑行业的建筑工程技术人员等职业，能够从事中小型市政道路、桥梁、管道、综合管廊等现场施工、试验检测、组织管理以及市政设施维修、养护与管理等工作的高技能人才。,https://gaokao.chsi.com.cn/zyk/zybk/detail/73386656
73386664,440602,给排水工程技术,高职（专科）,1060,土木建筑,106044,市政工程类,10604406,2025,本专业培养德智体美劳全面发展，掌握扎实的科学文化基础和给排水工程设计、施工、计量与计价、水处理设施运行维护等知识，具备中小型施工图设计、工程项目施工组织管理、造价管理、水处理设施运行维护等能力，具有工匠精神和信息素养，能够从事给水排水工程施工图设计、施工与管理、施工组织设计编制、计量与计价文件编制、水处理设施运行与管理等工作的高素质技术技能人才。,https://gaokao.chsi.com.cn/zyk/zybk/detail/73386664
73386660,440603,城市燃气工程技术,高职（专科）,1060,土木建筑,106044,市政工程类,10604406,2025,本专业培养德智体美劳全面发展，掌握扎实的科学文化基础和燃气工程专业图纸识读与设计、燃气供应系统运行维护、燃气场站安全管理、工程资料编制等知识，具备燃气工程设计、管网场站设备调试维护、为用户提供规范服务等能力，具有工匠精神和信息素养，能够从事燃气储运与输送、燃气用户服务与安全管理、燃气用具安装检修与维护、燃气管道工程施工等工作的高素质技术技能人才。,https://gaokao.chsi.com.cn/zyk/zybk/detail/73386660
5f6qhwi0y9mx8zr8,440604,市政管网智能检测与维护,高职（专科）,1060,土木建筑,106044,市政工程类,10604406,2025,本专业培养掌握本专业知识和技术技能，具备职业综合素质和行动能力，面向电力、热力生产和供应业，燃气生产和供应业，水的生产和供应业，土木工程建筑业等行业的建筑工程技术人员等职业，能够从事市政管网检测、市政管网维护等工作的高技能人才。,https://gaokao.chsi.com.cn/zyk/zybk/detail/5f6qhwi0y9mx8zr8
ytr75yn1gomdchqn,440605,城市环境工程技术,高职（专科）,1060,土木建筑,106044,市政工程类,10604406,2025,本专业培养德智体美劳全面发展，掌握扎实的科学文化基础和环境卫生工程设施与设备构造、工艺原理、数字技术等知识，具备环境卫生工程规划、设计、绿色施工、运维等能力，具有工匠精神和信息素养，能够从事城市环境卫生设施系统规划、设计、建设、运行、维护和环境卫生智慧管理等工作的高素质技术技能人才。,https://gaokao.chsi.com.cn/zyk/zybk/detail/ytr75yn1gomdchqn
td0zbh8shejglgvv,440701,房地产经营与管理,高职（专科）,1060,土木建筑,106044,房地产类,10604407,2025,本专业培养掌握本专业知识和技术技能，具备职业综合素质和行动能力，面向房地产行业的资产和资源评估专业人员、商务专业人员、房地产中介服务人员、其他房地产服务人员等职业，能够从事房地产项目可行性研究、房地产项目策划、房地产项目报建、房地产营销、房地产项目运营管理、物业管理和房地产估价等工作的高技能人才。,https://gaokao.chsi.com.cn/zyk/zybk/detail/td0zbh8shejglgvv
ex70skc4v6ynp4id,440702,房地产智能检测与估价,高职（专科）,1060,土木建筑,106044,房地产类,10604407,2025,本专业培养掌握本专业知识和技术技能，具备职业综合素质和行动能力，面向房地产业、专业技术服务业等行业的资产和资源评估专业人员、房屋安全鉴定工程技术人员、验房师等职业，能够从事房屋检测、房屋监测、不动产测绘、房地产估价和土地估价等工作的高技能人才。,https://gaokao.chsi.com.cn/zyk/zybk/detail/ex70skc4v6ynp4id
73386680,440703,现代物业管理,高职（专科）,1060,土木建筑,106044,房地产类,10604407,2025,本专业培养掌握本专业知识和技术技能，具备职业综合素质和行动能力，面向物业管理行业的物业管理员、物业经营管理专业人员、客户服务管理员、智能楼宇管理员、管理咨询专业人员等职业，能够从事现代建筑智慧管理、不动产服务咨询、物业空间营造与维护、客户服务与管理、物业资产经营等工作的高技能人才。,https://gaokao.chsi.com.cn/zyk/zybk/detail/73386680
73386688,450101,水文与水资源技术,高职（专科）,1060,水利,106045,水文水资源类,10604501,2025,本专业培养掌握本专业知识和技术技能，具备职业综合素质和行动能力，面向水文服务、水资源管理、生态保护和环境治理行业的水利工程技术人员等职业，能够从事水文服务、水资源评价、水环境监测与保护、防洪与减灾等工作的高技能人才。,https://gaokao.chsi.com.cn/zyk/zybk/detail/73386688
73386696,450102,水政水资源管理,高职（专科）,1060,水利,106045,水文水资源类,10604501,2025,本专业培养德智体美劳全面发展，掌握扎实的科学文化基础和中小流域水资源规划设计、水政监察与水资源管理、水环境监测、水土流失防治等知识，具备解决水文信息采集与处理、水资源开发利用、水资源保护等工程问题等能力，具有工匠精神和信息素养，能够从事水文勘测、水环境监测、水资源规划设计、水资源调查评价、水政执法、水资源工程运维等工作的高素质技术技能人才。,https://gaokao.chsi.com.cn/zyk/zybk/detail/73386696
73386700,450201,水利工程,高职（专科）,1060,水利,106045,水利工程与管理类,10604502,2025,本专业培养德智体美劳全面发展，掌握扎实的科学文化基础和农田灌排、节水灌溉、河道生态治理、乡镇供排水等知识，具备小型水利工程规划设计，中小型水利工程施工、管理等能力，具有工匠精神和信息素养，能够从事农田灌排、节水灌溉、河道生态治理、乡镇供排水等水利工程规划设计、施工、运行管理等工作的高素质技术技能人才。,https://gaokao.chsi.com.cn/zyk/zybk/detail/73386700
4np7hrjdxxjpclo2,450202,智慧水利技术,高职（专科）,1060,水利,106045,水利工程与管理类,10604502,2025,本专业培养掌握本专业知识和技术技能，具备职业综合素质和行动能力，面向水利行业的水利水电建筑工程技术人员、水利工程管理工程技术人员等职业，能够从事智能施工与管控、智能结构监测、智能运行管理工作的高技能人才。,https://gaokao.chsi.com.cn/zyk/zybk/detail/4np7hrjdxxjpclo2
obo2ykl6veby2s2e,450203,水利水电工程技术,高职（专科）,1060,水利,106045,水利工程与管理类,10604502,2025,本专业培养德智体美劳全面发展，掌握扎实的科学文化基础和水工建筑物结构构造、水工建筑材料、水利工程建造工艺及流程等知识，具备施工技术方案编制、现场施工组织与管理、施工质量检查与评定等能力，具有工匠精神和信息素养，能够从事水利工程施工技术、水利工程施工管理、水利工程检测等工作的高素质技术技能人才。,https://gaokao.chsi.com.cn/zyk/zybk/detail/obo2ykl6veby2s2e
73386724,450204,水利水电工程智能管理,高职（专科）,1060,水利,106045,水利工程与管理类,10604502,2025,本专业培养掌握本专业知识和技术技能，具备职业综合素质和行动能力，面向水利管理、工程技术与设计服务行业的水利工程技术人员等职业，能够从事水利水电工程智能运行管理、造价管理、建设监理、施工现场管理等工作的高技能人才。,https://gaokao.chsi.com.cn/zyk/zybk/detail/73386724
73386708,450205,水利水电建筑工程,高职（专科）,1060,水利,106045,水利工程与管理类,10604502,2025,本专业培养德智体美劳全面发展，掌握扎实的科学文化基础和水工建筑物结构构造、水利工程建造工艺及流程、水利工程管养及维修等知识，具备水利水电工程设计、建造、运维等能力，具有工匠精神和信息素养，能够从事中小型水利水电工程初步设计、施工技术指导、施工现场组织管理、监理、造价文件编制和运行维护等工作的高素质技术技能人才。,https://gaokao.chsi.com.cn/zyk/zybk/detail/73386708
73386712,450206,机电排灌工程技术,高职（专科）,1060,水利,106045,水利工程与管理类,10604502,2025,本专业培养德智体美劳全面发展，掌握扎实的科学文化基础和电工电子、水利工程施工技术、电气自动化、水利信息化等知识，具备水利工程施工组织与管理、水泵与机电设备安装、泵站工程智能运行维护等能力，具有工匠精神和信息素养，能够从事泵站工程施工、设备安装和泵站工程运行管理等工作的高素质技术技能人才。,https://gaokao.chsi.com.cn/zyk/zybk/detail/73386712
73386716,450207,治河与航道工程技术,高职（专科）,1060,水利,106045,水利工程与管理类,10604502,2025,本专业培养德智体美劳全面发展，掌握扎实的科学文化基础和中小河流治理设计、治河与航道工程建设管理等知识，具备中小河流治理设计、治河与航道工程施工技术及智能管理等能力，具有工匠精神和信息素养，能够从事中小河流治理设计、治河工程施工管理、河道防洪抢险、航道疏浚等工作的高素质技术技能人才。,https://gaokao.chsi.com.cn/zyk/zybk/detail/73386716
73386728,450208,智能水务管理,高职（专科）,1060,水利,106045,水利工程与管理类,10604502,2025,本专业培养掌握本专业知识和技术技能，具备职业综合素质和行动能力，面向水利管理业、环境治理业、公共设施管理业等行业的水利工程技术人员等职业，能够从事城乡水务智能管理、河道整治与管理、水利工程智能运行与管理等工作的高技能人才。,https://gaokao.chsi.com.cn/zyk/zybk/detail/73386728
73386736,450301,水电站设备安装与管理,高职（专科）,1060,水利,106045,水利水电设备类,10604503,2025,本专业培养德智体美劳全面发展，掌握扎实的科学文化基础和水力发电原理，水电站设备安装、检修、调试、运行维护与管理等知识，具备水电站设备运行操作、保养维护、安装检修、检测调试、技术改造与安全生产管理等能力，具有工匠精神和信息素养，能够从事水电站设备安装与检修、检测与调试及技术改造，水电工程运行维护与管理等工作的高素质技术技能人才。,https://gaokao.chsi.com.cn/zyk/zybk/detail/73386736
2xli2c1s1e4bl6wq,450302,水电站运行与智能管理,高职（专科）,1060,水利,106045,水利水电设备类,10604503,2025,本专业培养德智体美劳全面发展，掌握扎实的科学文化基础和水力机械设备、水轮发电机组的运行维护、电子电工、电气控制等知识，具备水电站设备安全运行和智能管理等能力，具有工匠精神和信息素养，能够从事水电站设备运行维护、水电站经济运行及智能管理等工作的高素质技术技能人才。,https://gaokao.chsi.com.cn/zyk/zybk/detail/2xli2c1s1e4bl6wq
164260485,450303,水利机电设备智能管理,高职（专科）,1060,水利,106045,水利水电设备类,10604503,2025,本专业培养德智体美劳全面发展，掌握扎实的科学文化基础和水利机电设备基本结构与工作原理、智能控制、设备管理与维护等知识，具备水利机电设备操作与运维、装调与改造、故障分析与处理、智能系统应用、设备全生命周期管理等能力，具有工匠精神和信息素养，能够从事水利机电设备安装与调试、运行与维护、智能控制与设备安全管理等工作的高素质技术技能人才。,https://gaokao.chsi.com.cn/zyk/zybk/detail/164260485
keoipgv6ennvj3a6,450401,水土保持技术,高职（专科）,1060,水利,106045,水土保持与水环境类,10604504,2025,本专业培养掌握本专业知识和技术技能，具备职业综合素质和行动能力，面向生态保护行业的水土保持人员等职业，能够从事水土流失监测、水土流失治理、生态修复与保护、水土保持方案编制等工作 的高技能人才。,https://gaokao.chsi.com.cn/zyk/zybk/detail/keoipgv6ennvj3a6
73386748,450402,水环境智能监测与治理,高职（专科）,1060,水利,106045,水土保持与水环境类,10604504,2025,本专业培养德智体美劳全面发展，掌握扎实的科学文化基础和水环境保护监测、水生态系统保护管理、水环境治理等知识，具备区域水环境智能监测，水质监测与评价，中小型水处理工程工艺设计、施工管理与监理，小型水生态修复工程施工与管理，智能水处理设施运行与维护等能力，具有工匠精神和信息素养，能够从事水环境智能监测设备运行维护，区域水环境监测，水质分析与检验，小型水处理工程初步设计、施工管理与监理，小型水生态修复工程施工与管理，智能水处理设施运行与维护等工作的高素质技术技能人才。,https://gaokao.chsi.com.cn/zyk/zybk/detail/73386748
hm5saagg5mc0kaxj,450403,水生态修复技术,高职（专科）,1060,水利,106045,水土保持与水环境类,10604504,2025,本专业培养掌握本专业知识和技术技能，具备职业综合素质和行动能力，面向水利管理、生态保护和环境治理行业的水生态环境监测与评价、水生态修复工程施工、水生态修复工程监理、水生态修复工程管理与维护等岗位（群），能够从事水生态环境监测与评价、水生态修复工程施工、水生态修复工程监理、水生态修复工程管理与维护等方面工作的高技能人才。,https://gaokao.chsi.com.cn/zyk/zybk/detail/hm5saagg5mc0kaxj
73386756,460101,机械设计与制造,高职（专科）,1060,装备制造,106046,机械设计制造类,10604601,2025,本专业培养掌握本专业知识和技术技能，具备职业综合素质和行动能力，面向通用设备制造业及专用设备制造业的机械设计工程技术人员、机械制造工程技术人员、质量管理工程技术人员等职业，能够从事产品结构设计、工艺编制、数控编程、设备操作、产品检验和质量管理等工作的高技能人才。,https://gaokao.chsi.com.cn/zyk/zybk/detail/73386756
4h1138i24d7wn44g,460102,数字化设计与制造技术,高职（专科）,1060,装备制造,106046,机械设计制造类,10604601,2025,本专业培养掌握本专业知识和技术技能，具备职业综合素质和行动能力，面向通用设备制造业、专用设备制造业、汽车制造业的机械工程技术人员、机械冷加工人员等职业，能够从事机械产品数字化设计、机械产品数字化制造、生产线运行与产品质量控制等工作的高技能人才。,https://gaokao.chsi.com.cn/zyk/zybk/detail/4h1138i24d7wn44g
73386764,460103,数控技术,高职（专科）,1060,装备制造,106046,机械设计制造类,10604601,2025,本专业培养掌握本专业知识和技术技能，具备职业综合素质和行动能力，面向通用设备制造业和专用设备制造业的机械制造工程技术人员、质量管理工程技术人员、机械设计工程技术人员等职业，能够从事数控加工工艺制订与实施、数控机床操作、数控设备维护与保养、智能制造加工单元运维、产品质量检验与控制等工作的高技能人才。,https://gaokao.chsi.com.cn/zyk/zybk/detail/73386764
f0020ewdymqx9paz,460104,机械制造及自动化,高职（专科）,1060,装备制造,106046,机械设计制造类,10604601,2025,本专业培养掌握本专业知识和技术技能，具备职业综合素质和行动能力，面向通用设备制造业和专用设备制造业的设备操作、工艺技术、工装设计、机电设备安装调试及维修和生产现场管理等技术领域，能够从事机械加工工艺编制与实施、工装设计与验证、数控设备操作与编程、智能生产设备维护与维修、产品质量检测与控制、生产现场管理等工作的高技能人才。,https://gaokao.chsi.com.cn/zyk/zybk/detail/f0020ewdymqx9paz
73386788,460105,工业设计,高职（专科）,1060,装备制造,106046,机械设计制造类,10604601,2025,本专业培养掌握本专业知识和技术技能，具备职业综合素质和行动能力，面向工业与专业设计及其他专业技术服务行业和通用制造设备业的产品外观造型设计、产品结构设计、产品用户界面设计等岗位（群），能够从事市场调研、产品外观设计及结构设计、界面设计、产品模型制作、产品宣传推广等工作的高技能人才。,https://gaokao.chsi.com.cn/zyk/zybk/detail/73386788
z00wf82gck9xula7,460106,工业工程技术,高职（专科）,1060,装备制造,106046,机械设计制造类,10604601,2025,本专业培养德智体美劳全面发展，掌握扎实的科学文化基础和工程技术与生产组织等知识，具备对人员、物料、设备和能源等所组成的集成系统进行改善和评价等能力，具有工匠精神和信息素养，能够从事车间生产工艺与设备布局规划、智能排产与生产组织管理、智能制造生产设备与信息系统管理、工业物流技术应用与管理、产品质量与生产效能管控、智能生产数字运行系统调控等工作的高素质技术技能人才。,https://gaokao.chsi.com.cn/zyk/zybk/detail/z00wf82gck9xula7
4h2ebiezfsd40esn,460107,材料成型及控制技术,高职（专科）,1060,装备制造,106046,机械设计制造类,10604601,2025,本专业培养掌握本专业知识和技术技能，具备职业综合素质和行动能力，面向金属制品业、通用设备制造业、专用设备制造业、汽车制造业的材料成型与改性工程技术人员、机械热加工人员等职业，能够从事铸造、锻压、热处理相关设备操作、成型工艺编制、生产管理与质量控制等工作的高技能人才。,https://gaokao.chsi.com.cn/zyk/zybk/detail/4h2ebiezfsd40esn
279vku6p6z4c34gf,460108,现代铸造技术,高职（专科）,1060,装备制造,106046,机械设计制造类,10604601,2025,本专业培养德智体美劳全面发展，掌握扎实的科学文化基础和铸造生产工艺、铸造合金及熔炼工艺、铸造设备及智能化、现代企业质量管理等知识，具备铸造工艺仿真设计、铸件精密成型或快速原型生产、设备操作与维护、铸造生产组织及实施、企业生产管理与质量管控等能力，具有工匠精神和信息素养，能够从事铸造工艺设计、生产操作、智能生产线运行及维护、产品质量检验、企业生产管理等工作的高素质技术技能人才。,https://gaokao.chsi.com.cn/zyk/zybk/detail/279vku6p6z4c34gf
213759856,460109,现代锻压技术,高职（专科）,1060,装备制造,106046,机械设计制造类,10604601,2025,本专业培养德智体美劳全面发展，掌握扎实的科学文化基础和锻压工艺与模具设计、锻压设备、工程材料与热处理、锻造工艺模拟等知识，具备锻压工艺编制与模具设计、锻压工艺虚拟仿真与优化、锻压工艺实施、现场生产与技术管理等能力，具有工匠精神和信息素养，能够从事锻压工艺工装设计、锻造工艺虚拟仿真与优化、锻件热处理、锻件检测、锻压生产组织及实施、锻压生产管理与质量管理、锻压设备操作与生产等工作的高素质技术技能人才。,https://gaokao.chsi.com.cn/zyk/zybk/detail/213759856
73386784,460110,智能焊接技术,高职（专科）,1060,装备制造,106046,机械设计制造类,10604601,2025,本专业培养掌握本专业知识和技术技能，具备职业综合素质和行动能力，面向金属制品业、通用设备制造业和专用设备制造业的焊接工艺编制与实施、自动化和智能化焊接设备操作、手工焊接操作、焊接机器人编程与操作、焊接质量控制、焊接生产管理等岗位（群），能够从事焊接工艺编制与实施、焊机和自动化及智能化焊接设备操作、焊接机器人编程与操作、焊接生产管理与质量控制等工作的高技能人才。,https://gaokao.chsi.com.cn/zyk/zybk/detail/73386784
sin0zcug009ba67a,460111,工业材料表面处理技术,高职（专科）,1060,装备制造,106046,机械设计制造类,10604601,2025,本专业培养掌握本专业知识和技术技能，具备职业综合素质和行动能力，面向金属制品业及金属制品、机械和设备修理业等行业的机械表面处理加工人员、机械热加工人员、机械工程技术人员等职业，能够从事表面处理数字化设备操作与维护、表面处理智能生产线管控、表面处理工艺模拟与实施、槽液智能控制分析、表面预处理与涂（镀）层制备、产品性能检测与质量控制等工作的高技能人才。,https://gaokao.chsi.com.cn/zyk/zybk/detail/sin0zcug009ba67a
2wc5qb17ihhn9ibw,460112,增材制造技术,高职（专科）,1060,装备制造,106046,机械设计制造类,10604601,2025,本专业培养掌握本专业知识和技术技能，具备职业综合素质和行动能力，面向塑料制品业、金属制品业、通用设备制造业等行业的机械工程技术人员、增材制造工程技术人员、机械设备修理人员、增材制造设备操作员等职业，能够从事产品数字化设计、增材制造工艺制订与实施、增材制造设备操作与维护、增材制造产品后处理、增材制造技术服务与推广、增材制造装备装调等工作的高技能人才。,https://gaokao.chsi.com.cn/zyk/zybk/detail/2wc5qb17ihhn9ibw
73386776,460113,模具设计与制造,高职（专科）,1060,装备制造,106046,机械设计制造类,10604601,2025,本专业培养掌握本专业知识和技术技能，具备职业综合素质和行动能力，面向专用设备制造业等行业的机械工程技术人员、工装工具制造加工人员等职业，能够从事模具设计、制造、装配与调试、使用与维护、成形（型）工艺管控、产品检验和质量管理、销售等工作的高技能人才。,https://gaokao.chsi.com.cn/zyk/zybk/detail/73386776
73386808,460114,特种加工技术,高职（专科）,1060,装备制造,106046,机械设计制造类,10604601,2025,本专业培养掌握本专业知识和技术技能，具备职业综合素质和行动能力，面向通用设备制造业、专用设备制造业的机械工程技术人员、机械冷加工人员、金属加工机械制造人员等职业，能够从事产品三维数字化设计、特种加工工艺制订与实施、特种加工设备操作与维护、特种加工设备装调、特种加工产品质量检验等工作的高技能人才。,https://gaokao.chsi.com.cn/zyk/zybk/detail/73386808
8aac8umelf04xdi4,460115,智能光电制造技术,高职（专科）,1060,装备制造,106046,机械设计制造类,10604601,2025,本专业培养掌握本专业知识和技术技能，具备职业综合素质和行动能力，面向通用设备制造业、仪器仪表制造业的光电装备制造、安装与维护，设备、生产与物料管理，营销与服务等岗位（群），能够从事激光设备安装调试、光电仪器仪表装调、光学零件制造等工作的高技能人才。,https://gaokao.chsi.com.cn/zyk/zybk/detail/8aac8umelf04xdi4
73386860,460116,电线电缆制造技术,高职（专科）,1060,装备制造,106046,机械设计制造类,10604601,2025,本专业培养掌握本专业知识和技术技能，具备职业综合素质和行动能力，面向电线、电缆、光缆及电工器材制造行业的电线电缆、光纤光缆及电工器材制造人员和电气工程技术人员等职业，能够从事电线电缆生产设备操作、电线电缆制造工艺控制、电线电缆产品检验等工作的高技能人才。,https://gaokao.chsi.com.cn/zyk/zybk/detail/73386860
73386832,460117,内燃机制造与应用技术,高职（专科）,1060,装备制造,106046,机械设计制造类,10604601,2025,本专业培养德智体美劳全面发展，掌握扎实的科学文化基础和内燃机制造、维修、应用等知识，具备内燃机产品工艺编制、装配与调试、检测与维修等能力，具有工匠精神和信息素养，能够从事内燃机及其零部件工艺设计、加工、装配、性能测试、检测与维修、生产管理、质量管理等工作的高素质技术技能人才。,https://gaokao.chsi.com.cn/zyk/zybk/detail/73386832
cmcgjkefw82tjc4j,460118,机械装备制造技术,高职（专科）,1060,装备制造,106046,机械设计制造类,10604601,2025,本专业培养掌握本专业知识和技术技能，具备职业综合素质和行动能力，面向通用设备制造业和专用设备制造业的机械工程技术人员、机械冷加工人员、智能制造工程技术人员等职业，能够从事机械装备制造、机械零件制造工艺编制、机械装备安装调试、机械装备维护维修、生产现场管理、机械装备售后服务等工作的高技能人才。,https://gaokao.chsi.com.cn/zyk/zybk/detail/cmcgjkefw82tjc4j
73386828,460119,工业产品质量检测技术,高职（专科）,1060,装备制造,106046,机械设计制造类,10604601,2025,本专业培养掌握本专业知识和技术技能，具备职业综合素质和行动能力，面向通用设备制造业、专用设备制造业、质检技术服务行业的产品质量检验工程技术人员，标准化、计量、质量和认证认可工程技术人员，检验试验人员等职业，能够从事生产过程检验、工业产品质量检测、产品质量分析与管理等工作的高技能人才。,https://gaokao.chsi.com.cn/zyk/zybk/detail/73386828
hkweez839jd3umt0,460120,理化测试与质检技术,高职（专科）,1060,装备制造,106046,机械设计制造类,10604601,2025,本专业培养掌握本专业知识和技术技能，具备职业综合素质和行动能力，面向通用设备制造业、专用设备制造业、专业技术服务业等行业的检验试验人员、特种设备检验检测工程技术人员等职业，能够从事金属材料、零部件、产品的无损检测、力学性能检验、化学检验等工作的高技能人才。,https://gaokao.chsi.com.cn/zyk/zybk/detail/hkweez839jd3umt0
5tq0kd9tfislgieq,460121,电力装备智造与维护技术,高职（专科）,1060,装备制造,106046,机械设计制造类,10604601,,,https://gaokao.chsi.com.cn/zyk/zybk/detail/5tq0kd9tfislgieq
2rttrd6jusir72a4,460122,轴承设计与制造技术,高职（专科）,1060,装备制造,106046,机械设计制造类,10604601,,,https://gaokao.chsi.com.cn/zyk/zybk/detail/2rttrd6jusir72a4
fftfhd804m1tq96u,460201,智能制造装备技术,高职（专科）,1060,装备制造,106046,机电设备类,10604602,2025,本专业培养掌握本专业知识和技术技能，具备职业综合素质和行动能力，面向通用设备制造业、专用设备制造业、电气机械和器材制造业的智能制造装备机械部件组装与电气系统调试、智能制造数字化车间的装备维修保障、智能制造系统集成等技术领域，能够从事智能制造装备的操作应用、安装调试、维护维修、优化升级、集成改造和标准实施等工作的高技能人才。,https://gaokao.chsi.com.cn/zyk/zybk/detail/fftfhd804m1tq96u
tli59x1sdcz7qavo,460202,机电设备技术,高职（专科）,1060,装备制造,106046,机电设备类,10604602,2025,本专业培养掌握本专业知识和技术技能，具备职业综合素质和行动能力，面向通用设备制造业、专用设备制造业和汽车制造业的机械设备修理人员、机械工程技术人员等职业，能够从事机电设备安装调试、维护维修、技术改造、管理、售后技术服务等工作的高技能人才。,https://gaokao.chsi.com.cn/zyk/zybk/detail/tli59x1sdcz7qavo
8v68lea08u35hyyj,460203,电机与电器技术,高职（专科）,1060,装备制造,106046,机电设备类,10604602,2025,本专业培养掌握本专业知识和技术技能，具备职业综合素质和行动能力，面向通用设备制造业、电气机械和器材制造业等行业的电机制造人员、电气工程技术人员等职业，能够从事电机电器产品装配制造、测试检验、装调运维、控制、营销等工作的高技能人才。,https://gaokao.chsi.com.cn/zyk/zybk/detail/8v68lea08u35hyyj
umrlxcyb0um0jgu4,460204,新能源装备技术,高职（专科）,1060,装备制造,106046,机电设备类,10604602,2025,本专业培养掌握本专业知识和技术技能，具备职业综合素质和行动能力，面向通用设备制造业、电气机械和器材制造业的机械制造工程技术人员、设备工程技术人员等职业，能够从事新能源装备的工艺设计、装配、吊装、调试，新能源电场的运行与管理、设备维护与检修等工作的高技能人才。,https://gaokao.chsi.com.cn/zyk/zybk/detail/umrlxcyb0um0jgu4
73386440,460205,制冷与空调技术,高职（专科）,1060,装备制造,106046,机电设备类,10604602,2025,本专业培养德智体美劳全面发展，掌握扎实的科学文化基础和制冷与空调工程的设计与施工规范、零部件加工方法、整机装配工艺流程、产品安全和性能相关标准与检测、制冷空调系统程序调试方法和规范及相关法律法规等知识，具备空调工程和冷链冷库工程施工图识读、制冷空调产品制冷系统设计、制冷空调系统试运行与调试、运行故障分析与处理等能力，具有工匠精神和信息素养，能够从事制冷空调产品设计与制造、制冷产品或工程营销、工程方案设计与施工管理、制冷设备运行管理和维修保养等工作的高素质技术技能人才。,https://gaokao.chsi.com.cn/zyk/zybk/detail/73386440
213759860,460206,电梯工程技术,高职（专科）,1060,装备制造,106046,机电设备类,10604602,2025,本专业培养掌握本专业知识和技术技能，具备职业综合素质和行动能力，面向物料搬运设备制造、质检技术服务行业的电梯安装维修工、特种设备检验检测工程技术人员、特种设备管理和应用工程技术人员、物联网安装调试员等职业，能够从事电梯维修、调试、销售、检验检测、工程管理及物联网安装调试等工作的高技能人才。,https://gaokao.chsi.com.cn/zyk/zybk/detail/213759860
67jqan4r2i9cmi9r,460207,低空飞行器装备技术,高职（专科）,1060,装备制造,106046,机电设备类,10604602,,,https://gaokao.chsi.com.cn/zyk/zybk/detail/67jqan4r2i9cmi9r
2v4yrjigg8yrp7xe,460208,机床智能化应用技术,高职（专科）,1060,装备制造,106046,机电设备类,10604602,,,https://gaokao.chsi.com.cn/zyk/zybk/detail/2v4yrjigg8yrp7xe
73386880,460301,机电一体化技术,高职（专科）,1060,装备制造,106046,自动化类,10604603,2025,本专业培养掌握本专业知识和技术技能，具备职业综合素质和行动能力，面向通用设备制造业，金属制品、机械和设备修理业的机械设计工程技术人员、机械制造工程技术人员、自动控制工程技术人员等职业，能够从事机电设备和自动化生产线安装与调试、运行与维修、改造与升级等工作的高技能人才。,https://gaokao.chsi.com.cn/zyk/zybk/detail/73386880
gbkte98jq7yo5yp0,460302,智能机电技术,高职（专科）,1060,装备制造,106046,自动化类,10604603,2025,本专业培养掌握本专业知识和技术技能，具备职业综合素质和行动能力，面向通用设备制造业、专用设备制造业与金属制品、机械和设备修理业等行业的设备工程技术人员、机械制造工程技术人员、自动控制工程技术人员、机械设备修理人员等职业，能够从事智能产线和智能设备的运行操作、安装调试、系统集成、远程维护、智慧检修以及营销与售后服务等工作的高技能人才。,https://gaokao.chsi.com.cn/zyk/zybk/detail/gbkte98jq7yo5yp0
320924685,460303,智能控制技术,高职（专科）,1060,装备制造,106046,自动化类,10604603,2025,本专业培养掌握本专业知识和技术技能，具备职业综合素质和行动能力，面向通用设备制造业、专用设备制造业等行业智能制造工程技术人员、自动控制工程技术人员、工业互联网工程技术人员等职业，能够从事智能制造控制系统安装调试、维修维护、数据采集与可视化，工业网络搭建，智能制造产品质量检测与控制等工作的高技能人才。,https://gaokao.chsi.com.cn/zyk/zybk/detail/320924685
6b9v6zq2oqndebh7,460304,智能机器人技术,高职（专科）,1060,装备制造,106046,自动化类,10604603,2025,本专业培养掌握本专业知识和技术技能，具备职业综合素质和行动能力，面向通用设备制造业、软件和信息技术服务业的机器人工程技术人员、服务机器人应用技术员、智能硬件装调员、智能制造工程技术人员、工业视觉系统运维员等职业，能够从事机器人智能化设备选配与装调、智能机器人本体装调、智能机器人交互技术应用场景搭建、智能机器人集成应用与编程、智能机器人应用系统运行维护、智能机器人应用信息安全管理、相关销售与技术支持等工作的高技能人才。,https://gaokao.chsi.com.cn/zyk/zybk/detail/6b9v6zq2oqndebh7
320924786,460305,工业机器人技术,高职（专科）,1060,装备制造,106046,自动化类,10604603,2025,本专业培养掌握本专业知识和技术技能，具备职业综合素质和行动能力，面向通用设备制造业、专用设备制造业等行业的工业机器人系统操作员、工业机器人系统运维员、机器人工程技术人员、智能制造工程技术人员、自动控制工程技术人员等职业，能够从事工业机器人应用系统集成、设计仿真、运行维护、安装调试、销售与技术支持等工作的高技能人才。,https://gaokao.chsi.com.cn/zyk/zybk/detail/320924786
73386884,460306,电气自动化技术,高职（专科）,1060,装备制造,106046,自动化类,10604603,2025,本专业培养掌握本专业知识和技术技能，具备职业综合素质和行动能力，面向通用设备制造业、专用设备制造业、电气机械和器材制造业等行业的电气工程技术人员、自动控制工程技术人员等职业，能够从事电气系统的安装与调试、电气及自动化设备的调试与运维、小型控制系统的设计与改造、供配电系统的调试与运维等工作的高技能人才。,https://gaokao.chsi.com.cn/zyk/zybk/detail/73386884
73386888,460307,工业过程自动化技术,高职（专科）,1060,装备制造,106046,自动化类,10604603,2025,本专业培养掌握本专业知识和技术技能，具备职业综合素质和行动能力，面向通用设备制造业、电气机械和器材制造业等行业的自动控制工程技术人员、设备工程技术人员、电工等职业，能够从事生产过程自动化设备与运行控制系统安装、调试，工业过程控制系统投运、维护和管理，生产过程自动化产品检测与售后服务等工作的高技能人才。,https://gaokao.chsi.com.cn/zyk/zybk/detail/73386888
320924637,460308,工业自动化仪表技术,高职（专科）,1060,装备制造,106046,自动化类,10604603,2025,本专业培养掌握本专业知识和技术技能，具备职业综合素质和行动能力，面向通用仪器仪表制造业等行业的仪器仪表工程技术人员、自动控制工程技术人员、仪器仪表装配人员、机械设备修理人员等职业，能够从事工业自动化仪表产品及零部件加工生产、组合装配、调试、检测，仪表及自动化系统安装、调试、运行、维护等工作的高技能人才。,https://gaokao.chsi.com.cn/zyk/zybk/detail/320924637
73386912,460309,液压与气动技术,高职（专科）,1060,装备制造,106046,自动化类,10604603,2025,本专业培养掌握本专业知识和技术技能，具备职业综合素质和行动能力，面向通用设备制造业，金属制品、机械和设备修理业等行业的设备工程技术人员、机械设备修理人员等职业，能够从事液压与气动元件的生产，液压系统及气动系统的安装、调试、维护、系统设计、营销与售后服务等工作的高技能人才。,https://gaokao.chsi.com.cn/zyk/zybk/detail/73386912
msuxt00qtm4hjcgv,460310,工业互联网应用,高职（专科）,1060,装备制造,106046,自动化类,10604603,2025,本专业培养掌握本专业知识和技术技能，具备职业综合素质和行动能力，面向制造业的工业互联网工程技术人员、智能制造工程技术人员、自动控制工程技术人员等职业，能够从事工业网络集成与运维、工业互联网标识解析应用、工业数据采集、工业边缘计算应用、工业管理软件应用、工业互联网平台应用、工业控制系统安全防护等工作的高技能人才。,https://gaokao.chsi.com.cn/zyk/zybk/detail/msuxt00qtm4hjcgv
v1zi6drrfitig937,460311,计量测试与应用技术,高职（专科）,1060,装备制造,106046,自动化类,10604603,2025,本专业培养掌握本专业知识和技术技能，具备职业综合素质和行动能力，面向通用设备制造业、专用设备制造业、质检技术服务等行业的计量工程技术人员，检验、检测和计量服务人员，检验试验人员等职业，能够从事计量检定、校准、检验、检测，计量器具维护、使用，计量检测仪器、设备、系统及标准物质研制、开发，计量管理等工作的高技能人才。,https://gaokao.chsi.com.cn/zyk/zybk/detail/v1zi6drrfitig937
j0u9ffogbdzy04qd,460312,具身智能机器人技术,高职（专科）,1060,装备制造,106046,自动化类,10604603,,,https://gaokao.chsi.com.cn/zyk/zybk/detail/j0u9ffogbdzy04qd
320924548,460401,铁道机车车辆制造与维护,高职（专科）,1060,装备制造,106046,轨道装备类,10604604,2025,本专业培养掌握本专业知识和技术技能，具备职业综合素质和行动能力，面向铁路机车车辆制造、窄轨机车车辆制造、铁路机车车辆配件制造、铁路运输维护活动等行业的铁路机车制修工、铁路车辆制修工、铁路机车车辆制动钳工、铁道机务工程技术人员、铁道车辆工程技术人员等职业，能够从事铁道机车车辆的装配、调试、维护与检修等工作的高技能人才。,https://gaokao.chsi.com.cn/zyk/zybk/detail/320924548
a8g1bpuz6f8lsy6k,460402,高速铁路动车组制造与维护,高职（专科）,1060,装备制造,106046,轨道装备类,10604604,2025,本专业培养掌握本专业知识和技术技能，具备职业综合素质和行动能力，面向铁路运输设备制造行业的动车组制修师职业群的动车组整车及部件制造人员、动车组设备装配人员、动车组系统调试与装配人员、动车组整车调试人员、动车组维护人员等职业，能够从事动车组整车及部件生产与工艺管理、动车组系统调试与装配、动车组整车调试、动车组维护等工作的高技能人才。,https://gaokao.chsi.com.cn/zyk/zybk/detail/a8g1bpuz6f8lsy6k
zzr7bcx0yh2ubuq8,460403,城市轨道交通车辆制造与维护,高职（专科）,1060,装备制造,106046,轨道装备类,10604604,2025,本专业培养掌握本专业知识和技术技能，具备职业综合素质和行动能力，面向城市轨道交通设备制造行业的铁道车辆工程技术人员、铁路车辆制修工、城市轨道交通检修工等职业，能够从事城市轨道交通车辆制造、装配、调试、检修，城市轨道交通车辆核心部件制造、装调以及城市轨道交通车辆制造工艺管理、质量管理、设备操作与维护等工作的高技能人才。,https://gaokao.chsi.com.cn/zyk/zybk/detail/zzr7bcx0yh2ubuq8
wbjokmyv1y931it1,460404,轨道交通通信信号设备制造与维护,高职（专科）,1060,装备制造,106046,轨道装备类,10604604,2025,本专业培养德智体美劳全面发展，掌握扎实的科学文化基础和轨道交通通信信号设备制造及组装调试、成品检测检验、设备巡检与维护及相关法律法规等知识，具备通信信号设备的组装和联调联试、故障设备维修等能力，具有工匠精神和信息素养，能够从事通信信号设备生产加工、安装调试、维修维护等工作的高素质技术技能人才。,https://gaokao.chsi.com.cn/zyk/zybk/detail/wbjokmyv1y931it1
wmglm8sab5lqsjun,460405,轨道交通工程机械制造与维护,高职（专科）,1060,装备制造,106046,轨道装备类,10604604,2025,本专业培养德智体美劳全面发展，掌握扎实的科学文化基础和轨道交通工程机械必备机电基础理论、构造原理及检修方法、检修制度与运用管理及相关法律法规等知识，具备轨道交通工程机械车体系统装配、调试、检修及处理故障等能力，具有工匠精神和信息素养，能够从事轨道交通工程机械的生产加工、组装调试、维修养护、操作驾驶等工作的高素质技术技能人才。,https://gaokao.chsi.com.cn/zyk/zybk/detail/wmglm8sab5lqsjun
73385852,460501,船舶工程技术,高职（专科）,1060,装备制造,106046,船舶与海洋工程装备类,10604605,2025,本专业培养掌握本专业知识和技术技能，具备职业综合素质和行动能力，面向船舶及相关装置制造行业的船体生产设计、船体制造和船体检验等岗位（群），能够从事船体生产设计、船体焊接、船体加工与装配、船体精度控制、船体检验、造船生产管理等工作的高技能人才。,https://gaokao.chsi.com.cn/zyk/zybk/detail/73385852
ro6o19cn9hjslzjd,460502,船舶动力工程技术,高职（专科）,1060,装备制造,106046,船舶与海洋工程装备类,10604605,2025,本专业培养掌握船舶动力工程技术专业知识和技术技能，具备职业综合素质和行动能力，面向船舶及相关装置制造行业，能够从事船舶动力工程装配、安装与调试，生产现场组织与管理，船舶动力机械验收与安装质量检验和船舶管系生产设计等工作的高技能人才。,https://gaokao.chsi.com.cn/zyk/zybk/detail/ro6o19cn9hjslzjd
73385868,460503,船舶电气工程技术,高职（专科）,1060,装备制造,106046,船舶与海洋工程装备类,10604605,2025,本专业培养掌握船舶电气工程技术专业知识和技术技能，具备职业综合素质和行动能力，面向船舶及相关装置制造行业，能够从事船舶电气工艺设计与施工、船舶电气设备安装与调试、船舶电气设备运行与维护修理等工作的高技能人才。,https://gaokao.chsi.com.cn/zyk/zybk/detail/73385868
a9vwmsn2jn24byuu,460504,船舶智能焊接技术,高职（专科）,1060,装备制造,106046,船舶与海洋工程装备类,10604605,2025,本专业培养掌握船舶智能焊接技术专业知识和技术技能，具备职业综合素质和行动能力，面向船舶及相关装置制造行业，能够从事焊接工艺设计与操作、智能焊接设备使用与维护、焊接检验与工艺评定、船体三维建模与数字化套料、船舶装配工艺设计等工作的高技能人才。,https://gaokao.chsi.com.cn/zyk/zybk/detail/a9vwmsn2jn24byuu
73385864,460505,船舶舾装工程技术,高职（专科）,1060,装备制造,106046,船舶与海洋工程装备类,10604605,2025,本专业培养德智体美劳全面发展，掌握扎实的科学文化基础和船舶原理、识图等知识，具备船舶舾装的工艺设计、生产施工、质量检验、生产组织等能力，具有工匠精神和信息素养，能够从事舾装件制造与安装、工艺编制、质量检验、现场施工组织与管理等工作的高素质技术技能人才。,https://gaokao.chsi.com.cn/zyk/zybk/detail/73385864
crj5k0fvn2dikw3l,460506,船舶涂装工程技术,高职（专科）,1060,装备制造,106046,船舶与海洋工程装备类,10604605,2025,本专业培养德智体美劳全面发展，掌握扎实的科学文化基础和金属表面处理、涂料选用和配置、电化学及涂装防腐方法、涂装安全绿色施工等知识，具备船舶涂装生产设计、绘制和识读船舶结构图纸、处理结构表面和涂层缺陷等能力，具有工匠精神和信息素养，能够从事船舶涂装质量检验、涂装现场施工管理、工时与材料定额计算等工作的高素质技术技能人才。,https://gaokao.chsi.com.cn/zyk/zybk/detail/crj5k0fvn2dikw3l
ezxawxd2rw3vnn6m,460507,船舶通信装备技术,高职（专科）,1060,装备制造,106046,船舶与海洋工程装备类,10604605,2025,本专业培养德智体美劳全面发展，掌握扎实的科学文化基础和船舶通信与导航、电气控制、船舶信号、船舶传感网与物联网等知识，具备船舶通导设备及其他船舶电气设备的设计、安装调试和维修等能力，具有工匠精神和信息素养，能够从事船舶通导设备及其他船舶电气设备的生产、安装调试、维修保养、质量检验、技术管理和创新等工作的高素质技术技能人才。,https://gaokao.chsi.com.cn/zyk/zybk/detail/ezxawxd2rw3vnn6m
213780889,460508,游艇设计与制造,高职（专科）,1060,装备制造,106046,船舶与海洋工程装备类,10604605,2025,本专业培养掌握游艇设计与制造专业知识和技术技能，具备职业综合素质和行动能力，面向娱乐船和运动船制造行业，能够从事游艇设计、制造、维修及售后服务工作的高技能人才。,https://gaokao.chsi.com.cn/zyk/zybk/detail/213780889
lpv1k3h80zzhopzd,460509,邮轮内装技术,高职（专科）,1060,装备制造,106046,船舶与海洋工程装备类,10604605,2025,本专业培养掌握邮轮内装技术专业知识和技术技能，具备职业综合素质和行动能力，面向船舶及相关装置制造、建筑装饰等行业，能够从事邮轮舱室及公共区域内装设计、内装材料及工艺应用、内装技术施工、内装工程质量检验与管理等工作的高技能人才。,https://gaokao.chsi.com.cn/zyk/zybk/detail/lpv1k3h80zzhopzd
320924524,460510,海洋工程装备技术,高职（专科）,1060,装备制造,106046,船舶与海洋工程装备类,10604605,2025,本专业培养德智体美劳全面发展，掌握扎实的科学文化基础和海洋工程装备材料结构与设备、数字设计与智能制造等知识，具有海洋工程装备设计制造与安装、质量检验和项目管理等能力，具有工匠精神和信息素养，能够从事海洋工程装备及相关产品的生产设计与制造、安装调试与维护、质量检验及项目管理等工作的高素质技术技能人才。,https://gaokao.chsi.com.cn/zyk/zybk/detail/320924524
nn8ncdeg44amtrw0,460511,海洋电力工程技术,高职（专科）,1060,装备制造,106046,船舶与海洋工程装备类,10604605,,,https://gaokao.chsi.com.cn/zyk/zybk/detail/nn8ncdeg44amtrw0
hyhivp2oet9h5k0h,460512,无人艇应用技术,高职（专科）,1060,装备制造,106046,船舶与海洋工程装备类,10604605,,,https://gaokao.chsi.com.cn/zyk/zybk/detail/hyhivp2oet9h5k0h
s6e3kpcf15ifjtcq,460513,新能源船舶技术,高职（专科）,1060,装备制造,106046,船舶与海洋工程装备类,10604605,,,https://gaokao.chsi.com.cn/zyk/zybk/detail/s6e3kpcf15ifjtcq
2w55yvnc92kem2ml,460601,飞行器数字化制造技术,高职（专科）,1060,装备制造,106046,航空装备类,10604606,2025,本专业培养掌握飞行器数字化制造技术专业知识和技术技能，具备职业综合素质和行动能力，面向航空、航天器及设备制造行业，能够从事数控设备操作、飞行器零部件加工、飞行器结构件数字化工艺与编程、飞行器数字化检测、智能制造生产线调试与生产等工作的高技能人才。,https://gaokao.chsi.com.cn/zyk/zybk/detail/2w55yvnc92kem2ml
nqkps101nlbp74ej,460602,飞行器数字化装配技术,高职（专科）,1060,装备制造,106046,航空装备类,10604606,2025,本专业培养掌握飞行器数字化装配技术专业知识和技术技能，具备职业综合素质和行动能力，面向航空、航天器及设备制造行业，能够从事飞行器部组件数字化装配、大部件数字化对接、数字化工装安装与调试等工作的高技能人才。,https://gaokao.chsi.com.cn/zyk/zybk/detail/nqkps101nlbp74ej
80pyoqpdyh193zrq,460603,航空发动机制造技术,高职（专科）,1060,装备制造,106046,航空装备类,10604606,2025,本专业培养德智体美劳全面发展，掌握扎实的科学文化基础和飞机发动机关键零部件工艺设计、加工制造及质量检测及相关法律法规等知识，具备飞机发动机关键零部件数控加工工艺编制、加工制造与检测等能力，具有工匠精神和信息素养，能够从事飞机发动机叶片和叶盘等关键零部件数控加工工艺编制、数控设备操作与编程、质量检测与控制、生产现场管理等工作的高素质技术技能人才。,https://gaokao.chsi.com.cn/zyk/zybk/detail/80pyoqpdyh193zrq
73385924,460604,航空发动机装配调试技术,高职（专科）,1060,装备制造,106046,航空装备类,10604606,2025,本专业培养德智体美劳全面发展，掌握扎实的科学文化基础和航空发动机原理与结构、装配与检测、试验与试车、维护与排故及相关法律法规等知识，具备航空发动机装配调试、故障分析处理等能力，具有工匠精神和信息素养，能够从事航空发动机装配与调试、维修与维护等工作的高素质技术技能人才。,https://gaokao.chsi.com.cn/zyk/zybk/detail/73385924
fmz8pwqbe2bjv714,460605,飞机机载设备装配调试技术,高职（专科）,1060,装备制造,106046,航空装备类,10604606,2025,本专业培养掌握本专业知识和技术技能，具备职业综合素质和行动能力，面向航空相关设备制造和航空航天器修理行业的机载设备设计制造、装配调试和维修技术领域，能够从事机载设备设计制造、航空电气安装调试、航空仪表装配、飞机无线电设备安装调试、飞机雷达安装调试等工作的高技能人才。,https://gaokao.chsi.com.cn/zyk/zybk/detail/fmz8pwqbe2bjv714
mehx5812s7wcex72,460606,航空装备表面处理技术,高职（专科）,1060,装备制造,106046,航空装备类,10604606,2025,本专业培养掌握航空装备表面处理专业知识和技术技能，具备职业综合素质和行动能力，面向航空、航天器及设备制造行业的机械表面处理加工人员等职业，能够从事航空航天产品零部件镀层、镀膜、涂装、喷涂喷焊及整机喷涂等表面处理工作的高技能人才。,https://gaokao.chsi.com.cn/zyk/zybk/detail/mehx5812s7wcex72
73385916,460607,飞行器维修技术,高职（专科）,1060,装备制造,106046,航空装备类,10604606,2025,本专业培养掌握飞行器维修专业知识和技术技能，具备职业综合素质和行动能力，面向航空航天器修理行业的民用航空器维修与适航工程技术人员、航空器机械维护员、航空器部件修理工、航空器外场维护员等职业，能够从事飞机结构修理、飞机部附件修理、飞机装配与调试、飞机维护等工作的高技能人才。,https://gaokao.chsi.com.cn/zyk/zybk/detail/73385916
pqjwmf419h5cjfli,460608,航空发动机维修技术,高职（专科）,1060,装备制造,106046,航空装备类,10604606,2025,本专业培养德智体美劳全面发展，掌握扎实的科学文化基础和航空发动机修理和装配及相关法律法规等知识，具备航空发动机分解、零件洗涤、故检、修理、装配、试验和油封的能力，具有工匠精神和信息素养，能够从事航空发动机装配、发动机试车、发动机部附件修理、航线维护、工程技术管理等工作的高素质技术技能人才。,https://gaokao.chsi.com.cn/zyk/zybk/detail/pqjwmf419h5cjfli
213780893,460609,无人机应用技术,高职（专科）,1060,装备制造,106046,航空装备类,10604606,2025,本专业培养掌握无人机应用技术专业知识和技术技能，具备职业综合素质和行动能力，面向通用航空生产服务等行业的无人机驾驶员、无人机装调检修工、航空产品试验与飞行试验工程技术人员等职业，能够从事无人机装配调试、飞行操控、售前售后技术服务、行业应用、检测维护等工作的高技能人才。,https://gaokao.chsi.com.cn/zyk/zybk/detail/213780893
quyviw2sy77rxek3,460610,航空材料精密成型技术,高职（专科）,1060,装备制造,106046,航空装备类,10604606,2025,本专业培养德智体美劳全面发展，掌握扎实的科学文化基础和精密锻造工艺、精密铸造工艺、增材制造技术及相关法律法规等知识，具备精密铸件生产、精密锻件生产、工艺设计、增材制造设备操作、产品质量控制等能力，具有工匠精神和信息素养，能够从事精密铸件和锻件的生产工艺制订与实施、增材制造模型设计、设备操作与维护、产品质量控制等工作的高素质技术技能人才。,https://gaokao.chsi.com.cn/zyk/zybk/detail/quyviw2sy77rxek3
164262714,460611,导弹维修技术,高职（专科）,1060,装备制造,106046,航空装备类,10604606,2025,本专业培养德智体美劳全面发展，掌握扎实的科学文化基础和导弹机械与电子电气部件装调、导弹结构原理、导弹维修及相关法律法规等知识，具备工程图样识读和绘制、导弹电子电气部件制作与修理、导弹分解与装配、导弹测试设备使用与维护、导弹故障分析与排除等能力，具有工匠精神和信息素养，能够从事导弹电子部件制造、导弹分解与装配、导弹测试、导弹质量检验、技术管理等工作的高素质技术技能人才。,https://gaokao.chsi.com.cn/zyk/zybk/detail/164262714
xdeoyhnanfkdyy2p,460612,航天装备精密制造技术,高职（专科）,1060,装备制造,106046,航空装备类,10604606,,,https://gaokao.chsi.com.cn/zyk/zybk/detail/xdeoyhnanfkdyy2p
7y8sibgiioya3219,460613,航天装备智能装配技术,高职（专科）,1060,装备制造,106046,航空装备类,10604606,,,https://gaokao.chsi.com.cn/zyk/zybk/detail/7y8sibgiioya3219
979goc6bovni51o5,460701,汽车制造与试验技术,高职（专科）,1060,装备制造,106046,汽车制造类,10604607,2025,本专业培养掌握汽车制造与试验技术专业知识和技术技能，具备职业综合素质和行动能力，面向汽车制造业的汽车工程技术人员、汽车运用工程技术人员、汽车整车制造人员、汽车零部件与饰件生产加工人员、检验试验人员、机动车检测工、智能网联汽车测试员等职业，能够从事汽车整车和总成样品试制、试验，成品装配、调试、测试、标定、质量检验及相关工艺管理和现场管理、车辆返修，售前售后技术支持等工作的高技能人才。,https://gaokao.chsi.com.cn/zyk/zybk/detail/979goc6bovni51o5
213780873,460702,新能源汽车技术,高职（专科）,1060,装备制造,106046,汽车制造类,10604607,2025,本专业培养掌握新能源汽车技术专业知识和技术技能，具备职业综合素质和行动能力，面向新能源车整车制造行业的汽车整车制造人员、汽车工程技术人员、汽车摩托车修理技术服务人员等职业，能够从事新能源汽车整车及零部件装调、质量检验、生产现场管理、试制试验和新能源汽车维修与服务等工作的高技能人才。,https://gaokao.chsi.com.cn/zyk/zybk/detail/213780873
73387000,460703,汽车电子技术,高职（专科）,1060,装备制造,106046,汽车制造类,10604607,2025,本专业培养掌握汽车电子技术专业知识和技术技能，具备职业综合素质和行动能力，面向汽车零部件及配件制造、智能车载设备制造等行业中的汽车工程技术人员、电子设备装配调试人员、电气电子产品环保检验员、信息安全测试员等职业，能够从事汽车电子产品样品试制、试验，汽车电子产品成品装配、调试、测试、标定、质量检验、相关工艺管理和现场管理，售前售后技术支持等工作的高技能人才。,https://gaokao.chsi.com.cn/zyk/zybk/detail/73387000
z25c03kh4cd3ffj4,460704,智能网联汽车技术,高职（专科）,1060,装备制造,106046,汽车制造类,10604607,2025,本专业培养掌握智能网联汽车技术专业知识和技术技能，具备职业综合素质和行动能力，面向汽车制造业的智能车载设备制造、汽车修理与维护等行业的汽车工程技术人员、汽车运用工程技术人员、汽车整车制造人员、汽车维修工等职业，能够从事智能网联汽车整车及系统（部件）的样品试制、试验，成品装配、调试、标定、测试、质量检验及相关工艺管理和现场管理，售前售后技术支持工作的高技能人才。,https://gaokao.chsi.com.cn/zyk/zybk/detail/z25c03kh4cd3ffj4
xxtseompbxs33ux2,460705,汽车造型与改装技术,高职（专科）,1060,装备制造,106046,汽车制造类,10604607,2025,本专业培养掌握本专业知识和技术技能，具备职业综合素质和行动能力，面向汽车制造行业的汽车工程技术人员、工业（产品）设计工程技术人员、模型制作工、汽车零部件与饰件生产加工人员、汽车整车制造人员等职业，能够从事汽车车身数字建模、汽车模型设计与制作、汽车造型数字可视化设计、汽车整车模型试制、汽车零部件与饰件试制、专用车辆功能改装生产、汽车内外饰改装等工作的高技能人才。,https://gaokao.chsi.com.cn/zyk/zybk/detail/xxtseompbxs33ux2
73387505,470101,食品生物技术,高职（专科）,1060,生物与化工,106047,生物技术类,10604701,2025,本专业培养掌握本专业知识和技术技能，具备职业综合素质和行动能力，面向酒的制造、调味品、发酵制品制造、其他食品制造、质检技术服务行业的调味品及食品添加剂制作人员、酒、饮料及精制茶制造人员、农产品食品检验员、生物发酵工程技术人员等职业，能够从事发酵食品微生物培养、智能设备操作、质量控制、生产管理、功能性食品新产品开发等工作的高技能人才。,https://gaokao.chsi.com.cn/zyk/zybk/detail/73387505
s1jtyg0whrlmj3fj,470102,药品生物技术,高职（专科）,1060,生物与化工,106047,生物技术类,10604701,2025,本专业培养掌握本专业知识和技能，具备职业综合素质和行动能力，面向医药制造业、医学研究和试验发展、质检技术服务行业的生化药品制造、发酵工程制药、疫苗制品生产、基因工程药品生产、药物制剂生产、药物检验等岗位（群），能够从事生物药品制品制造、检验服务、研究与试验辅助工作的高技能人才。,https://gaokao.chsi.com.cn/zyk/zybk/detail/s1jtyg0whrlmj3fj
4xqyprkzkqwy9pvo,470103,农业生物技术,高职（专科）,1060,生物与化工,106047,生物技术类,10604701,2025,本专业培养掌握本专业知识和技术技能，具备职业综合素质和行动能力，面向农业、科技推广和应用服务业的作物遗传育种栽培技术人员、生物发酵工程技术人员、食用菌生产工、农业技术员等职业，能够从事作物新品种选育、种苗脱毒快繁、生物肥料生产与应用、生物农药生产与应用、食用药用菌工厂化生产工作的高技能人才。,https://gaokao.chsi.com.cn/zyk/zybk/detail/4xqyprkzkqwy9pvo
7ry597qwt2lo702b,470104,化工生物技术,高职（专科）,1060,生物与化工,106047,生物技术类,10604701,2025,本专业培养德智体美劳全面发展，掌握扎实的科学文化基础和微生物工艺、生化分离、生化制品检测及相关法律法规等知识，具备菌种室菌种培养、生产车间菌种扩大培养、工业培养基配制与灭菌等能力，具有工匠精神和信息素养，能够从事微生物培养、生化制品发酵与提取生产、生化制品检验等工作的高素质技术技能人才。,https://gaokao.chsi.com.cn/zyk/zybk/detail/7ry597qwt2lo702b
0z3xu3qkfptclb6p,470105,生物产品检验检疫,高职（专科）,1060,生物与化工,106047,生物技术类,10604701,2025,本专业培养掌握本专业知识和技术技能，具备职业综合素质和行动能力，面向质检技术服务行业的药物检验员、生化检验员、试验员、动物检疫检验员等职业，能够从事生物药物检测、生化检验、核酸检测、生物试验、动植物检疫检验工作的高技能人才。,https://gaokao.chsi.com.cn/zyk/zybk/detail/0z3xu3qkfptclb6p
hwmwi3jtnd6s4ez9,470106,绿色生物制造技术,高职（专科）,1060,生物与化工,106047,生物技术类,10604701,2025,本专业培养掌握本专业知识和技术技能，具备职业综合素质和行动能力，面向生物基材料制造、生物质燃料加工行业的生物质化工产品生产工、生物发酵工程技术人员等职业，能够从事生物合成、生物加工、生物炼制、清洁生产运行维护、绿色生产过程管理等工作的高技能人才。,https://gaokao.chsi.com.cn/zyk/zybk/detail/hwmwi3jtnd6s4ez9
1vnagxxh1usf689x,470107,生物信息技术,高职（专科）,1060,生物与化工,106047,生物技术类,10604701,2025,本专业培养掌握本专业知识和技术技能，具备职业综合素质和行动能力，面向医学研究和试验发展、自然科学试验发展、检测服务、信息处理和存储支持服务行业的生物学研究人员、数据分析处理工程技术人员等职业，能够从事高通量基因测序、生物信息分析、数据管理等工作的高技能人才。,https://gaokao.chsi.com.cn/zyk/zybk/detail/1vnagxxh1usf689x
73386016,470201,应用化工技术,高职（专科）,1060,生物与化工,106047,化工技术类,10604702,2025,本专业培养掌握本专业知识和技术技能，具备职业综合素质和行动能力，面向化学原料及化学制品制造行业的化工生产现场操作员、化工生产中控操作员、化工生产班组长、化工工艺技术员等职业，能够从事化工生产操作与控制、生产管理和工艺优化等工作的高技能人才。,https://gaokao.chsi.com.cn/zyk/zybk/detail/73386016
73386036,470202,石油炼制技术,高职（专科）,1060,生物与化工,106047,化工技术类,10604702,2025,本专业培养德智体美劳全面发展，掌握扎实的科学文化基础和化工单元操作、催化裂化、燃料油与润滑油生产、设备维护保养等知识，具备炼油生产装置操作、事故处理、工艺优化操作、环境因素和危险源的识别等能力，具有工匠精神和信息素养，能够从事燃料油生产、润滑油加工、石化原料加工、产品检测等工作的高素质技术技能人才。,https://gaokao.chsi.com.cn/zyk/zybk/detail/73386036
73386028,470203,精细化工技术,高职（专科）,1060,生物与化工,106047,化工技术类,10604702,2025,本专业培养德智体美劳全面发展，掌握扎实的科学文化基础和精细化学品原料处理、绿色生产、DCS 控制、产品性能测试及企业管理等知识，具备精细化工生产、产品性能测试、精细化学品配制及配方初步优化、数据分析应用等能力，具有工匠精神和信息素养，能够从事精细化工生产控制、配制及配方优化、分离精制、品质控制、产品营销等工作的高素质技术技能人才。,https://gaokao.chsi.com.cn/zyk/zybk/detail/73386028
73386032,470204,石油化工技术,高职（专科）,1060,生物与化工,106047,化工技术类,10604702,2025,本专业培养德智体美劳全面发展，掌握扎实的科学文化基础和典型石油化工设备操作、生产工艺运行、产品分析与质量检测等知识，具备石油化工生产操作、产品检测、环境因素和危险源的识别、组织与技术管理、技术研究与开发等能力，具有工匠精神和信息素养，能够从事石油化工装置生产操作、调试、运行与维护，总控操作、生产组织、技术管理与质量管理等工作的高素质技术技能人才。,https://gaokao.chsi.com.cn/zyk/zybk/detail/73386032
73386316,470205,煤化工技术,高职（专科）,1060,生物与化工,106047,化工技术类,10604702,2025,本专业培养德智体美劳全面发展，掌握扎实的科学文化基础和煤化工单元操作、典型产品生产工艺运行、设备及仪表控制等知识，具备煤化工生产装置使用与维护、DCS 控制、煤质分析、产品检验、安全生产防护等能力，具有工匠精神和信息素养，能够从事煤化工生产操作、原料及产品检验、工艺管理和安全管理等工作的高素质技术技能人才。,https://gaokao.chsi.com.cn/zyk/zybk/detail/73386316
73386024,470206,高分子合成技术,高职（专科）,1060,生物与化工,106047,化工技术类,10604702,2025,本专业培养德智体美劳全面发展，掌握扎实的科学文化基础和化工单元操作、典型高分子合成、精制、聚合、DCS 控制等知识，具备设备操作、品质管控、生产工艺控制等能力，具有工匠精神和信息素养，能够从事生产一线工艺操作、技术与质量管理等工作的高素质技术技能人才。,https://gaokao.chsi.com.cn/zyk/zybk/detail/73386024
213780917,470207,海洋化工技术,高职（专科）,1060,生物与化工,106047,化工技术类,10604702,2025,本专业培养德智体美劳全面发展，掌握扎实的科学文化基础和化工单元操作、海洋化工仪表及设备操作和维护、工艺运行等知识，具备海洋化工产品智能制造、安全生产管理等能力，具有工匠精神和信息素养，能够从事生产智能控制、生产工艺及安全管理、设备操作维护等工作的高素质技术技能人才。,https://gaokao.chsi.com.cn/zyk/zybk/detail/213780917
arni63uu6zvs491d,470208,分析检验技术,高职（专科）,1060,生物与化工,106047,化工技术类,10604702,2025,本专业培养掌握本专业知识和技术技能，具备职业综合素质和行动能力，面向化学原料和化学制品制造业、专业技术服务业等行业的检验、检测和计量服务、检验试验等岗位（群），能够从事样品采集、常规检测分析、自动监测/在线分析系统运维、质量控制等工作的高技能人才。,https://gaokao.chsi.com.cn/zyk/zybk/detail/arni63uu6zvs491d
q78dwfs0dx6aq7up,470209,化工智能制造技术,高职（专科）,1060,生物与化工,106047,化工技术类,10604702,2025,本专业培养掌握本专业知识和技术技能，具备职业综合素质和行动能力，面向化学原料及化学制品制造行业的化工产品生产通用工艺人员、基础化学原料制造人员、化学肥料生产人员、化工生产工程技术人员等职业，能够运用智能化技术从事化工生产操作与控制、工艺运行和生产技术管理、大数据系统运维和管理等工作的高技能人才。,https://gaokao.chsi.com.cn/zyk/zybk/detail/q78dwfs0dx6aq7up
73386048,470210,化工装备技术,高职（专科）,1060,生物与化工,106047,化工技术类,10604702,2025,本专业培养掌握本专业知识和技术技能，具备职业综合素质和行动能力，面向化工、非金属加工专用设备制造、专用设备修理行业的化工装备操作与维修、化工设备设计、化工装备制造、化工装备管理岗位（群），能够从事化工装备操作与维修、制造与管理、化工设备设计工作的高技能人才。,https://gaokao.chsi.com.cn/zyk/zybk/detail/73386048
320924580,470211,化工自动化技术,高职（专科）,1060,生物与化工,106047,化工技术类,10604702,2025,本专业培养德智体美劳全面发展，掌握扎实的科学文化基础和化工自动化仪表、过程控制、人工智能等知识，具备仪表与自动化系统安装调试、运行维护、系统集成等能力，具有工匠精神和信息素养，能够从事自动化系统维护维修、技术改造、工程实施和管理等工作的高素质技术技能人才。,https://gaokao.chsi.com.cn/zyk/zybk/detail/320924580
690797422,470212,涂装防护技术,高职（专科）,1060,生物与化工,106047,化工技术类,10604702,2025,本专业培养德智体美劳全面发展，掌握扎实的科学文化基础和涂料生产与涂装施工原料预处理、绿色生产、智能控制、性能测试、生产组织管理等知识，具备涂料绿色生产、涂装智能施工、产品质量控制等能力，具有工匠精神和信息素养，能够从事原料性能分析筛选与预处理、涂料生产与工艺优化、涂装施工与设计优化、涂料分析检测、设备使用与维护、事故判断与处理等工作的高素质技术技能人才。,https://gaokao.chsi.com.cn/zyk/zybk/detail/690797422
u4gdmtm6m076ekdm,470213,烟花爆竹技术与管理,高职（专科）,1060,生物与化工,106047,化工技术类,10604702,2025,本专业培养德智体美劳全面发展，掌握扎实的科学文化基础和烟花爆竹生产技术、安全管理、原材料、半成品和成品质量检测、焰火燃放编排与施工及相关法律法规等知识，具备烟花爆竹生产安全管理、产品质量检测和焰火燃放设计编排、现场技术指导等能力，具有工匠精神和信息素养，能够从事烟花爆竹生产、作业现场安全管理、产品质量检测及焰火燃放等工作的高素质技术技能人才。,https://gaokao.chsi.com.cn/zyk/zybk/detail/u4gdmtm6m076ekdm
nrz0tlr1eypehq3x,470214,现代工业清洗技术,高职（专科）,1060,生物与化工,106047,化工技术类,10604702,,,https://gaokao.chsi.com.cn/zyk/zybk/detail/nrz0tlr1eypehq3x
213780925,480101,化妆品技术,高职（专科）,1060,轻工纺织,106048,轻化工类,10604801,2025,本专业培养德智体美劳全面发展，掌握扎实的科学文化基础和化妆品打样、生产管理和产品检测等知识，具备较强的配方打版、质量检测与评价、生产管理和营销等能力，具有工匠精神和信息素养，能够从事化妆品配制、产品检验、生产管理、产品营销等工作的高素质技术技能人才。,https://gaokao.chsi.com.cn/zyk/zybk/detail/213780925
73387393,480102,现代造纸技术,高职（专科）,1060,轻工纺织,106048,轻化工类,10604801,2025,本专业培养德智体美劳全面发展，掌握扎实的科学文化基础和现代制浆造纸行业的工艺原理和生产技术等知识，具备制浆造纸生产操作和生产管理、制浆造纸检测分析以及新产品创新等能力，具有工匠精神和信息素养，能够从事制浆造纸生产操作、设备维护、生产技术管理和调度、清洁生产和污染控制治理、产品分析检验、纸和纸板营销、造纸化学品应用与技术服务等工作的高素质技术技能人才。,https://gaokao.chsi.com.cn/zyk/zybk/detail/73387393
73386820,480103,家具设计与制造,高职（专科）,1060,轻工纺织,106048,轻化工类,10604801,2025,本专业培养掌握本专业知识和技术技能，具备职业综合素质和行动能力，面向家具制造行业的家具设计师、家具制造人员、机械木工职业，能够从事家具设计与产品开发、家具制造与管理、家具营销与服务等工作的高技能人才。,https://gaokao.chsi.com.cn/zyk/zybk/detail/73386820
73387477,480104,鞋类设计与工艺,高职（专科）,1060,轻工纺织,106048,轻化工类,10604801,2025,本专业培养德智体美劳全面发展，掌握扎实的科学文化基础和鞋类产品设计开发、生产加工等知识，具备设计研发、设计表现、设计制作、设计营销等能力，具有工匠精神和信息素养，能够从事鞋类品牌开发、产品设计、打版、工艺与样品制作、鞋楦设计与制作、鞋材开发与应用、鞋类营销与管理等工作的高素质技术技能人才。,https://gaokao.chsi.com.cn/zyk/zybk/detail/73387477
jlq8lhxdnennm2ev,480105,陶瓷制造技术与工艺,高职（专科）,1060,轻工纺织,106048,轻化工类,10604801,2025,本专业培养德智体美劳全面发展，掌握扎实的科学文化基础和陶瓷生产、陶瓷产品检测、陶瓷造型设计、陶瓷窑炉设备运行原理等知识，具备陶瓷生产、相关设备操作与维护、工艺控制等能力，具有工匠精神和信息素养，能够从事陶瓷坯釉料制备、陶瓷成型技术、陶瓷烧成、陶瓷装饰、陶瓷智能制造、陶瓷检测等工作的高素质技术技能人才。,https://gaokao.chsi.com.cn/zyk/zybk/detail/jlq8lhxdnennm2ev
ta4q9gxgl4ozv4c7,480106,珠宝首饰技术与管理,高职（专科）,1060,轻工纺织,106048,轻化工类,10604801,2025,本专业培养德智体美劳全面发展，掌握扎实的科学文化基础和饰用贵金属材料、首饰生产制造技术、珠宝玉石鉴定等知识，具备珠宝首饰数字化建模、珠宝首饰现代化制造、珠宝首饰生产管理、珠宝首饰鉴定与质量评价、珠宝首饰工艺改进及工艺创新等能力，具有诚信精神、工匠精神和信息素养，能够从事珠宝首饰计算机起版、珠宝首饰生产制造、珠宝首饰企业管理、珠宝首饰质量控制与检验等工作的高素质技术技能人才。,https://gaokao.chsi.com.cn/zyk/zybk/detail/ta4q9gxgl4ozv4c7
213768903,480107,皮革加工技术,高职（专科）,1060,轻工纺织,106048,轻化工类,10604801,2025,本专业培养德智体美劳全面发展，掌握扎实的科学文化基础和皮革、毛皮加工、生产管理等知识，具备较强的生产工艺操作、生产管理、质量检测与分析能力和一定的技术开发和技术服务能力，具有工匠精神和信息素养，能够从事皮革、毛皮生产过程检测、生产管理、产品检测、设备操作、智能设备维护、产品营销、商品检验、技术服务、技术研发、产品护理等工作的高素质技术技能人才。,https://gaokao.chsi.com.cn/zyk/zybk/detail/213768903
73387397,480108,皮具制作与工艺,高职（专科）,1060,轻工纺织,106048,轻化工类,10604801,2025,本专业培养掌握本专业知识和技术技能，具备职业综合素质和行动能力，面向皮革、毛皮、羽毛及其制品和制鞋行业的皮革、毛皮及其制品加工人员等职业，能够从事皮具样板表现、皮具出格、皮具工艺、皮具制作、皮具贸易跟单、皮具质检等工作的高技能人才。,https://gaokao.chsi.com.cn/zyk/zybk/detail/73387397
l4pk1qwnrqy5998l,480109,乐器制造与维护,高职（专科）,1060,轻工纺织,106048,轻化工类,10604801,2025,本专业培养德智体美劳全面发展，掌握扎实的科学文化基础和乐器制作、机械制图、基础乐理等知识，具备乐器及零部件制作、乐器维修与养护、乐器制图等能力，具有工匠精神和信息素养，能够从事乐器制作、乐器维修等工作的高素质技术技能人才。,https://gaokao.chsi.com.cn/zyk/zybk/detail/l4pk1qwnrqy5998l
164250680,480110,香料香精技术与工艺,高职（专科）,1060,轻工纺织,106048,轻化工类,10604801,2025,本专业培养德智体美劳全面发展，掌握扎实的科学文化基础和辨香与评香、香原料生产技术、香精配方结构、香料香精性能与检验、日用化学品等知识，具备香料香精生产及工艺条件控制、香精调配、香料香精质量检验、加香应用、产品营销等能力，具有工匠精神和信息素养，能够从事天然香料提取、合成香料生产与事故处理、香精配制与调香、香料香精质量检验、加香、香料香精产品营销等工作的高素质技术技能人才。,https://gaokao.chsi.com.cn/zyk/zybk/detail/164250680
320924616,480111,表面精饰工艺,高职（专科）,1060,轻工纺织,106048,轻化工类,10604801,2025,本专业培养德智体美劳全面发展，掌握扎实的科学文化基础和金属材料、材料表面处理、数字化应用、清洁生产等知识，具备智能化电镀生产操作、产品检测及质量控制管理、镀液和镀层性能分析、现代清洁生产操控等能力，具有工匠精神和信息素养，能够从事电镀生产线操控、电镀生产综合管理、安全环保管理、检测与技术开发等工作的高素质技术技能人才。,https://gaokao.chsi.com.cn/zyk/zybk/detail/320924616
9w73xx0ecioo0yv9,480201,包装工程技术,高职（专科）,1060,轻工纺织,106048,包装类,10604802,2025,本专业培养德智体美劳全面发展，掌握扎实的科学文化基础和销售包装设计、包装产品质量检测、包装制品生产与管理等知识，具备包装制品设计、生产、检测等能力，具有工匠精神和信息素养，能够从事包装制品设计、包装质量检测、智能包装生产设备操作与维护等工作的高素质技术技能人才。,https://gaokao.chsi.com.cn/zyk/zybk/detail/9w73xx0ecioo0yv9
g5taey5x6j3pw1q6,480202,包装策划与设计,高职（专科）,1060,轻工纺织,106048,包装类,10604802,2025,本专业培养德智体美劳全面发展，掌握扎实的科学文化基础和包装设计方法、包装测试规范、包装管理等知识，具备品牌包装策划、包装整体设计、包装管理等能力，具有工匠精神和信息素养，能够从事品牌包装策划、产品包装设计、防护包装验证、包装项目管理等工作的高素质技术技能人才。,https://gaokao.chsi.com.cn/zyk/zybk/detail/g5taey5x6j3pw1q6
73387609,480301,数字印刷技术,高职（专科）,1060,轻工纺织,106048,印刷类,10604803,2025,本专业培养德智体美劳全面发展，掌握扎实的科学文化基础和印刷色彩、数字印刷原理及工艺、可变数据印刷、数字印刷设备、图形图像复制等知识，具备数字印刷生产、经营、管理等能力，具有工匠精神、创新精神和信息素养，能够从事数字印前制作与设计、数字印刷工艺设计、印前校色、数字印刷设备操作与维护、数字印刷产品质量检测、数字印刷经营与管理等工作的高素质技术技能人才。,https://gaokao.chsi.com.cn/zyk/zybk/detail/73387609
klbfjpe3d7jbjhna,480302,印刷媒体技术,高职（专科）,1060,轻工纺织,106048,印刷类,10604803,2025,本专业培养掌握本专业知识和技术技能，具备职业综合素质和行动能力，面向印刷和记录媒介复制行业的印前制作、印刷操作、印后制作、质量管控、智能控制等技术领域，能够从事印前制作、印刷生产、印后加工和质量管理及智能控制等工作的高技能人才。,https://gaokao.chsi.com.cn/zyk/zybk/detail/klbfjpe3d7jbjhna
t40obf9r3l9e4a9q,480303,印刷数字图文技术,高职（专科）,1060,轻工纺织,106048,印刷类,10604803,2025,本专业培养掌握本专业知识和技术技能，具备职业综合素质和行动能力，面向印刷和记录媒介复制行业的印前处理与制作、平面设计、印前输出、色彩管理与控制、数字印刷等岗位群，能够从事印前图文输入、处理、设计制作、完稿输出、数字印刷等工作的高技能人才。,https://gaokao.chsi.com.cn/zyk/zybk/detail/t40obf9r3l9e4a9q
73387581,480304,印刷设备应用技术,高职（专科）,1060,轻工纺织,106048,印刷类,10604803,2025,本专业培养德智体美劳全面发展，掌握扎实的科学文化基础和印刷设备结构、机械和电气设备检测、数字化和智能化等知识，具备高端印刷设备安装、调试和操作等能力，具有工匠精神和信息素养，能够从事印刷设备操作、智能化改造和售后技术服务等工作的高素质技术技能人才。,https://gaokao.chsi.com.cn/zyk/zybk/detail/73387581
73387405,480401,现代纺织技术,高职（专科）,1060,轻工纺织,106048,纺织服装类,10604804,2025,本专业培养德智体美劳全面发展，掌握扎实的科学文化基础和现代信息技术、数字化控制技术、纺织材料、纺织生产技术与管理、纺织面料设计、纺织品跟单与贸易等知识，具备纺织原料与产品检测、纺织工艺设计与实施、纺织面料设计、纺织品营销等能力，具有工匠精神和信息素养，能够从事纺织原料检验与采购、纺织工艺设计、智能化纺织设备维护与管理、纺织面料开发、纺织品营销等工作的高素质技术技能人才。,https://gaokao.chsi.com.cn/zyk/zybk/detail/73387405
2u7zideyvicjh93z,480402,服装设计与工艺,高职（专科）,1060,轻工纺织,106048,纺织服装类,10604804,2025,本专业培养掌握本专业知识和技术技能，具备职业综合素质和行动能力，面向纺织服装行业的服装制版、服装设计、服装智造、服装生产管理等岗位群，能够从事服装产品设计、样板设计、服装工艺设计、服装智能生产管理、服装跟单等工作的高技能人才。,https://gaokao.chsi.com.cn/zyk/zybk/detail/2u7zideyvicjh93z
73387413,480403,丝绸技术,高职（专科）,1060,轻工纺织,106048,纺织服装类,10604804,2025,本专业培养德智体美劳全面发展，掌握扎实的科学文化基础和丝绸数字化生产管理、丝绸产品检测、丝绸贸易等知识，具备丝绸产品质量分析、控制等能力，具有工匠精神和信息素养，能够从事丝绸生产调度及智能优化、丝织品检测、纺织面料设计、织物分析、丝绸产品贸易等工作的高素质技术技能人才。,https://gaokao.chsi.com.cn/zyk/zybk/detail/73387413
73387409,480404,针织技术与针织服装,高职（专科）,1060,轻工纺织,106048,纺织服装类,10604804,2025,本专业培养德智体美劳全面发展，掌握针织服装设计原理、纬编与经编技术原理、针织服装工艺制作原理等知识，具备针织服装设计、针织服装 3D 建模、纬编工艺设计、经编工艺设计、针织面料设计、针织类服饰品设计、针织服装生产管理等能力，具有工匠精神和信息素养，能够从事针织面料的生产与研发、针织服装的设计与生产、针织贸易、车间管理、产品质量管理等工作的高素质技术技能人才。,https://gaokao.chsi.com.cn/zyk/zybk/detail/73387409
73387385,480405,数字化染整技术,高职（专科）,1060,轻工纺织,106048,纺织服装类,10604804,2025,本专业培养掌握本专业知识和技术技能，具备职业综合素质和行动能力，面向纺织业染整工程技术人员岗位群，能够从事染整技术开发、产品生产与管理、数字化技术应用、品质管控、色彩数字化管理、智能化染整设备应用、染化料分析检测、纺织贸易、数字化设备软件及染化料营销等工作的高技能人才。,https://gaokao.chsi.com.cn/zyk/zybk/detail/73387385
73387437,480406,纺织品设计,高职（专科）,1060,轻工纺织,106048,纺织服装类,10604804,2025,本专业培养德智体美劳全面发展，掌握扎实的科学文化基础和纺织材料、纺织品色彩图案和纺织品生产工艺等知识，具备纺织品流行趋势把握、纺织品色彩图案的手绘设计或借助软件进行设计、纺织材料和新材料应用、纺织品生产工艺制订和新产品研发等能力，具有工匠精神和信息素养，能够从事纺织品图案设计、面料设计、家纺设计等工作的高素质技术技能人才。,https://gaokao.chsi.com.cn/zyk/zybk/detail/73387437
73387453,480407,现代家用纺织品设计,高职（专科）,1060,轻工纺织,106048,纺织服装类,10604804,2025,本专业培养德智体美劳全面发展，掌握扎实的科学文化基础和家纺材料、家纺图案设计、家纺工艺与制作、家纺生产及销售等知识，具备家纺面料设计、家纺款式设计、家纺产品造型设计、家居配套设计、家纺销售等能力，具有工匠精神和信息素养，能够从事家纺花型设计、面料设计、产品款式设计、室内配套设计、家纺面料销售等工作的高素质技术技能人才。,https://gaokao.chsi.com.cn/zyk/zybk/detail/73387453
73387457,480408,纺织材料与应用,高职（专科）,1060,轻工纺织,106048,纺织服装类,10604804,2025,本专业培养德智体美劳全面发展，掌握扎实的科学文化基础和纺织材料基本性能、加工工艺、后整理与检测等知识，具备纺织材料及产品检测、加工及整理工艺设计、纺织生产管理等能力，具有工匠精神和信息素养，能够从事纺织材料及产品检测、纺织生产工艺设计、纺织品后整理等工作的高素质技术技能人才。,https://gaokao.chsi.com.cn/zyk/zybk/detail/73387457
usxswkmxgtpl9y18,480409,现代非织造技术,高职（专科）,1060,轻工纺织,106048,纺织服装类,10604804,2025,本专业培养掌握本专业知识和技术技能，具备职业综合素质和行动能力，面向非织造自动化装备维护维修、非织造工艺与生产管理、非织造产品检验、非织造产品销售等岗位群，能够从事非织造布装备维护、生产管理、质量检测、销售等工作的高技能人才。,https://gaokao.chsi.com.cn/zyk/zybk/detail/usxswkmxgtpl9y18
73387429,480410,纺织机电技术,高职（专科）,1060,轻工纺织,106048,纺织服装类,10604804,2025,本专业培养德智体美劳全面发展，掌握扎实的科学文化基础和现代纺织设备结构原理、纺织生产工艺、电气控制、机电设备安装工艺学、机电设备故障诊断与维修、生产管理学等知识，具备计算机绘图、计算机辅助设计、电气控制系统设计、钳工、电工等操作能力，具有工匠精神和信息素养，能够从事新型纺织设备设计与生产，纺织设备销售与售后安装维修，新型纺织设备操作、维护、维修与保养，纺织设备信息化升级改造，数字化车间生产运行与管理等工作的高素质技术技能人才。,https://gaokao.chsi.com.cn/zyk/zybk/detail/73387429
73387433,480411,纺织品检验与贸易,高职（专科）,1060,轻工纺织,106048,纺织服装类,10604804,2025,本专业培养德智体美劳全面发展，掌握扎实的科学文化基础和纺织服装产品通用检测标准与测试评价方法、基本生产和质量控制技术、贸易流程与营销商务等知识，具备纺织服装产品检验鉴定认证、品质评定、生产管理与质量控制、外贸跟单、市场营销、电子商务等能力，具有工匠精神和信息素养，能够从事纺织服装产品质量检验、进出口商品检验鉴定、市场营销、电子商务等工作的高素质技术技能人才。,https://gaokao.chsi.com.cn/zyk/zybk/detail/73387433
lvpf6r567z5vihxp,480412,皮革服装制作与工艺,高职（专科）,1060,轻工纺织,106048,纺织服装类,10604804,2025,本专业培养德智体美劳全面发展，掌握扎实的科学文化基础和皮革服装图案、皮革服装工艺、皮革服装结构样板、皮革服装 CAD 制版、皮革服装款式设计、皮革服装配饰设计、皮革服装生产管理等知识，具备皮革服装手绘和 CAD 制版、皮革服装材料应用、皮革服装制作等能力，具有工匠精神和信息素养，能够从事皮革服装工艺、皮革服装 CAD 制版、皮革服装款式及配饰设计、皮革服装生产管理、皮革服装数字化营销、皮革服装高级定制等工作的高素质技术技能人才。,https://gaokao.chsi.com.cn/zyk/zybk/detail/lvpf6r567z5vihxp
73387489,490101,食品智能加工技术,高职（专科）,1060,食品药品与粮食,106049,食品类,10604901,2025,本专业培养掌握本专业知识和技术技能，具备职业综合素质和行动能力，面向农副食品加工，食品制造，酒、饮料和精制茶制造，专业技术服务行业的食品生产、食品质量管理、食品检验检测、食品产品研发岗位（群），能够从事食品智能加工、食品质量管理、食品检验检测、食品产品研发等工作的高技能人才。,https://gaokao.chsi.com.cn/zyk/zybk/detail/73387489
213768919,490102,食品质量与安全,高职（专科）,1060,食品药品与粮食,106049,食品类,10604901,2025,本专业培养掌握本专业知识和技术技能，具备职业综合素质和行动能力，面向食品制造和质检技术服务行业的质量管理工程技术人员、质量认证认可工程技术人员、食品安全管理师等职业，能够从事食品质量安全控制、食品质量安全管理体系审核和食品安全监督管理等工作的高技能人才。,https://gaokao.chsi.com.cn/zyk/zybk/detail/213768919
px0xuypk4zaweg39,490103,食品营养与健康,高职（专科）,1060,食品药品与粮食,106049,食品类,10604901,2025,本专业培养掌握本专业知识和技术技能，具备职业综合素质和行动能力，面向健康咨询、餐饮、营养食品制造、保健食品制造等行业的健康咨询服务人员、餐饮服务人员、食品生产加工人员、检验试验人员等职业，能够从事营养咨询与教育、营养膳食设计与配餐、营养食品加工与检测、健康信息采集与管理等工作的高技能人才。,https://gaokao.chsi.com.cn/zyk/zybk/detail/px0xuypk4zaweg39
7zzpz0s98sl3s4ke,490104,食品检验检测技术,高职（专科）,1060,食品药品与粮食,106049,食品类,10604901,2025,本专业培养掌握本专业知识和技术技能，具备职业综合素质和行动能力，面向质检技术服务、农副食品加工、食品制造等行业的农产品食品检验员、产品质量检验工程技术人员、质量认证认可工程技术人员等职业，能够从事食品检验检测、实验室管理与服务、食品质量与安全管理等工作的高技能人才。,https://gaokao.chsi.com.cn/zyk/zybk/detail/7zzpz0s98sl3s4ke
73387525,490105,酿酒技术,高职（专科）,1060,食品药品与粮食,106049,食品类,10604901,2025,本专业培养德智体美劳全面发展，掌握扎实的科学文化基础和微生物培养、酒类酿造、酒类检验检测及相关法律法规等知识，具备酒类质量分析、酒体风味设计、酒类市场营销等能力，具有工匠精神和信息素养，能够从事酒类生产管理、酒体设计与技术研发辅助、酒类销售等工作的高素质技术技能人才。,https://gaokao.chsi.com.cn/zyk/zybk/detail/73387525
73387497,490106,食品贮运与营销,高职（专科）,1060,食品药品与粮食,106049,食品类,10604901,2025,本专业培养德智体美劳全面发展，掌握扎实的科学文化基础和食品贮藏与保鲜、食品运输配送、冷链物流、食品营销策划等知识，具备食品包装、贮藏保鲜、检验分析等能力，具有工匠精神和信息素养，能够从事食品贮藏与保管、食品物流服务、食品营销与策划、食品数字化运营等工作的高素质技术技能人才。,https://gaokao.chsi.com.cn/zyk/zybk/detail/73387497
02iwjvk9ok30qz3f,490107,咖啡加工与应用技术,高职（专科）,1060,食品药品与粮食,106049,食品类,10604901,,,https://gaokao.chsi.com.cn/zyk/zybk/detail/02iwjvk9ok30qz3f
9lxrneszo3nmgvmm,490201,药品生产技术,高职（专科）,1060,食品药品与粮食,106049,药品与医疗器械类,10604902,2025,本专业培养掌握本专业知识和技术技能，具备职业综合素质和行动能力，面向医药制造行业的化学原料药制造人员、中药饮片加工人员、药物制剂人员、生物药品制造人员等职业，能够从事药品安全规范生产、质量管理及物料管理等工作的高技能人才。,https://gaokao.chsi.com.cn/zyk/zybk/detail/9lxrneszo3nmgvmm
886g0zu4031qd97g,490202,生物制药技术,高职（专科）,1060,食品药品与粮食,106049,药品与医疗器械类,10604902,2025,本专业培养掌握本专业知识和技术技能，具备职业综合素质和行动能力，面向医药制造行业的生化药品制造工、发酵工程制药工、疫苗制品工、基因工程药品生产工等职业，能够从事细胞培养、菌种培育、微生物发酵、生物药品分离纯化和生物药品生产质量控制等工作的高技能人才。,https://gaokao.chsi.com.cn/zyk/zybk/detail/886g0zu4031qd97g
0ioiye7t0nbja72e,490203,药物制剂技术,高职（专科）,1060,食品药品与粮食,106049,药品与医疗器械类,10604902,2025,本专业培养掌握本专业知识和技术技能，具备职业综合素质和行动能力，面向医药制造行业的药物制剂人员职业，能够从事药品生产操作、药品生产质量管理及药品质量控制等工作的高技能人才。,https://gaokao.chsi.com.cn/zyk/zybk/detail/0ioiye7t0nbja72e
na3eped7zx30gdji,490204,化学制药技术,高职（专科）,1060,食品药品与粮食,106049,药品与医疗器械类,10604902,2025,本专业培养掌握本专业知识和技术技能，具备职业综合素质和行动能力，面向医药制造业的化学药品原料药制造人员、试验员、安全生产管理人员、药物检验员等职业，能够从事化学原料药制造、化学药物研发、安全生产管理及药物质量检验等工作的高技能人才。,https://gaokao.chsi.com.cn/zyk/zybk/detail/na3eped7zx30gdji
73385620,490205,兽药制药技术,高职（专科）,1060,食品药品与粮食,106049,药品与医疗器械类,10604902,2025,本专业培养德智体美劳全面发展，掌握扎实的科学文化基础和药物化学、动物药理、仪器分析、兽药制剂等知识，具备化学合成药物生产、中药炮制与提取、兽药制剂生产和质量控制等能力，具有工匠精神和信息素养，能够从事化学药物合成、中药提取、抗生素发酵、兽药制剂生产、兽药质量检测等工作的高素质技术技能人才。,https://gaokao.chsi.com.cn/zyk/zybk/detail/73385620
e1d36dt5kefa4vel,490206,药品质量与安全,高职（专科）,1060,食品药品与粮食,106049,药品与医疗器械类,10604902,2025,本专业培养掌握本专业知识和技术技能，具备职业综合素质和行动能力，面向医药行业的药物检验员、药师等职业，能够从事药品质量检验、药品质量管理等工作的高技能人才。,https://gaokao.chsi.com.cn/zyk/zybk/detail/e1d36dt5kefa4vel
6ty809eglv67mxto,490207,制药设备应用技术,高职（专科）,1060,食品药品与粮食,106049,药品与医疗器械类,10604902,2025,本专业培养掌握本专业知识和技术技能，具备职业综合素质和行动能力，面向医药制造行业的医药制造人员、智能制造工程技术人员等职业，能够从事设备运行与维护、设备维修、设备管理等工作的高技能人才。,https://gaokao.chsi.com.cn/zyk/zybk/detail/6ty809eglv67mxto
73386116,490208,药品经营与管理,高职（专科）,1060,食品药品与粮食,106049,药品与医疗器械类,10604902,2025,本专业培养掌握本专业知识和技术技能，具备职业综合素质和行动能力，面向医药批发、零售行业的药师、医药商品购销员等职业，能够从事药品采购、药品销售与服务、用药咨询与指导、药品储存与运输管理、药品质量管理、药店运营管理等工作的高技能人才。,https://gaokao.chsi.com.cn/zyk/zybk/detail/73386116
1h4hsfjij10yju5p,490209,食品药品监督管理,高职（专科）,1060,食品药品与粮食,106049,药品与医疗器械类,10604902,2025,本专业培养掌握本专业知识和技术技能，具备职业综合素质和行动能力，面向食品药品行业的食品安全管理师、药师等职业，能够从事食品药品合规管理、注册管理等工作的高技能人才。,https://gaokao.chsi.com.cn/zyk/zybk/detail/1h4hsfjij10yju5p
15ybx62bl9383ma9,490210,智能医疗装备技术,高职（专科）,1060,食品药品与粮食,106049,药品与医疗器械类,10604902,2025,本专业培养掌握本专业知识和技术技能，具备职业综合素质和行动能力，面向医疗仪器设备及器械制造行业的医疗器械装配工、智能硬件装调员、医学设备管理工程技术人员等职业，能够从事智能医疗装备软硬件装配调试、装备应用和故障分析排除、按照装备操作规范进行质量检测等工作的高技能人才。,https://gaokao.chsi.com.cn/zyk/zybk/detail/15ybx62bl9383ma9
xfyl50fdc3ojt3nv,490211,医用电子仪器技术,高职（专科）,1060,食品药品与粮食,106049,药品与医疗器械类,10604902,2025,本专业培养掌握本专业知识和技术技能，具备职业综合素质和行动能力，面向医疗仪器设备及器械制造行业的医疗器械装配工、医学设备管理工程技术人员等职业，能够从事医用电子仪器生产工艺管理、装配调试、生产质量管理、维修维护等工作的高技能人才。,https://gaokao.chsi.com.cn/zyk/zybk/detail/xfyl50fdc3ojt3nv
nnuo50318elquyva,490212,医用材料与应用,高职（专科）,1060,食品药品与粮食,106049,药品与医疗器械类,10604902,2025,本专业培养德智体美劳全面发展，掌握扎实的科学文化基础和医用材料基础、医用高分子材料、医用金属与无机非金属材料及相关法律法规等知识，具备工艺实施、环境维护、数据分析和文件撰写等能力，具有工匠精神和信息素养，能够从事医用材料产品的成型加工、检验检测、上市注册、质量体系管理、销售及售后服务工作的高素质技术技能人才。,https://gaokao.chsi.com.cn/zyk/zybk/detail/nnuo50318elquyva
73386800,490213,医疗器械维护与管理,高职（专科）,1060,食品药品与粮食,106049,药品与医疗器械类,10604902,2025,本专业培养德智体美劳全面发展，掌握扎实的科学文化基础和常用医疗器械检测、注册管理、生产质量管理及相关法律法规等知识，具备医疗器械和相关检验仪器的操作、质量检测与控制、质量管理资料编制与整理等能力，具有工匠精神和信息素养，能够从事医疗器械产品质量检验、医疗器械分析和测试、医疗器械维护和故障排查维修等工作的高素质技术技能人才。,https://gaokao.chsi.com.cn/zyk/zybk/detail/73386800
dx91g2rd15bq55pj,490214,医疗器械经营与服务,高职（专科）,1060,食品药品与粮食,106049,药品与医疗器械类,10604902,2025,本专业培养掌握本专业知识和技术技能，具备职业综合素质和行动能力，面向医药及医疗器材批发、医药及医疗器材专门零售行业的医药商品购销员、市场营销专业人员、电子商务师、供应链管理师、质量管理工程技术人员等职业，能够从事医疗器械销售与管理、医疗器械市场营销、医疗器械电子商务、医疗器械供应链管理、医疗器械经营质量管理、医疗器械售后服务工作的高技能人才。,https://gaokao.chsi.com.cn/zyk/zybk/detail/dx91g2rd15bq55pj
73387965,490215,康复工程技术,高职（专科）,1060,食品药品与粮食,106049,药品与医疗器械类,10604902,2025,本专业培养掌握本专业知识和技术技能，具备职业综合素质和行动能力，面向医疗仪器设备及器械制造行业的机械设计工程技术人员、电子仪器与电子测量工程技术人员、康复辅助技术咨询师等职业，能够从事康复辅助器具设计改造、康复辅助器具装配调试等工作的高技能人才。,https://gaokao.chsi.com.cn/zyk/zybk/detail/73387965
73386120,490216,保健食品质量与管理,高职（专科）,1060,食品药品与粮食,106049,药品与医疗器械类,10604902,2025,本专业培养德智体美劳全面发展，掌握扎实的科学文化基础和保健食品生产、保健食品检验、保健食品开发设计等知识，具备保健食品智能生产、品质控制、质量检验、产品开发等能力，具有工匠精神和信息素养，能够从事保健食品生产操作和设备故障处理、生产质量控制、质量检验等工作的高素质技术技能人才。,https://gaokao.chsi.com.cn/zyk/zybk/detail/73386120
c3icrx7ul1w8gw18,490217,化妆品经营与管理,高职（专科）,1060,食品药品与粮食,106049,药品与医疗器械类,10604902,2025,本专业培养德智体美劳全面发展，掌握扎实的科学文化基础和化妆品市场分析、化妆品产品策划、化妆品销售、美容化妆品门店管理及相关法律法规等知识，具备化妆品市场调研与开发、化妆品产品策划与推广、美容行业的业态管理与运营等能力，具有工匠精神和信息素养，能够从事市场调研与开发、产品销售与服务、新媒体营销、业态管理与运营等工作的高素质技术技能人才。,https://gaokao.chsi.com.cn/zyk/zybk/detail/c3icrx7ul1w8gw18
k6v3bu21nwauek3o,490218,化妆品质量与安全,高职（专科）,1060,食品药品与粮食,106049,药品与医疗器械类,10604902,2025,本专业培养掌握本专业知识和技术技能，具备职业综合素质和行动能力，面向化妆品制造行业的日用化工工程技术人员、化妆品配方师等职业，能够从事化妆品的原料管理、工艺生产、质量控制、功效评价、产品备案等工作的高技能人才。,https://gaokao.chsi.com.cn/zyk/zybk/detail/k6v3bu21nwauek3o
73387513,490301,粮食工程技术与管理,高职（专科）,1060,食品药品与粮食,106049,粮食类,10604903,2025,本专业培养掌握本专业知识和技术技能，具备职业综合素质和行动能力，面向农副食品加工行业的制米工、制粉工、制油工、饲料加工工和农产品食品检验员等职业，能够从事大米生产操作、面粉生产操作、油脂生产操作、饲料生产操作、粮油饲料生产检验、粮食加工生产管理和生产质量管理等工作的高技能人才。,https://gaokao.chsi.com.cn/zyk/zybk/detail/73387513
73387529,490302,粮食储运与质量安全,高职（专科）,1060,食品药品与粮食,106049,粮食类,10604903,2025,本专业培养掌握本专业知识和技术技能，具备职业综合素质和行动能力，面向谷物、棉花等农产品仓储，质检技术服务行业的（粮油）仓储管理员、农产品食品检验员、农产品经纪人和农产品购销员等职业，能够从事粮食仓储管理、粮食质量与安全评价、粮食营销、生产与技术管理等工作的高技能人才。,https://gaokao.chsi.com.cn/zyk/zybk/detail/73387529
73385792,500101,铁道工程技术,高职（专科）,1060,交通运输,106050,铁道运输类,10605001,2025,本专业培养掌握本专业知识和技术技能，具备职业综合素质和行动能力，面向铁路运输业、土木工程建筑业的铁道工务工程技术人员、铁路建筑工程技术人员和铁路线桥工等岗位（群），能够从事铁路路基、桥隧、轨道等建设、维护、管理等工作的高技能人才。,https://gaokao.chsi.com.cn/zyk/zybk/detail/73385792
1kb7k10lwnvt4p9w,500102,高速铁路施工与维护,高职（专科）,1060,交通运输,106050,铁道运输类,10605001,2025,本专业培养掌握本专业知识和技术技能，具备职业综合素质和行动能力，面向土木工程建筑业和铁路运输业的铁路建筑工程技术人员、铁道工务工程技术人员、铁路线桥工等岗位（群），能够从事高速铁路工程的施工、维护、检测和管理等工作的高技能人才。,https://gaokao.chsi.com.cn/zyk/zybk/detail/1kb7k10lwnvt4p9w
o49g8us67uz1dizn,500103,铁道桥梁隧道工程技术,高职（专科）,1060,交通运输,106050,铁道运输类,10605001,2025,本专业培养掌握本专业知识和技术技能，具备职业综合素质和行动能力，面向铁路运输业的铁道工务工程技术人员、铁路线桥工岗位（群），土木工程建筑业的铁路工程技术人员，能够从事铁道桥梁隧道施工管理、运营维护工作的高技能人才。,https://gaokao.chsi.com.cn/zyk/zybk/detail/o49g8us67uz1dizn
1ph5fdr9q0syapo5,500104,铁道养路机械应用技术,高职（专科）,1060,交通运输,106050,铁道运输类,10605001,2025,本专业培养掌握本专业知识和技术技能，具备职业综合素质和行动能力，面向铁路运输行业的铁道工务工程技术人员、铁路自轮运转设备工及大型线路机械司机、机械设备修理人员等岗位（群），能够从事铁路大型养路机械驾驶、作业及维修工作的高技能人才。,https://gaokao.chsi.com.cn/zyk/zybk/detail/1ph5fdr9q0syapo5
73385780,500105,铁道机车运用与维护,高职（专科）,1060,交通运输,106050,铁道运输类,10605001,2025,本专业培养掌握本专业知识和技术技能，具备职业综合素质和行动能力，面向铁路运输行业的铁道机车运用与维护职业，能够从事机车运用、机车检修、机车整备等工作的高技能人才。,https://gaokao.chsi.com.cn/zyk/zybk/detail/73385780
73385776,500106,铁道车辆技术,高职（专科）,1060,交通运输,106050,铁道运输类,10605001,2025,本专业培养掌握本专业知识和技术技能，具备职业综合素质和行动能力，面向铁路运输行业的铁道车辆制修工、铁路机车车辆制动钳工等岗位（群），能够从事铁道车辆检修、运用和制造等工作的高技能人才。,https://gaokao.chsi.com.cn/zyk/zybk/detail/73385776
73385772,500107,铁道供电技术,高职（专科）,1060,交通运输,106050,铁道运输类,10605001,2025,本专业培养德智体美劳全面发展，掌握扎实的科学文化基础和电学、力学、接触网、电力线路、变配电所和电气试验等知识，具备轨道交通供电线路及变配电设备运行、检修和施工等能力，具有工匠精神和信息素养，能够从事接触网、铁路电力线路、轨道交通变配电所和动力照明等供电设施的安装、调试、维修、保养、运行分析和调度指挥等工作的高素质技术技能人才。,https://gaokao.chsi.com.cn/zyk/zybk/detail/73385772
gpxsooox362a4stl,500108,动车组检修技术,高职（专科）,1060,交通运输,106050,铁道运输类,10605001,2025,本专业培养德智体美劳全面发展，掌握扎实的科学文化基础和动车组机械装置、牵引、制动、辅助、网络系统的构造、作用原理等知识，具备动车组各系统组装调试、监控处理动车组运行状态、处理故障等能力，具有工匠精神和信息素养，能够从事动车组运行保障、动车组乘务及故障处理、动车组入厂（库）检修、动车组制造等工作的高素质技术技能人才。,https://gaokao.chsi.com.cn/zyk/zybk/detail/gpxsooox362a4stl
4f4o66xf3tw0ua9p,500109,高速铁路综合维修技术,高职（专科）,1060,交通运输,106050,铁道运输类,10605001,2025,本专业培养掌握本专业知识和技术技能，具备职业综合素质和行动能力，面向铁路运输业的铁路线桥工、铁路综合维修工、牵引电力线路安装维护工、轨道交通通信工和轨道交通信号工等职业，能够从事高铁基础设施的检测、施工、维修和保养（综合维修）等工作的高技能人才。,https://gaokao.chsi.com.cn/zyk/zybk/detail/4f4o66xf3tw0ua9p
qwodhaxhpkwfp2rn,500110,铁道信号自动控制,高职（专科）,1060,交通运输,106050,铁道运输类,10605001,2025,本专业培养德智体美劳全面发展，掌握扎实的科学文化基础和铁路信号设备基本结构、工作原理、功能作用、技术指标、维护标准和施工工艺等知识，具备铁路信号设备（系统）操作、测试、检修、故障处理及装调等能力，具有工匠精神和信息素养，能够从事铁路信号运用及维修养护、工程施工、技术管理等工作的高素质技术技能人才。,https://gaokao.chsi.com.cn/zyk/zybk/detail/qwodhaxhpkwfp2rn
auin7kvzmcnzodmu,500111,铁道通信与信息化技术,高职（专科）,1060,交通运输,106050,铁道运输类,10605001,2025,本专业培养德智体美劳全面发展，掌握扎实的科学文化基础和铁路通信与信息化系统的基本结构、工作原理、技术规范、维护标准等知识，具备铁路通信设备和计算机网络设备的安装、调试、日常维护检修、故障处理等能力，具有工匠精神和信息素养，能够从事铁路通信和信息系统运用及维修养护、铁路通信工程施工与管理等工作的高素质技术技能人才。,https://gaokao.chsi.com.cn/zyk/zybk/detail/auin7kvzmcnzodmu
73385788,500112,铁道交通运营管理,高职（专科）,1060,交通运输,106050,铁道运输类,10605001,2025,本专业培养掌握本专业知识和技术技能，具备职业综合素质和行动能力，面向铁路运输业的轨道交通运输机械设备操作人员、轨道交通运输服务人员等岗位（群），能够从事车站值班员、车站调度员、列车调度员、调车长、客运值班员、货装值班员等工作的高技能人才。,https://gaokao.chsi.com.cn/zyk/zybk/detail/73385788
213780881,500113,高速铁路客运服务,高职（专科）,1060,交通运输,106050,铁道运输类,10605001,2025,本专业培养掌握本专业知识和技术技能，具备职业综合素质和行动能力，面向铁路旅客运输行业的铁路列车乘务员、铁路车站客运服务员等职业，能够从事高速铁路客运服务工作的高技能人才。,https://gaokao.chsi.com.cn/zyk/zybk/detail/213780881
agbyzaqlp1zh9zad,500114,轨道车辆智能运维技术,高职（专科）,1060,交通运输,106050,铁道运输类,10605001,,,https://gaokao.chsi.com.cn/zyk/zybk/detail/agbyzaqlp1zh9zad
73385732,500201,道路与桥梁工程技术,高职（专科）,1060,交通运输,106050,道路运输类,10605002,2025,本专业培养掌握本专业知识和技术技能，具备职业综合素质和行动能力，面向道路、隧道和桥梁工程建筑行业的道路与桥梁工程技术人员、项目管理工程技术人员等职业，能够从事道路桥梁工程测量、施工组织、施工质量检测、工程项目管理、安全生产管理等工作的高技能人才。,https://gaokao.chsi.com.cn/zyk/zybk/detail/73385732
73385748,500202,道路机械化施工技术,高职（专科）,1060,交通运输,106050,道路运输类,10605002,2025,本专业培养德智体美劳全面发展，掌握扎实的科学文化基础和道路施工机械结构与运维、道路机械化施工与养护技术等知识，具备道路机械化施工与养护、工程机械设备数字化管理和运维、机械设备操作与维护等能力，具有工匠精神和信息素养，能够从事道路、桥梁、隧道机械化施工与养护、工程机械使用与管理、工程机械操作与维护等工作的高素质技术技能人才。,https://gaokao.chsi.com.cn/zyk/zybk/detail/73385748
1w22qswqf3zx6k00,500203,智能工程机械运用技术,高职（专科）,1060,交通运输,106050,道路运输类,10605002,2025,本专业培养掌握本专业知识和技术技能，具备职业综合素质和行动能力，面向道路、隧道和桥梁工程建筑，机械和设备修理等行业的工程机械技术服务、设备维修、设备管理、智能设备运维等岗位（群），能够从事工程机械运维、故障检测、修理、运用管理等工作的高技能人才。,https://gaokao.chsi.com.cn/zyk/zybk/detail/1w22qswqf3zx6k00
f7bcljeue0vrz2ve,500204,道路工程检测技术,高职（专科）,1060,交通运输,106050,道路运输类,10605002,2025,本专业培养掌握本专业知识和技术技能，具备职业综合素质和行动能力，面向铁路、道路、隧道和桥梁工程建筑，道路运输行业的道路与桥梁工程建筑材料试验检测，道路、隧道与桥梁工程质量检测评定等岗位（群），能够从事道路工程原材料检测、道路工程施工质量检测、桥梁与隧道交竣工检测、道路交竣工、桥梁与隧道施工监控、桥梁隧道运维监测等工作的高技能人才。,https://gaokao.chsi.com.cn/zyk/zybk/detail/f7bcljeue0vrz2ve
tt0ugyqbrto889b3,500205,道路工程造价,高职（专科）,1060,交通运输,106050,道路运输类,10605002,2025,本专业培养掌握本专业知识和技术技能，具备职业综合素质和行动能力，面向道路、隧道和桥梁工程建筑，工程技术与设计服务行业的工程造价工程技术人员、道路与桥梁工程技术人员等职业，能够从事工程造价计价、定价、管理、咨询服务和施工计划、施工技术方案编制等工作的高技能人才。,https://gaokao.chsi.com.cn/zyk/zybk/detail/tt0ugyqbrto889b3
73385708,500206,道路养护与管理,高职（专科）,1060,交通运输,106050,道路运输类,10605002,2025,本专业培养德智体美劳全面发展，掌握扎实的科学文化基础和养护工程施工、试验检测、项目管理等知识，具备养护工程测量、试验检测、道路病害处治、施工与组织管理、概预算与招投标、工程监理等能力，具有工匠精神和信息素养，能够从事养护工程测量、施工组织、试验和质量检测、公路技术状况评定、概预算编制、招投标、监理、项目管理、智慧养护系统运维等工作的高素质技术技能人才。,https://gaokao.chsi.com.cn/zyk/zybk/detail/73385708
73385720,500207,智能交通技术,高职（专科）,1060,交通运输,106050,道路运输类,10605002,2025,本专业培养掌握本专业知识和技术技能，具备职业综合素质和行动能力，面向道路运输行业的道路交通运行与控制、交通工程项目管理、交通信息采集与数据处理等岗位（群），能够从事道路智能交通系统装调与运维、交通工程项目数字化管理、交通大数据分析与处理等工作的高技能人才。,https://gaokao.chsi.com.cn/zyk/zybk/detail/73385720
gyvnvxjv3qt5t0oe,500208,道路运输管理,高职（专科）,1060,交通运输,106050,道路运输类,10605002,2025,本专业培养掌握道路运输管理专业知识和技术技能，具备职业综合素质和行动能力，面向道路运输行业的运输生产管理、安全管理、机务管理、运政管理等岗位（群），能够从事运输市场开发、运输作业管理、运输生产组织、运输安全管理与应急处置、营运车辆技术管理、运输数据分析、运输行政管理工作 的高技能人才。,https://gaokao.chsi.com.cn/zyk/zybk/detail/gyvnvxjv3qt5t0oe
73385984,500209,交通运营管理,高职（专科）,1060,交通运输,106050,道路运输类,10605002,2025,本专业培养掌握交通运营管理专业知识和技术技能，具备职业综合素质和行动能力，面向道路运输行业的城市公共交通运营管理、客运枢纽及货运中转站场经营、高速公路运营服务、道路运输安全生产等岗位（群），能够从事城市公共交通行车计划编制、智能调度作业、网约车经营管理、客运枢纽站场管理、货运中转站场管理、道路运输安全管理、高速公路收费监控管理、服务区运营管理等工作的高技能人才。,https://gaokao.chsi.com.cn/zyk/zybk/detail/73385984
gskirhz4bn3lsqzf,500210,汽车技术服务与营销,高职（专科）,1060,交通运输,106050,道路运输类,10605002,2025,本专业培养掌握汽车技术服务与营销专业知识和技术技能，具备职业综合素质和行动能力，面向汽车服务行业的汽车运用工程技术人员、销售人员、售后服务管理员、二手车经纪人、保险服务人员、租赁业务人员等职业，能够从事汽车市场调研、营销活动策划实施、汽车销售（含新媒体销售）、售后服务、二手车鉴定评估、事故车查勘定损、共享出行企业资产管理及运营、汽车销售与运用数据采集分析等工作的高技能人才。,https://gaokao.chsi.com.cn/zyk/zybk/detail/gskirhz4bn3lsqzf
j93f60nfer3d3cbm,500211,汽车检测与维修技术,高职（专科）,1060,交通运输,106050,道路运输类,10605002,2025,本专业培养掌握汽车检测与维修技术专业知识和技术技能，具备职业综合素质和行动能力，面向汽车修理与维护行业的汽车运用工程技术人员、汽车维修工等职业，能够从事汽车维护、汽车机电维修、汽车服务顾问、汽车检测、配件管理、二手车鉴定评估、事故车查勘定损等工作的高技能人才。,https://gaokao.chsi.com.cn/zyk/zybk/detail/j93f60nfer3d3cbm
213783562,500212,新能源汽车检测与维修技术,高职（专科）,1060,交通运输,106050,道路运输类,10605002,2025,本专业培养掌握新能源汽车检测与维修技术专业知识和技术技能，具备职业综合素质和行动能力，面向汽车修理与维护行业的新能源汽车维修技术服务人员、工程技术人员及整车制造人员等职业，能够从事新能源汽车维护、新能源汽车检测与维修、新能源汽车充电设备装调检测与维护等工作的高技能人才。,https://gaokao.chsi.com.cn/zyk/zybk/detail/213783562
73385832,500301,航海技术,高职（专科）,1060,交通运输,106050,水上运输类,10605003,2025,本专业培养德智体美劳全面发展，掌握扎实的科学文化基础和船舶操纵、航行避碰、货物运输、航海气象、航海仪器等知识，具备船舶定位与导航、船舶操纵与避碰、航海仪器操作等能力，具有工匠精神和信息素养，能够从事船舶航行值班、货物操作作业监督、船舶污染防范、通信导航设备操作与维护保养、消防救生设备管理等工作的高素质技术技能人才。,https://gaokao.chsi.com.cn/zyk/zybk/detail/73385832
213780901,500302,港口与航道工程技术,高职（专科）,1060,交通运输,106050,水上运输类,10605003,2025,本专业培养掌握港口与航道工程技术专业知识和技术技能，具备职业综合素质和行动能力，面向水利和水运工程建筑行业的港口与航道工程施工、造价编制和工程项目管理等岗位（群），能够从事港口与航道工程测量、施工管理、造价编制、安全管理、工程监理、试验检测等工作的高技能人才。,https://gaokao.chsi.com.cn/zyk/zybk/detail/213780901
73385848,500303,轮机工程技术,高职（专科）,1060,交通运输,106050,水上运输类,10605003,2025,本专业培养德智体美劳全面发展，掌握扎实的科学文化基础和机械原理、船舶动力装置、轮机辅助系统、船舶电气及相关法律法规等知识，具备对船舶轮机设备进行操作、检测、调试、保养和维修等能力，具有工匠精神和信息素养，能够从事机舱设备操作与管理、轮机设备维护与修理、船舶作业管理、船舶人员管理、海上安全与救生等工作的高素质技术技能人才。,https://gaokao.chsi.com.cn/zyk/zybk/detail/73385848
164255274,500304,国际邮轮乘务管理,高职（专科）,1060,交通运输,106050,水上运输类,10605003,2025,本专业培养掌握国际邮轮乘务管理专业知识和技术技能，具备职业综合素质和行动能力，面向水上运输业的邮轮宾客服务、邮轮客舱服务、邮轮餐饮服务、邮轮休闲娱乐服务等岗位（群），能够从事礼宾、前台、餐厅、酒吧、客舱、娱乐等对客服务与基层管理工作的高技能人才。,https://gaokao.chsi.com.cn/zyk/zybk/detail/164255274
nzhaez59cbn32n8c,500305,水路运输安全管理,高职（专科）,1060,交通运输,106050,水上运输类,10605003,2025,本专业培养掌握本专业知识和技术技能，具备职业综合素质和行动能力，面向水上运输业的水上交通安全管理、体系运行监控、船舶管理、船员管理岗位（群），能够从事水上交通秩序管理、海事调查与分析、安全体系管理、船舶日常管理、船舶证书管理、船舶货运管理、船员调配、船员健康管理工作的高技能人才。,https://gaokao.chsi.com.cn/zyk/zybk/detail/nzhaez59cbn32n8c
7cl6fxdsdii8xe56,500306,港口机械与智能控制,高职（专科）,1060,交通运输,106050,水上运输类,10605003,2025,本专业培养掌握本专业知识和技术技能，具备职业综合素质和行动能力，面向水上运输业、机械和设备修理业的港口设备管理、港口设备操控、港口设备检修岗位（群），能够从事港口设备的操作与维护、诊断与检修、运行与管理工作的高技能人才。,https://gaokao.chsi.com.cn/zyk/zybk/detail/7cl6fxdsdii8xe56
73385960,500307,港口与航运管理,高职（专科）,1060,交通运输,106050,水上运输类,10605003,2025,本专业培养德智体美劳全面发展，掌握扎实的科学文化基础和港口管理、航运管理、船舶代理、货运代理、通关等知识，具备港航业务操作、国际货运代理、船舶代理及进出口关务等能力，具有工匠精神和信息素养，能够从事码头泊位策划、中控调度、船舶配载、揽货、订舱、制单、进出口通关等工作的高素质技术技能人才。,https://gaokao.chsi.com.cn/zyk/zybk/detail/73385960
164255278,500308,船舶电子电气技术,高职（专科）,1060,交通运输,106050,水上运输类,10605003,2025,本专业培养掌握本专业知识和技术技能，具备职业综合素质和行动能力，面向水上运输业的船舶电子电气设备运维、船舶操作控制系统运维等岗位（群），能够从事船舶电子电气设备和船舶操作控制系统的运行监控、维护、修理工作的高技能人才。,https://gaokao.chsi.com.cn/zyk/zybk/detail/164255278
73385856,500309,船舶检验,高职（专科）,1060,交通运输,106050,水上运输类,10605003,2025,本专业培养德智体美劳全面发展，掌握扎实的科学文化基础和船舶结构制图、船舶建造、测试检验等知识，具备识读工程图样、检验船体结构件、测试船舶设备、评定焊接样件等能力，具有工匠精神和信息素养，能够从事船舶及其设备的技术状况检验、审核、测试、鉴定等工作的高素质技术技能人才。,https://gaokao.chsi.com.cn/zyk/zybk/detail/73385856
73385948,500310,集装箱运输管理,高职（专科）,1060,交通运输,106050,水上运输类,10605003,2025,本专业培养掌握本专业知识和技术技能，具备职业综合素质和行动能力，面向水上运输业、多式联运和运输代理业的集装箱装卸与运输业务管理、集装箱货物运输代理岗位（群），能够从事集装箱装卸与运输作业计划编制、堆场管理、运输单证办理、运输揽货配货工作的高技能人才。,https://gaokao.chsi.com.cn/zyk/zybk/detail/73385948
73385876,500401,民航运输服务,高职（专科）,1060,交通运输,106050,航空运输类,10605004,2025,本专业培养掌握本专业知识和技术技能，具备职业综合素质和行动能力，面向航空运输行业的航空运输服务人员职业，能够从事民航客运员、民航货运员和运输代理服务员工作的高技能人才。,https://gaokao.chsi.com.cn/zyk/zybk/detail/73385876
164255290,500402,民航通信技术,高职（专科）,1060,交通运输,106050,航空运输类,10605004,2025,本专业培养德智体美劳全面发展，掌握扎实的科学文化基础和电子技术、通信技术、无线电导航技术、航行技术等知识，具备民航通信系统与导航系统设备操作使用、运行保障和定期维护等能力，具有工匠精神和信息素养，能够从事民用航空通信导航设备安装调试、设备运行与维护、设备运行环境管理等工作的高素质技术技能人才。,https://gaokao.chsi.com.cn/zyk/zybk/detail/164255290
gyv4gr2z0v7dfku8,500403,定翼机驾驶技术,高职（专科）,1060,交通运输,106050,航空运输类,10605004,2025,本专业培养德智体美劳全面发展，掌握扎实的科学文化基础和飞行原理、飞行运行及相关法律法规等知识，具备飞机操纵、应急处置等能力，具有工匠精神和信息素养，能够从事飞机驾驶工作的高素质技术技能人才。,https://gaokao.chsi.com.cn/zyk/zybk/detail/gyv4gr2z0v7dfku8
z0l1bsym7zhzq3ky,500404,直升机驾驶技术,高职（专科）,1060,交通运输,106050,航空运输类,10605004,2025,本专业培养德智体美劳全面发展，掌握扎实的科学文化基础和飞行原理、飞行运行及相关法律法规等知识，具备操纵直升机、应急处置等能力，具有工匠精神和信息素养，能够从事直升机驾驶工作的高素质技术技能人才。,https://gaokao.chsi.com.cn/zyk/zybk/detail/z0l1bsym7zhzq3ky
73385880,500405,空中乘务,高职（专科）,1060,交通运输,106050,航空运输类,10605004,2025,本专业培养掌握本专业知识和技术技能，具备职业综合素质和行动能力，面向航空运输行业的民航乘务员职业，能够从事民航客舱服务与安全管理工作的高技能人才。,https://gaokao.chsi.com.cn/zyk/zybk/detail/73385880
73385904,500406,民航安全技术管理,高职（专科）,1060,交通运输,106050,航空运输类,10605004,2025,本专业培养掌握本专业知识和技术技能，具备职业综合素质和行动能力，面向航空运输行业的安检员职业，能够从事民航旅客安全检查、行李安全检查、货邮安全检查、安检团队管理工作的高技能人才。,https://gaokao.chsi.com.cn/zyk/zybk/detail/73385904
73385928,500407,民航空中安全保卫,高职（专科）,1060,交通运输,106050,航空运输类,10605004,2025,本专业培养掌握本专业知识和技术技能，具备职业综合素质和行动能力，面向航空运输行业的航空安全员职业，能够从事航空安全员工作的高技能人才。,https://gaokao.chsi.com.cn/zyk/zybk/detail/73385928
73385912,500408,机场运行服务与管理,高职（专科）,1060,交通运输,106050,航空运输类,10605004,2025,本专业培养掌握本专业知识和技术技能，具备职业综合素质和行动能力，面向航空运输行业的机场运行指挥职业，能够从事机场运行指挥、机场地面服务保障工作的高技能人才。,https://gaokao.chsi.com.cn/zyk/zybk/detail/73385912
164255298,500409,飞机机电设备维修,高职（专科）,1060,交通运输,106050,航空运输类,10605004,2025,本专业培养掌握本专业知识和技术技能，具备职业综合素质和行动能力，面向航空运输、航空航天器修理行业的民用航空器机械维护员、航空器外场维护员职业，能够从事民用航空器航前、航后、过站检查和航线排故、更换航线可更换件、航空器及其机电系统定期检修工作的高技能人才。,https://gaokao.chsi.com.cn/zyk/zybk/detail/164255298
0xlkihey1mpi1owe,500410,飞机电子设备维修,高职（专科）,1060,交通运输,106050,航空运输类,10605004,2025,本专业培养德智体美劳全面发展，掌握扎实的科学文化基础和航空器电子系统组成和工作原理等知识，具备对航空器通信系统、导航系统、仪表系统、自动飞行系统进行目视检查、部件拆装、功能操作、测试和故障分析等能力，具有工匠精神和信息素养，能够从事民用航空器航前、航后、过站检查和航线电子系统排故、组件拆装，航空器电子系统定期检修等工作的高素质技术技能人才。,https://gaokao.chsi.com.cn/zyk/zybk/detail/0xlkihey1mpi1owe
rafgkvlekfpgtcsy,500411,飞机部件修理,高职（专科）,1060,交通运输,106050,航空运输类,10605004,2025,本专业培养德智体美劳全面发展，掌握扎实的科学文化基础和典型民用航空器及部件结构组成、损伤检测、部件修理流程及相关法律法规等知识，具备航空器部件的测试、故障隔离、分解、清洗、修理、组装及存储等能力，具有工匠精神和信息素养，能够从事航空器机械部件修理、起落架部件修理、动力装置部件修理及飞机航线维护、飞机机械定检等工作的高素质技术技能人才。,https://gaokao.chsi.com.cn/zyk/zybk/detail/rafgkvlekfpgtcsy
320924608,500412,通用航空器维修,高职（专科）,1060,交通运输,106050,航空运输类,10605004,2025,本专业培养掌握本专业知识和技术技能，具备职业综合素质和行动能力，面向航空航天器修理行业的通用航空器航线维护、定检维护岗位（群），能够从事通用航空器航线维护、定检维护工作的高技能人才。,https://gaokao.chsi.com.cn/zyk/zybk/detail/320924608
164255302,500413,飞机结构修理,高职（专科）,1060,交通运输,106050,航空运输类,10605004,2025,本专业培养德智体美劳全面发展，掌握扎实的科学文化基础和典型民用航空器部件的结构组成、损伤检测、修理方法及相关法律法规等知识，具备飞机金属结构件维修、复合材料结构件修理、飞机客舱设施拆装与维修等能力，具有工匠精神和信息素养，能够从事民用飞机航线维护、飞机金属结构修理、飞机复合材料结构修理、维修资料管理等工作的高素质技术技能人才。,https://gaokao.chsi.com.cn/zyk/zybk/detail/164255302
73385900,500414,航空地面设备维修,高职（专科）,1060,交通运输,106050,航空运输类,10605004,2025,本专业培养掌握本专业知识和技术技能，具备职业综合素质和行动能力，面向专用设备修理行业的民航机场专用设备机务员、航空油料员等职业，能够从事航空地面设备维修和操作等工作的高技能人才。,https://gaokao.chsi.com.cn/zyk/zybk/detail/73385900
jslzbxix5kermve7,500415,机场场务技术与管理,高职（专科）,1060,交通运输,106050,航空运输类,10605004,2025,本专业培养德智体美劳全面发展，掌握扎实的科学文化基础和民航运输、鸟击防范、生态学、机场道面、机场工程、机场净空及相关法律法规等知识，具备机场鸟击防范、道面维护维修、机场净空巡查、审核和报告等能力，具有工匠精神和信息素养，能够从事机场飞行区场务设施管理、维护和周围环境控制等工作的高素质技术技能人才。,https://gaokao.chsi.com.cn/zyk/zybk/detail/jslzbxix5kermve7
690753833,500416,通用航空航务技术,高职（专科）,1060,交通运输,106050,航空运输类,10605004,2025,本专业培养掌握本专业知识和技术技能，具备职业综合素质和行动能力，面向通用航空服务行业的民航通用航空工程技术岗位（群），能够从事通航航务支持、通航运行控制等工作的高技能人才。,https://gaokao.chsi.com.cn/zyk/zybk/detail/690753833
437286952,500417,航空油料,高职（专科）,1060,交通运输,106050,航空运输类,10605004,2025,本专业培养德智体美劳全面发展，掌握扎实的科学文化基础和航空油料的质量标准、安全标准、储运规范、加注规范及相关法律法规等知识，具备航空油料化验、计量、储运、加注等能力，具有工匠精神和信息素养，能够从事航空油料管理、飞机加油服务、特种设备维护修理等工作的高素质技术技能人才。,https://gaokao.chsi.com.cn/zyk/zybk/detail/437286952
nr7jqcr5nfh3jypv,500418,航空复合材料结构修理技术,高职（专科）,1060,交通运输,106050,航空运输类,10605004,,,https://gaokao.chsi.com.cn/zyk/zybk/detail/nr7jqcr5nfh3jypv
73385976,500501,管道工程技术,高职（专科）,1060,交通运输,106050,管道运输类,10605005,2025,本专业培养德智体美劳全面发展，掌握扎实的科学文化基础和工程测量与外业勘察、管道工程施工工艺、管道工程检测、管道工程项目管理、管道工程安全管理等知识，具备工程勘察、施工组织、质量检测、项目管理、安全生产等能力，具有工匠精神和信息素养，能够从事管道工程勘测、施工组织、质量检测、项目管理、管道建设安全管理等工作的高素质技术技能人才。,https://gaokao.chsi.com.cn/zyk/zybk/detail/73385976
213780909,500502,管道运输管理,高职（专科）,1060,交通运输,106050,管道运输类,10605005,2025,本专业培养德智体美劳全面发展，掌握扎实的科学文化基础和管道设备结构、运输组织、安全管理等知识，具备管道仪器设备安全操作、运输调控、运行分析等能力，具有工匠精神和信息素养，能够从事管道运输调度、运行监测、维护保养、检测排故、安全管理等工作的高素质技术技能人才。,https://gaokao.chsi.com.cn/zyk/zybk/detail/213780909
73385820,500601,城市轨道交通工程技术,高职（专科）,1060,交通运输,106050,城市轨道交通类,10605006,2025,本专业培养掌握本专业知识和技术技能，具备职业综合素质和行动能力，面向城市轨道交通工程建筑行业的轨道工程施工、工程检测、基础设施养护、工程项目管理岗位（群），能够从事城市轨道交通工程勘测、线路设计、施工管理、质量检测、设施养护、安全管理工作的高技能人才。,https://gaokao.chsi.com.cn/zyk/zybk/detail/73385820
73385812,500602,城市轨道车辆应用技术,高职（专科）,1060,交通运输,106050,城市轨道交通类,10605006,2025,本专业培养掌握本专业知识和技术技能，具备职业综合素质和行动能力，面向城市轨道交通行业的轨道交通列车司机、动车组制修师等岗位（群），能够从事城市轨道交通列车驾驶、车辆检测与维修工作的高技能人才。,https://gaokao.chsi.com.cn/zyk/zybk/detail/73385812
73385816,500603,城市轨道交通机电技术,高职（专科）,1060,交通运输,106050,城市轨道交通类,10605006,2025,本专业培养掌握本专业知识和技术技能，具备职业综合素质和行动能力，面向城市轨道交通行业的车站机电设备系统检修、自动化监控系统维护的岗位（群），能够从事城市轨道交通车站综合机电设备检修、电梯检修、自动售检票系统检修、给排水系统检修、综合监控系统维护工作的高技能人才。,https://gaokao.chsi.com.cn/zyk/zybk/detail/73385816
23m6klpfro9c1d47,500604,城市轨道交通通信信号技术,高职（专科）,1060,交通运输,106050,城市轨道交通类,10605006,2025,本专业培养掌握本专业知识和技术技能，具备职业综合素质和行动能力，面向城市轨道交通行业的通信与信号设备安装、通信与信号设备维护岗位（群），能够从事城市轨道交通通信与信号设备安装、调试、检测、维修与养护工作的高技能人才。,https://gaokao.chsi.com.cn/zyk/zybk/detail/23m6klpfro9c1d47
gzmo0yxdfrtrbp4d,500605,城市轨道交通供配电技术,高职（专科）,1060,交通运输,106050,城市轨道交通类,10605006,2025,本专业培养掌握本专业知识和技术技能，具备职业综合素质和行动能力，面向城市轨道交通行业的供配电设备运维、牵引电力线路安装维护岗位（群），能够从事城市轨道交通变电所（站）运行维护、设备检修、接触网（轨）施工与检修、配电线路运行维护与检修工作的高技能人才。,https://gaokao.chsi.com.cn/zyk/zybk/detail/gzmo0yxdfrtrbp4d
73385824,500606,城市轨道交通运营管理,高职（专科）,1060,交通运输,106050,城市轨道交通类,10605006,2025,本专业培养掌握本专业知识和技术技能，具备职业综合素质和行动能力，面向城市轨道交通行业的客运服务、票务管理、客运组织、行车组织岗位（群），能够从事设备运维、乘客服务、票务事务处理、客流疏导、行车作业、突发事件应急处置工作的高技能人才。,https://gaokao.chsi.com.cn/zyk/zybk/detail/73385824
320924777,500701,邮政快递运营管理,高职（专科）,1060,交通运输,106050,邮政类,10605007,2025,本专业培养掌握本专业知识和技术技能，具备职业综合素质和行动能力，面向邮政行业的邮政和快递工程技术人员，邮政和快递服务人员，其他交通运输、仓储物流和邮政业服务人员等职业，能够从事邮政快递业务操作、邮政快递营销服务、邮政快递网点综合业务和处理中心运营管理、国际快递业务基本操作、邮政快递云仓服务、邮政快递智能设备操作和维护保养等工作的高技能人才。,https://gaokao.chsi.com.cn/zyk/zybk/detail/320924777
unkmcec3dzoh5fmf,500702,邮政快递智能技术,高职（专科）,1060,交通运输,106050,邮政类,10605007,2025,本专业培养掌握本专业知识和技术技能，具备职业综合素质和行动能力，面向邮政行业的邮政和快递工程技术等技术领域，能够从事邮政快递智能设备运维、邮政快递作业场地规划设计、邮政快递信息系统维护、邮政快递数据分析、邮政快递智能网点运营、快递设备营销等工作的高技能人才。,https://gaokao.chsi.com.cn/zyk/zybk/detail/unkmcec3dzoh5fmf
73387289,500703,邮政通信管理,高职（专科）,1060,交通运输,106050,邮政类,10605007,2025,本专业培养德智体美劳全面发展，掌握扎实的科学文化基础和邮政业务、邮政通信组织、邮政经营管理等知识，具备邮政基层业务处理、市场营销、客户服务、作业组织管理、就业创业等能力，具有工匠精神和信息素养，能够从事邮政快递基层业务处理、营销和管理等工作的高素质技术技能人才。,https://gaokao.chsi.com.cn/zyk/zybk/detail/73387289
73387149,510101,电子信息工程技术,高职（专科）,1060,电子与信息,106051,电子信息类,10605101,2025,本专业培养掌握本专业知识和技术技能，具备职业综合素质和行动能力，面向计算机、通信和其他电子设备制造业的计算机制造人员、电子设备装配调试人员等职业，能够从事智能电子产品设计开发、装配调试、检测认证、生产管理、维护维修以及智能应用系统集成的高技能人才。,https://gaokao.chsi.com.cn/zyk/zybk/detail/73387149
213805389,510102,物联网应用技术,高职（专科）,1060,电子与信息,106051,电子信息类,10605101,2025,本专业培养掌握本专业知识和技术技能，具备职业综合素质和行动能力，面向软件和信息技术服务业，计算机、通信和其他电子设备制造业等行业的物联网安装调试员、物联网工程技术人员、计算机网络工程技术人员、计算机硬件工程技术人员、嵌入式系统设计工程技术人员等职业，能够从事物联网设备安装配置和调试、物联网系统运行管理和维护、物联网系统应用开发、物联网项目规划和管理等工作的高技能人才。,https://gaokao.chsi.com.cn/zyk/zybk/detail/213805389
73387153,510103,应用电子技术,高职（专科）,1060,电子与信息,106051,电子信息类,10605101,2025,本专业培养掌握本专业知识和技术技能，具备职业综合素质和行动能力，面向计算机、通信和其他电子设备制造行业的电子设备装配调试人员，电子专用设备装配调试人员，其他计算机、通信和其他电子设备制造人员，电子工程技术人员，智能硬件装调员职业，能够从事电子产品辅助设计、安装调试、生产工艺管理、检测与质量管理、生产设备操作与维护、售后服务、应用技术服务等工作的高技能人才。,https://gaokao.chsi.com.cn/zyk/zybk/detail/73387153
7j5m7hnc8p645y7k,510104,电子产品制造技术,高职（专科）,1060,电子与信息,106051,电子信息类,10605101,2025,本专业培养掌握本专业知识和技术技能，具备职业综合素质和行动能力，面向计算机、通信和其他电子设备制造行业的电路板装联工艺设计、品质检测、设备编程、设备维护，电子产品生产智能化管理、智能硬件装配岗位（群），能够从事电路板装联工艺设计、品质检测、设备编程与设备维护等工作的高技能人才。,https://gaokao.chsi.com.cn/zyk/zybk/detail/7j5m7hnc8p645y7k
46icmmgc8sg1g0d5,510105,电子产品检测技术,高职（专科）,1060,电子与信息,106051,电子信息类,10605101,2025,本专业培养掌握本专业知识和技术技能，具备职业综合素质和行动能力，面向质检技术服务行业的电子电气产品检验员、计量员、质量认证认可工程技术人员等职业，能够从事电子元器件标准化检测、电子产品检测、认证认可服务、电子产品测试等工作的高技能人才。,https://gaokao.chsi.com.cn/zyk/zybk/detail/46icmmgc8sg1g0d5
320924709,510106,移动互联应用技术,高职（专科）,1060,电子与信息,106051,电子信息类,10605101,2025,本专业培养掌握本专业知识和技术技能，具备职业综合素质和行动能力，面向软件和信息技术服务、互联网和相关服务等行业的嵌入式系统设计工程技术人员、计算机程序设计员、计算机软件测试员等职业，能够从事移动互联应用硬件开发、系统集成和测试、技术支持等工作的高技能人才。,https://gaokao.chsi.com.cn/zyk/zybk/detail/320924709
437286875,510107,汽车智能技术,高职（专科）,1060,电子与信息,106051,电子信息类,10605101,2025,本专业培养掌握本专业知识和技术技能，具备职业综合素质和行动能力，面向智能消费设备制造等行业的汽车工程技术人员、电子工程技术人员、信息和通信工程技术人员、电子设备装配调试人员、电子专用设备装配调试人员等职业，能够从事智能驾驶系统和车路协同系统的样品试制、试验，成品装配、调试、测试、标定、质量检验及相关工艺管理和现场管理，售前售后技术支持等工作的高技能人才。,https://gaokao.chsi.com.cn/zyk/zybk/detail/437286875
m2t6zit6x8o8lkee,510108,智能产品开发与应用,高职（专科）,1060,电子与信息,106051,电子信息类,10605101,2025,本专业培养掌握本专业知识和技术技能，具备职业综合素质和行动能力，面向计算机、通信和其他电子设备制造，软件和信息技术服务等行业，能够从事智能产品电路设计、应用软件开发、安装调试、系统运维及其营销与服务等工作的高技能人才。,https://gaokao.chsi.com.cn/zyk/zybk/detail/m2t6zit6x8o8lkee
gqavz8fqvmqzj5hq,510109,智能光电技术应用,高职（专科）,1060,电子与信息,106051,电子信息类,10605101,2025,本专业培养德智体美劳全面发展，掌握扎实的科学文化基础和电子技术、分立发光二极管生产工艺和品质控制、照明工程设计与实施等知识，具备 LED 封装测试、智能照明产品设计组装、智能照明工程设计模拟实施、智能点光源系统设计制作调试等能力，具有工匠精神和信息素养，能够从事 LED 制造、智能光电产品开发应用、智能照明工程设计实施和运维、智能电光源系统设计安装调试和维护等工作的高素质技术技能人才。,https://gaokao.chsi.com.cn/zyk/zybk/detail/gqavz8fqvmqzj5hq
164262770,510110,光电显示技术,高职（专科）,1060,电子与信息,106051,电子信息类,10605101,2025,本专业培养德智体美劳全面发展，掌握扎实的科学文化基础和新型显示器件、半导体照明等知识，具备常用仪器仪表使用，简单光电产品设计，新型显示器件生产、测试、安装、检修等能力，具有工匠精神和信息素养，能够从事 LCD、LED、OLED 制造与测试，半导体照明产品设计、制造、检测，室内外大屏幕显示系统、城市景观与照明工程设计与施工等工作的高素质技术技能人才。,https://gaokao.chsi.com.cn/zyk/zybk/detail/164262770
g7xdhuylvymsx899,510111,低空安全与技术,高职（专科）,1060,电子与信息,106051,电子信息类,10605101,,,https://gaokao.chsi.com.cn/zyk/zybk/detail/g7xdhuylvymsx899
73387048,510201,计算机应用技术,高职（专科）,1060,电子与信息,106051,计算机类,10605102,2025,本专业培养掌握本专业知识和技术技能，具备职业综合素质和行动能力，面向软件和信息技术服务、互联网和相关服务等行业，能够从事程序设计、数据采集与分析、网络管理、信息系统运行维护等工作的高技能人才。,https://gaokao.chsi.com.cn/zyk/zybk/detail/73387048
73387052,510202,计算机网络技术,高职（专科）,1060,电子与信息,106051,计算机类,10605102,2025,本专业培养掌握本专业知识和技术技能，具备职业综合素质和行动能力，面向互联网和相关服务、软件和信息技术服务等行业，能够从事网络技术支持、网络系统运维、网络系统集成、网络应用开发等工作的高技能人才。,https://gaokao.chsi.com.cn/zyk/zybk/detail/73387052
73387076,510203,软件技术,高职（专科）,1060,电子与信息,106051,计算机类,10605102,2025,本专业培养掌握本专业知识和技术技能，具备职业综合素质和行动能力，面向软件和信息技术服务行业的计算机程序设计员、计算机软件测试员、计算机软件工程技术人员、信息系统运行维护工程技术人员等职业，能够从事软件开发、软件测试、软件技术支持、信息系统运维等工作的高技能人才。,https://gaokao.chsi.com.cn/zyk/zybk/detail/73387076
w52erwqn2je79b79,510204,数字媒体技术,高职（专科）,1060,电子与信息,106051,计算机类,10605102,2025,本专业培养掌握本专业知识和技术技能，具备职业综合素质和行动能力，面向数字内容服务、影视节目制作等行业的视觉传达设计员、数字媒体艺术专业人员、全媒体运营师等职业，能够从事视觉传达设计、界面与交互设计、数字文创产品设计、音视频编辑等工作的高技能人才。,https://gaokao.chsi.com.cn/zyk/zybk/detail/w52erwqn2je79b79
ztd2bt71ai1otj6o,510205,大数据技术,高职（专科）,1060,电子与信息,106051,计算机类,10605102,2025,本专业培养掌握本专业知识和技术技能，具备职业综合素质和行动能力，面向软件和信息技术服务、互联网和相关服务等行业的大数据工程技术人员、数据分析处理工程技术人员、信息系统运行维护工程技术人员等职业，能够从事大数据实施与运维、数据采集与处理、大数据分析与可视化、大数据平台管理、大数据技术服务、大数据产品运营等工作的高技能人才。,https://gaokao.chsi.com.cn/zyk/zybk/detail/ztd2bt71ai1otj6o
6tlypcskzs6pkmdl,510206,云计算技术应用,高职（专科）,1060,电子与信息,106051,计算机类,10605102,2025,本专业培养掌握本专业知识和技术技能，具备职业综合素质和行动能力，面向互联网和相关服务、软件和信息技术服务等行业的云计算工程技术人员、计算机网络工程技术人员、计算机软件工程技术人员等职业，能够从事云计算平台部署与运维、云计算应用开发、云计算技术支持服务、云计算产品销售等工作的高技能人才。,https://gaokao.chsi.com.cn/zyk/zybk/detail/6tlypcskzs6pkmdl
1x551nqu9out61j8,510207,信息安全技术应用,高职（专科）,1060,电子与信息,106051,计算机类,10605102,2025,本专业培养掌握本专业知识和技术技能，具备职业综合素质和行动能力，面向互联网和相关服务、软件和信息技术服务等行业的网络安全运维、网络安全渗透测试、等级保护测评、网络设备配置与安全、数据存储与容灾等技术领域，能够从事网络安全管理、网络安全运维、数据备份与恢复等工作的高技能人才。,https://gaokao.chsi.com.cn/zyk/zybk/detail/1x551nqu9out61j8
29fzljn2hg6tbzas,510208,虚拟现实技术应用,高职（专科）,1060,电子与信息,106051,计算机类,10605102,2025,本专业培养掌握本专业知识和技术技能，具备职业综合素质和行动能力，面向软件与信息技术服务、文化艺术等行业的虚拟现实与增强现实引擎应用、建模和动画、界面交互、软硬件系统搭建等技术领域，能够从事虚拟现实与增强现实项目的设计、制作、调试等工作的高技能人才。,https://gaokao.chsi.com.cn/zyk/zybk/detail/29fzljn2hg6tbzas
jqndxmgalvvjrtif,510209,人工智能技术应用,高职（专科）,1060,电子与信息,106051,计算机类,10605102,2025,本专业培养掌握人工智能专业知识和技术技能，具备职业综合素质和行动能力，面向软件与信息技术服务、互联网和相关服务等行业，能够从事数据采集与处理、算法模型训练与测试、人工智能应用开发、人工智能系统集成与运维等工作的高技能人才。,https://gaokao.chsi.com.cn/zyk/zybk/detail/jqndxmgalvvjrtif
73387121,510210,嵌入式技术应用,高职（专科）,1060,电子与信息,106051,计算机类,10605102,2025,本专业培养掌握嵌入式技术专业知识和技术技能，具备职业综合素质和行动能力，面向软件和信息技术服务行业，能够从事嵌入式硬件设计、底层驱动开发、应用程序开发、硬件及软件测试、技术支持和项目管理等工作的高技能人才。,https://gaokao.chsi.com.cn/zyk/zybk/detail/73387121
73386900,510211,工业互联网技术,高职（专科）,1060,电子与信息,106051,计算机类,10605102,2025,本专业培养掌握工业互联网专业知识和技术技能，具备职业综合素质和行动能力，面向互联网和相关服务、软件和信息技术服务等行业，能够从事工业网络集成与运维、工业设备数据上云、标识解析服务应用、工业数据可视化服务、工业 App 开发与应用、安全审计与应急处理等工作的高技能人才。,https://gaokao.chsi.com.cn/zyk/zybk/detail/73386900
euq3csn09fv83wck,510212,区块链技术应用,高职（专科）,1060,电子与信息,106051,计算机类,10605102,2025,本专业培养掌握区块链专业知识和技术技能，具备职业综合素质和行动能力，面向软件和信息技术服务、互联网和相关服务等行业，能够从事区块链应用开发、区块链测试、区块链运维、区块链运营等工作的高技能人才。,https://gaokao.chsi.com.cn/zyk/zybk/detail/euq3csn09fv83wck
xh8o51vzlh9fepvf,510213,移动应用开发,高职（专科）,1060,电子与信息,106051,计算机类,10605102,2025,本专业培养掌握移动应用开发专业知识和技术技能，具备职业综合素质和行动能力，面向互联网和相关服务、软件和信息技术服务等行业，能够从事移动端 App 开发、移动端 Web 开发、小程序开发、移动端应用测试等工作的高技能人才。,https://gaokao.chsi.com.cn/zyk/zybk/detail/xh8o51vzlh9fepvf
rgg30elvagm1u1rq,510214,工业软件开发技术,高职（专科）,1060,电子与信息,106051,计算机类,10605102,2025,本专业培养掌握工业软件开发技术专业知识和技术技能，具备职业综合素质和行动能力，面向软件和信息技术服务、先进制造等行业，能够从事工业控制软件开发、工业应用软件开发、工业软件产品测试、工业互联网集成与运维等工作的高技能人才。,https://gaokao.chsi.com.cn/zyk/zybk/detail/rgg30elvagm1u1rq
73387084,510215,动漫制作技术,高职（专科）,1060,电子与信息,106051,计算机类,10605102,2025,本专业培养掌握本专业知识和技术技能，具备职业综合素质和行动能力，面向数字内容服务行业的动画设计人员、动画制作员等职业，能够从事原画设计、三维建模、灯光与渲染、特效制作、后期合成等工作的高技能人才。,https://gaokao.chsi.com.cn/zyk/zybk/detail/73387084
5tk1nfoqbrle29hc,510216,密码技术应用,高职（专科）,1060,电子与信息,106051,计算机类,10605102,2025,本专业培养掌握本专业知识和技术技能，具备职业综合素质和行动能力，面向互联网和相关服务、软件和信息技术服务等行业的密码技术应用员、信息安全测试员、网络与信息安全管理员、信息安全工程技术人员、密码工程技术人员等职业，能够从事国产密码产品部署管理、商用密码产品检测、商用密码应用测评、密码应用方案咨询等工作的高技能人才。,https://gaokao.chsi.com.cn/zyk/zybk/detail/5tk1nfoqbrle29hc
4cq0673x39mf0xe7,510217,人工智能数据工程技术,高职（专科）,1060,电子与信息,106051,计算机类,10605102,,,https://gaokao.chsi.com.cn/zyk/zybk/detail/4cq0673x39mf0xe7
sc21cip6tamjy26w,510218,数字孪生应用技术,高职（专科）,1060,电子与信息,106051,计算机类,10605102,,,https://gaokao.chsi.com.cn/zyk/zybk/detail/sc21cip6tamjy26w
huh42mtmcj00vyve,510219,智能体技术应用,高职（专科）,1060,电子与信息,106051,计算机类,10605102,,,https://gaokao.chsi.com.cn/zyk/zybk/detail/huh42mtmcj00vyve
35r585124ht7wuhd,510220,开源技术应用,高职（专科）,1060,电子与信息,106051,计算机类,10605102,,,https://gaokao.chsi.com.cn/zyk/zybk/detail/35r585124ht7wuhd
8503a7izb5dk1x0o,510221,信创系统技术应用,高职（专科）,1060,电子与信息,106051,计算机类,10605102,,,https://gaokao.chsi.com.cn/zyk/zybk/detail/8503a7izb5dk1x0o
7kcv2oesg7l4g7r8,510301,现代通信技术,高职（专科）,1060,电子与信息,106051,通信类,10605103,2025,本专业培养掌握本专业知识和技术技能，具备职业综合素质和行动能力，面向电信、广播电视和卫星传输服务，软件和信息技术服务和数字经济新兴技术行业的通信工程技术人员、云计算工程技术人员，信息通信网络运行管理员以及信息通信信息化系统管理员等职业，能够从事信息通信工程勘察与设计、施工与监理，信息通信网络运行维护管理及优化，信息化系统使用、维护和管理，云资源管理、应用和服务，以及行业应用方案设计、营销等工作的高技能人才。,https://gaokao.chsi.com.cn/zyk/zybk/detail/7kcv2oesg7l4g7r8
73387261,510302,现代移动通信技术,高职（专科）,1060,电子与信息,106051,通信类,10605103,2025,本专业培养掌握本专业知识和技术技能，具备职业综合素质和行动能力，面向电信、广播电视和卫星传输服务，软件和信息技术服务，互联网和相关服务等行业的通信工程技术人员、信息系统运行维护工程技术人员、信息通信网络运行管理员、信息通信信息化系统管理员、物联网工程技术人员、数字化解决方案设计师等职业，能够从事通信工程勘察、设计、施工、监理，移动通信系统基站安装、调测与维护，移动通信网络规划、开通、运维与优化，移动通信网络相关的系统集成、产业数字化转型的移动通信行业客户解决方案实施、营销工作的高技能人才。,https://gaokao.chsi.com.cn/zyk/zybk/detail/73387261
wm8f0gajxcmtv54d,510303,通信软件技术,高职（专科）,1060,电子与信息,106051,通信类,10605103,2025,本专业培养掌握本专业知识和技术技能，具备职业综合素质和行动能力，面向电信、广播电视和卫星传输服务，软件和信息技术服务等行业的通信工程技术人员、计算机软件工程技术人员、计算机程序设计员、计算机软件测试员等职业，能够从事通信系统软件运维、通信应用软件开发、移动终端应用开发、通信数据分析等工作的高技能人才。,https://gaokao.chsi.com.cn/zyk/zybk/detail/wm8f0gajxcmtv54d
0iltwbhzo241wi4x,510304,卫星通信与导航技术,高职（专科）,1060,电子与信息,106051,通信类,10605103,2025,本专业培养掌握本专业知识和技术技能，具备职业综合素质和行动能力，面向电信、广播和卫星传输服务，软件和信息技术服务行业的通信工程技术人员、信息通信网络机务员、导航与位置服务工程技术人员、摄影测量与遥感工程技术人员、电子设备调试工等职业，能够从事卫星地面系统安装维护、遥感遥测数据测试分析、卫星通信设备调试及应用开发等工作的高技能人才。,https://gaokao.chsi.com.cn/zyk/zybk/detail/0iltwbhzo241wi4x
iyyo7hria1z8x1td,510305,通信工程设计与监理,高职（专科）,1060,电子与信息,106051,通信类,10605103,2025,本专业培养德智体美劳全面发展，掌握扎实的科学文化基础和现代信息通信技术、信息通信工程造价、通信工程管理与监理等知识，具备信息通信工程勘察、概预算与设计，信息通信工程项目管理与监理、施工与督导等能力，具有工匠精神和信息素养，能够从事信息通信工程设计、管理、监理、建设、招标代理及工程咨询等工作的高素质技术技能人才。,https://gaokao.chsi.com.cn/zyk/zybk/detail/iyyo7hria1z8x1td
73387277,510306,通信系统运行管理,高职（专科）,1060,电子与信息,106051,通信类,10605103,2025,本专业培养掌握本专业知识和技术技能，具备职业综合素质和行动能力，面向电信、广播电视和卫星传输服务，软件和信息技术服务等行业的信息通信系统运行维护工程技术人员、信息通信网络机务员及信息通信网络运行管理员等职业，能够从事现有和新一代信息通信系统的运行维护管理，包括信息通信网络相关的设备安装、数据配置与调试、网络及业务开通，网络运行过程中的网络拓扑管理、配置管理、性能管理、故障告警处理和排除、网络安全管理、网络应急处置以及网络优化等工作的高技能人才。,https://gaokao.chsi.com.cn/zyk/zybk/detail/73387277
mcj8bgxfar4xzcla,510307,智能互联网络技术,高职（专科）,1060,电子与信息,106051,通信类,10605103,2025,本专业培养掌握本专业知识和技术技能，具备职业综合素质和行动能力，面向互联网和相关服务、软件和信息技术服务行业的物联网工程技术人员、物联网安装调试员、计算机网络工程技术人员等职业，能够从事智能互联网络的规划与设计、设备装调与维护、系统部署与运维、系统应用开发和系统安全维护，及物联网工程技术领域的应用开发、产品设计、教学培训等工作的高技能人才。,https://gaokao.chsi.com.cn/zyk/zybk/detail/mcj8bgxfar4xzcla
cry0b5nrhkcxnlko,510308,网络规划与优化技术,高职（专科）,1060,电子与信息,106051,通信类,10605103,2025,本专业培养掌握本专业知识和技术技能，具备职业综合素质和行动能力，面向电信、广播电视和卫星传输服务，互联网和相关服务、软件和信息技术服务行业的网络规划部署、网络系统测试优化、网络应用解决方案集成等岗位（群），能够从事信息通信网络的规划、移动通信网络的规划与部署、室内分布系统工程的规划设计、专网信息通信系统的规划设计，以及移动通信网无线网络的数据调测、数据采集测试、无线网络优化和产业数字化需求分析与挖掘、数字化解决方案制订工作的高技能人才。,https://gaokao.chsi.com.cn/zyk/zybk/detail/cry0b5nrhkcxnlko
437287141,510309,电信服务与管理,高职（专科）,1060,电子与信息,106051,通信类,10605103,2025,本专业培养掌握本专业知识和技术技能，具备职业综合素质和行动能力，面向电信、广播电视和卫星传输服务，软件和信息技术服务行业的信息通信营业员、信息通信业务员、呼叫中心服务员、信息通信信息化系统管理员及其他信息传输、软件和信息技术服务人员等职业，能够从事信息通信设备与业务营销、信息通信业务运营与服务、信息化系统使用维护和管理、呼叫中心服务与管理、客户关系管理、信息技术咨询服务等工作的高技能人才。,https://gaokao.chsi.com.cn/zyk/zybk/detail/437287141
ivv07kz87pvk1fbj,510311,低空智联网技术,高职（专科）,1060,电子与信息,106051,通信类,10605103,,,https://gaokao.chsi.com.cn/zyk/zybk/detail/ivv07kz87pvk1fbj
199vgc6xkr0p00nm,510312,量子通信技术应用,高职（专科）,1060,电子与信息,106051,通信类,10605103,,,https://gaokao.chsi.com.cn/zyk/zybk/detail/199vgc6xkr0p00nm
f4v2m0ewbing8w04,510401,集成电路技术,高职（专科）,1060,电子与信息,106051,集成电路类,10605104,2025,本专业培养德智体美劳全面发展，掌握扎实的科学文化基础和集成电路设计、集成电路制造工艺和封装测试等知识，具备集成电路辅助设计和版图设计、芯片应用开发和 FPGA 开发、集成电路制造及封测工艺维护等能力，具有工匠精神和信息素养，能够从事芯片版图设计、芯片验证及应用方案开发、芯片制造与封测工艺管理，以及产品检验、产品营销等工作的高素质技术技能人才。,https://gaokao.chsi.com.cn/zyk/zybk/detail/f4v2m0ewbing8w04
73387185,510402,微电子技术,高职（专科）,1060,电子与信息,106051,集成电路类,10605104,2025,本专业培养德智体美劳全面发展，掌握扎实的科学文化基础和半导体器件与集成电路设计、制造、封测等知识，具备半导体工艺维护和设备操作、集成电路版图设计和产品应用开发等能力，具有工匠精神和信息素养，能够从事芯片制造与封测工艺管理、产品检验、芯片版图设计、芯片验证及应用方案开发、产品营销等工作的高素质技术技能人才。,https://gaokao.chsi.com.cn/zyk/zybk/detail/73387185
73387833,520101,临床医学,高职（专科）,1060,医药卫生,106052,临床医学类,10605201,2025,本专业培养掌握本专业知识和技术技能，具备职业综合素质和行动能力，面向基层医疗卫生服务机构的助理全科医师、乡村医生等职业，能够从事居民基本医疗和基本公共卫生服务等工作的高技能人才。,https://gaokao.chsi.com.cn/zyk/zybk/detail/73387833
73387837,520102,口腔医学,高职（专科）,1060,医药卫生,106052,临床医学类,10605201,2025,本专业培养掌握本专业知识和技术技能，具备职业综合素质和行动能力，面向基层卫生行业的口腔助理医师等职业，能够从事口腔常见病、多发病的基本诊疗、预防工作的高技能人才。,https://gaokao.chsi.com.cn/zyk/zybk/detail/73387837
73387873,520201,护理,高职（专科）,1060,医药卫生,106052,护理类,10605202,2025,本专业培养掌握本专业知识和技术技能，具备职业综合素质和行动能力，面向医疗卫生行业的内科护士、外科护士、妇产科护士、儿科护士、急诊护士、社区护士等职业，能够从事护理及预防保健等工作的高技能人才。,https://gaokao.chsi.com.cn/zyk/zybk/detail/73387873
73387877,520202,助产,高职（专科）,1060,医药卫生,106052,护理类,10605202,2025,本专业培养掌握本专业知识和技术技能，具备职业综合素质和行动能力，面向医疗卫生行业的助产士、护士等职业，能够从事助产和临床护理工作的高技能人才。,https://gaokao.chsi.com.cn/zyk/zybk/detail/73387877
73387889,520301,药学,高职（专科）,1060,医药卫生,106052,药学类,10605203,2025,本专业培养掌握本专业知识和技术技能，具备职业综合素质和行动能力，面向卫生行业的药师等职业，能够从事药学服务、药品质量检验工作的高技能人才。,https://gaokao.chsi.com.cn/zyk/zybk/detail/73387889
73387841,520401,中医学,高职（专科）,1060,医药卫生,106052,中医药类,10605204,2025,本专业培养德智体美劳全面发展，掌握扎实的科学文化基础和中西医基本理论、临床各科及相关法律法规等知识，具备常见病、多发病诊疗及指导养生等能力，具有敬佑生命、救死扶伤、甘于奉献、大爱无疆的职业精神和信息素养，能够从事基本医疗、基本公共卫生服务、养生保健康复等工作的高素质技术技能人才。,https://gaokao.chsi.com.cn/zyk/zybk/detail/73387841
73387861,520402,中医骨伤,高职（专科）,1060,医药卫生,106052,中医药类,10605204,2025,本专业培养德智体美劳全面发展，掌握扎实的科学文化基础和中医基础理论、中医骨伤理论及相关法律法规等知识，具备诊治骨伤科常见病、多发病等能力，具有敬佑生命、救死扶伤、甘于奉献、大爱无疆的职业精神和信息素养，能够从事中医骨病、伤病诊疗、整脊、康复等工作的高素质技术技能人才。,https://gaokao.chsi.com.cn/zyk/zybk/detail/73387861
73387857,520403,针灸推拿,高职（专科）,1060,医药卫生,106052,中医药类,10605204,2025,本专业培养掌握本专业知识和技术技能，具备职业综合素质和行动能力，面向卫生行业的针灸医师、中医推拿医师等职业，能够从事针灸、推拿、刮痧、理疗等工作的高技能人才。,https://gaokao.chsi.com.cn/zyk/zybk/detail/73387857
73387845,520404,蒙医学,高职（专科）,1060,医药卫生,106052,中医药类,10605204,2025,本专业培养德智体美劳全面发展，掌握扎实的科学文化基础和蒙医学基础理论知识、临床诊断技术及相关法律法规等知识，具备运用蒙医药防治常见病、多发病等能力，具有敬佑生命、救死扶伤、甘于奉献、大爱无疆的职业精神和信息素养，能够从事基本医疗、基本公共卫生服务和养生保健等工作的高素质技术技能人才。,https://gaokao.chsi.com.cn/zyk/zybk/detail/73387845
73387849,520405,藏医学,高职（专科）,1060,医药卫生,106052,中医药类,10605204,2025,本专业培养德智体美劳全面发展，掌握扎实的科学文化基础和藏医学基础理论、临床诊断及相关法律法规等知识，具备运用藏医药防治常见病、多发病等能力，具有敬佑生命、救死扶伤、甘于奉献、大爱无疆的职业精神和信息素养，能够从事基本医疗、基本公共卫生服务和养生保健等工作的高素质技术技能人才。,https://gaokao.chsi.com.cn/zyk/zybk/detail/73387849
73387853,520406,维医学,高职（专科）,1060,医药卫生,106052,中医药类,10605204,2025,本专业培养德智体美劳全面发展，掌握扎实的科学文化基础和维医学基础理论知识、临床诊断技术，具备运用维医药防治常见病、多发病等能力，具有敬佑生命、救死扶伤、甘于奉献、大爱无疆的职业精神和信息素养，能够从事基本医疗、基本公共卫生服务和养生保健等工作的高素质技术技能人才。,https://gaokao.chsi.com.cn/zyk/zybk/detail/73387853
73387865,520407,傣医学,高职（专科）,1060,医药卫生,106052,中医药类,10605204,2025,本专业培养德智体美劳全面发展，掌握扎实的科学文化基础和傣医学基础理论、临床诊断技术及相关法律法规等知识，具备运用傣医药防治常见病、多发病等能力，具有敬佑生命、救死扶伤、甘于奉献、大爱无疆的职业精神和信息素养，能够从事基本医疗、基本公共卫生服务和养生保健等工作的高素质技术技能人才。,https://gaokao.chsi.com.cn/zyk/zybk/detail/73387865
j92gr9kvh1zf4fcf,520408,哈医学,高职（专科）,1060,医药卫生,106052,中医药类,10605204,2025,本专业培养德智体美劳全面发展，掌握扎实的科学文化基础和哈医学基础理论、临床诊断技术及相关法律法规等知识，具备运用哈医药防治常见病、多发病等能力，具有敬佑生命、救死扶伤、甘于奉献、大爱无疆的职业精神和信息素养，能够从事基本医疗、基本公共卫生服务和养生保健等工作的高素质技术技能人才。,https://gaokao.chsi.com.cn/zyk/zybk/detail/j92gr9kvh1zf4fcf
ye25wwoxuth7jspx,520409,朝医学,高职（专科）,1060,医药卫生,106052,中医药类,10605204,2025,本专业培养德智体美劳全面发展，掌握扎实的科学文化基础和朝医学基础理论知识、临床诊断技术及相关法律法规，具备运用朝医药防治常见病、多发病等能力，具有敬佑生命、救死扶伤、甘于奉献、大爱无疆的职业精神和信息素养，能够从事基本医疗、基本公共卫生服务和养生保健等工作的高素质技术技能人才。,https://gaokao.chsi.com.cn/zyk/zybk/detail/ye25wwoxuth7jspx
73387893,520410,中药学,高职（专科）,1060,医药卫生,106052,中医药类,10605204,2025,本专业培养掌握本专业知识和技术技能，具备职业综合素质和行动能力，面向卫生、医药制造业、专业技术服务业等行业的中药师、中药炮制工、药物制剂工、药物检验员、医药商品购销员等职业，能够从事中药调剂、中药学咨询与服务、中药饮片生产、中药制剂生产、中药质检、中药购销等工作的高技能人才。,https://gaokao.chsi.com.cn/zyk/zybk/detail/73387893
320924484,520411,蒙药学,高职（专科）,1060,医药卫生,106052,中医药类,10605204,2025,本专业培养德智体美劳全面发展，掌握扎实的科学文化基础和蒙药种植、鉴定、炮制、制剂、药学服务及相关法律法规等知识，具备蒙药种植、蒙药鉴定、蒙药炮制、蒙药制剂、蒙药调剂、蒙药购销及蒙药保管与养护等能力，具有工匠精神和信息素养，能够从事蒙药种植、蒙药饮片加工、蒙药制剂生产、蒙药质量检验、蒙药调剂、药学咨询与服务、蒙药购销、蒙药仓储保管等工作的高素质技术技能人才。,https://gaokao.chsi.com.cn/zyk/zybk/detail/320924484
73387897,520412,维药学,高职（专科）,1060,医药卫生,106052,中医药类,10605204,2025,本专业培养德智体美劳全面发展，掌握扎实的科学文化基础和维药种植、鉴定、炮制、制剂、合理用药及相关法律法规等知识，具备维药种植、鉴定、炮制、调剂、制剂、购销及保管养护等能力，具有工匠精神和信息素养，能够从事维药种植、维药饮片加工、维药制剂生产、维药质量检验、维药调剂、药学咨询与服务、维药购销、维药保管养护等工作的高素质技术技能人才。,https://gaokao.chsi.com.cn/zyk/zybk/detail/73387897
pr02rjlchar671lv,520413,藏药学,高职（专科）,1060,医药卫生,106052,中医药类,10605204,2025,本专业培养德智体美劳全面发展，掌握扎实的科学文化基础和藏药种植、鉴定、炮制、制剂、合理用药咨询与指导及相关法律法规等知识，具备藏药种植、鉴定、炮制、制剂、调剂、购销及保管与养护等能力，具有工匠精神和信息素养，能够从事藏药调剂、饮片加工、制剂生产、质量检验、市场营销、药学咨询与服务等工作的高素质技术技能人才。,https://gaokao.chsi.com.cn/zyk/zybk/detail/pr02rjlchar671lv
31ncvf2pyatgufg9,520414,中药材生产与加工,高职（专科）,1060,医药卫生,106052,中医药类,10605204,2025,本专业培养掌握本专业知识和技术技能，具备职业综合素质和行动能力，面向医药制造业、批发业、零售业、农业等行业的中药炮制工、医药商品购销员、中药材种植员等职业，能够从事中药材种植、中药材采收加工、中药饮片炮制、中药提取物制备、中药质量检测、中药储存养护、中药材及其饮片购销等工作的高技能人才。,https://gaokao.chsi.com.cn/zyk/zybk/detail/31ncvf2pyatgufg9
mhhe6rlk3pap8sfy,520415,中药制药,高职（专科）,1060,医药卫生,106052,中医药类,10605204,2025,本专业培养掌握本专业知识和技术技能，具备职业综合素质和行动能力，面向医药制造业的中药炮制工、药物制剂工、药物检验员等职业，能够从事中药炮制加工、中药制剂生产、中药质量检验、中药保管与养护等工作的高技能人才。,https://gaokao.chsi.com.cn/zyk/zybk/detail/mhhe6rlk3pap8sfy
db6iek57uw3gcp0i,520416,中医康复技术,高职（专科）,1060,医药卫生,106052,中医药类,10605204,2025,本专业培养掌握本专业知识和技术技能，具备职业综合素质和行动能力，面向卫生和居民服务行业的康复治疗师、老年人能力评估师、保健调理师和保健按摩师等职业，能够在医师指导下从事康复治疗、保健调理和保健按摩等工作的高技能人才。,https://gaokao.chsi.com.cn/zyk/zybk/detail/db6iek57uw3gcp0i
lgvqltgjoep5c370,520417,中医养生保健,高职（专科）,1060,医药卫生,106052,中医药类,10605204,2025,本专业培养掌握本专业知识和技术技能，具备职业综合素质和行动能力，面向居民服务、卫生行业的保健调理师、保健按摩师、健康管理师等职业，能够从事中医养生保健、中医特色康复、健康管理等工作的高技能人才。,https://gaokao.chsi.com.cn/zyk/zybk/detail/lgvqltgjoep5c370
r4kmrgbcyrb1jmd1,520418,药膳与食疗,高职（专科）,1060,医药卫生,106052,中医药类,10605204,2025,本专业培养掌握本专业知识和技术技能，具备职业综合素质和行动能力，面向卫生、餐饮业行业的药膳与食疗配方、药膳与食疗方案制定、传统药膳制作等岗位（群），能够从事药膳与食疗工作的高技能人才。,https://gaokao.chsi.com.cn/zyk/zybk/detail/r4kmrgbcyrb1jmd1
73387917,520501,医学检验技术,高职（专科）,1060,医药卫生,106052,医学技术类,10605205,2025,本专业培养掌握本专业知识和技术技能，具备职业综合素质和行动能力，面向卫生行业基层医疗机构临床检验技师、输血技师、病理技师等职业，能够从事临床医学检验、输（采供）血检验、病理检验等工作的高技能人才。,https://gaokao.chsi.com.cn/zyk/zybk/detail/73387917
73387925,520502,医学影像技术,高职（专科）,1060,医药卫生,106052,医学技术类,10605205,2025,本专业培养掌握本专业知识和技术技能，具备职业综合素质和行动能力，面向卫生行业的各级医疗机构、第三方影像中心、健康体检中心等影像技师岗位，能够从事X线摄影检查、CT检查、MRI检查、超声检查、介入检查等工作的高技能人才。,https://gaokao.chsi.com.cn/zyk/zybk/detail/73387925
73387921,520503,医学生物技术,高职（专科）,1060,医药卫生,106052,医学技术类,10605205,2025,本专业培养掌握本专业知识和技术技能，具备职业综合素质和行动能力，面向医疗科技产业的医学生物技术领域，能够从事基因检测、细胞治疗、分子克隆、抗体制备和病毒包装等工作的高技能人才。,https://gaokao.chsi.com.cn/zyk/zybk/detail/73387921
73387937,520504,口腔医学技术,高职（专科）,1060,医药卫生,106052,医学技术类,10605205,2025,本专业培养掌握本专业知识和技术技能，具备职业综合素质和行动能力，面向卫生行业康复矫正服务人员中的口腔修复体制作师和医疗卫生技术人员中的口腔医学技师等职业，能够从事口腔修复体及口腔治疗装置的设计与制作，参加口腔及颌面部常见病诊疗，进行口腔预防保健的科普教育等工作的高技能人才。,https://gaokao.chsi.com.cn/zyk/zybk/detail/73387937
73386964,520505,放射治疗技术,高职（专科）,1060,医药卫生,106052,医学技术类,10605205,2025,本专业培养德智体美劳全面发展，掌握扎实的科学文化基础和基础医学、临床医学、放射治疗技术及有关法律法规等知识，具备操作放射治疗设备进行各部位肿瘤放射治疗等能力，具有敬佑生命、救死扶伤、甘于奉献、大爱无疆的职业精神及信息素养，能够从事医用电子加速器治疗操作、肿瘤模拟定位及近距离放射治疗操作等工作的高素质技术技能人才。,https://gaokao.chsi.com.cn/zyk/zybk/detail/73386964
73387949,520506,呼吸治疗技术,高职（专科）,1060,医药卫生,106052,医学技术类,10605205,2025,本专业培养德智体美劳全面发展，掌握扎实的科学文化基础和基础医学、临床医学及呼吸治疗等知识，具备呼吸治疗技术监测评估、方案实施、数字化应用和可持续发展等能力，具有敬佑生命、救死扶伤、甘于奉献、大爱无疆的职业精神及信息素养，能够从事机械通气、气道管理、氧疗、气道廓清、居家呼吸康复等工作的高素质技术技能人才。,https://gaokao.chsi.com.cn/zyk/zybk/detail/73387949
73387945,520507,医学美容技术,高职（专科）,1060,医药卫生,106052,医学技术类,10605205,2025,本专业培养掌握本专业知识和技术技能，具备职业综合素质和行动能力，面向卫生行业的医学美容技术领域，能够从事医学美容技术咨询与设计、光电美容、文饰美容、中医美容等工作的高技能人才。,https://gaokao.chsi.com.cn/zyk/zybk/detail/73387945
73387953,520508,卫生检验与检疫技术,高职（专科）,1060,医药卫生,106052,医学技术类,10605205,2025,本专业培养德智体美劳全面发展，掌握扎实的科学文化基础和卫生理化检验、卫生微生物检验及相关法律法规等知识，具备一定的卫生检验与检疫基本操作、检验数据分析和结果判定等能力，具有敬佑生命、救死扶伤、甘于奉献、大爱无疆的职业精神及信息素养，能够从事卫生微生物检验、环境检验、食品检验和职业卫生检测与评价等工作的高素质技术技能人才。,https://gaokao.chsi.com.cn/zyk/zybk/detail/73387953
73387933,520601,康复治疗技术,高职（专科）,1060,医药卫生,106052,康复治疗类,10605206,2025,本专业培养掌握本专业知识和技术技能，具备职业综合素质和行动能力，面向卫生和社会工作行业的康复技师职业，能够从事物理治疗、作业治疗、言语治疗工作，解决具有一定难度的常见康复问题的高技能人才。,https://gaokao.chsi.com.cn/zyk/zybk/detail/73387933
320924576,520602,康复辅助器具技术,高职（专科）,1060,医药卫生,106052,康复治疗类,10605206,2025,本专业培养德智体美劳全面发展，掌握扎实的科学文化基础和人体结构与功能、康复辅具产品功能与特点、康复辅具服务理念与配置方法等知识，具备康复辅具综合咨询、评估选择、适配调整、使用指导、产品维保等能力，具有工匠精神和信息素养，能够从事常见康复辅具配置、居家无障碍环境改造等工作的高素质技术技能人才。,https://gaokao.chsi.com.cn/zyk/zybk/detail/320924576
320924717,520603,言语听觉康复技术,高职（专科）,1060,医药卫生,106052,康复治疗类,10605206,2025,本专业培养德智体美劳全面发展，掌握扎实的科学文化基础和言语听觉功能评定及治疗等知识，具备对言语功能、听力功能障碍进行评定和康复治疗等能力，具有敬佑生命、救死扶伤、甘于奉献、大爱无疆的职业精神及信息素养，能够从事言语功能障碍、听力功能障碍康复治疗工作的高素质技术技能人才。,https://gaokao.chsi.com.cn/zyk/zybk/detail/320924717
73387989,520701,公共卫生管理,高职（专科）,1060,医药卫生,106052,公共卫生与卫生管理类,10605207,2025,本专业培养掌握本专业知识和技术技能，具备职业综合素质和行动能力，面向卫生行业的公共卫生管理人员、卫生健康监督人员、公共场所卫生管理员、社群健康助理员等职业，能够从事基层公共卫生管理、卫生行政事务管理、卫生健康监督协管工作的高技能人才。,https://gaokao.chsi.com.cn/zyk/zybk/detail/73387989
73387985,520702,卫生信息管理,高职（专科）,1060,医药卫生,106052,公共卫生与卫生管理类,10605207,2025,本专业培养德智体美劳全面发展，掌握扎实的科学文化基础和医学、管理学、计算机科学和卫生信息管理等知识，具备疾病与手术分类、病案质控、医院信息统计、卫生信息系统使用与维护等能力，具有敬佑生命、救死扶伤、甘于奉献、大爱无疆的职业精神及信息素养，能够从事医院信息管理工作的高素质技术技能人才。,https://gaokao.chsi.com.cn/zyk/zybk/detail/73387985
xzhn89e2m9vue7in,520703,预防医学,高职（专科）,1060,医药卫生,106052,公共卫生与卫生管理类,10605207,2025,本专业培养掌握本专业知识和技术技能，具备职业综合素质和行动能力，面向卫生行业的公共卫生与健康医师岗位（群），能够从事基层疾病预防控制、基本公共卫生服务、健康教育和健康管理等工作的高技能人才。,https://gaokao.chsi.com.cn/zyk/zybk/detail/xzhn89e2m9vue7in
9sml41pehq1a57rq,520704,健康大数据管理与服务,高职（专科）,1060,医药卫生,106052,公共卫生与卫生管理类,10605207,2025,本专业培养掌握本专业知识和技术技能，具备职业综合素质和行动能力，面向卫生行业的数字化管理师等职业，能够从事健康数据分析与服务的高技能人才。,https://gaokao.chsi.com.cn/zyk/zybk/detail/9sml41pehq1a57rq
320924822,520801,健康管理,高职（专科）,1060,医药卫生,106052,健康管理与促进类,10605208,2025,本专业培养掌握本专业知识和技术技能，具备职业综合素质和行动能力，面向健康管理师、公共营养师等职业，能够从事个体或群体健康状况监测与风险评估、健康咨询与服务、健康宣教与培训指导、智慧健康项目管理等工作的高技能人才。,https://gaokao.chsi.com.cn/zyk/zybk/detail/320924822
gz1yuftf0elorwx6,520802,婴幼儿托育服务与管理,高职（专科）,1060,医药卫生,106052,健康管理与促进类,10605208,2025,本专业培养掌握本专业知识和技术技能，具备职业综合素质和行动能力，面向居民服务业、卫生等行业的保育师、婴幼儿发展引导员、健康照护师等职业，能够从事婴幼儿的生活照料、安全保障、健康看护、学习支持、家园共育及托育机构日常管理等工作的高技能人才。,https://gaokao.chsi.com.cn/zyk/zybk/detail/gz1yuftf0elorwx6
die8jnktx12ux99a,520803,老年保健与管理,高职（专科）,1060,医药卫生,106052,健康管理与促进类,10605208,2025,本专业培养掌握本专业知识和技术技能，具备职业综合素质和行动能力，面向老年健康服务行业的老年保健、老年健康照护等岗位（群），能够从事老年人健康评估、健康照护、康复保健、康乐活动策划组织和养老机构管理等工作的高技能人才。,https://gaokao.chsi.com.cn/zyk/zybk/detail/die8jnktx12ux99a
73388169,520804,心理咨询,高职（专科）,1060,医药卫生,106052,健康管理与促进类,10605208,2025,本专业培养掌握本专业知识和技术技能，具备职业综合素质和行动能力，面向心理健康服务行业的心理健康咨询、心理辅导与支持等岗位，能够从事心理测评、心理健康咨询、心理健康科普宣教、企事业单位员工心理支持、心理危机干预工作的高技能人才。,https://gaokao.chsi.com.cn/zyk/zybk/detail/73388169
73387941,520805,医学营养,高职（专科）,1060,医药卫生,106052,健康管理与促进类,10605208,2025,本专业培养德智体美劳全面发展，掌握扎实的科学文化基础和医学基础、营养学基础、疾病营养防治、不同生理人群的营养需要、营养评价与监测、食品安全等知识，具备营养调查、营养宣教、营养干预方案制订、人体营养状况检测与评价、营养餐配制等能力，具有敬佑生命、救死扶伤、甘于奉献、大爱无疆的职业精神及信息素养，能够从事膳食营养管理、特殊膳食制备、营养宣传咨询与膳食指导、营养液配制等工作的高素质技术技能人才。,https://gaokao.chsi.com.cn/zyk/zybk/detail/73387941
djx38kerlm6bz84p,520806,生殖健康管理,高职（专科）,1060,医药卫生,106052,健康管理与促进类,10605208,2025,本专业培养德智体美劳全面发展，掌握扎实的科学文化基础和生殖健康、生殖健康医学检验及相关法律法规等知识，具备生殖健康咨询服务、宣传培训和管理等能力，具有敬佑生命、救死扶伤、甘于奉献、大爱无疆的职业精神及信息素养，能够从事生殖健康咨询、生殖健康知识宣传培训、性病预防控制、生殖健康管理、孕期健康监护管理等工作的高素质技术技能人才。,https://gaokao.chsi.com.cn/zyk/zybk/detail/djx38kerlm6bz84p
a9xcts0y42vx88ot,520808,医养照护服务,高职（专科）,1060,医药卫生,106052,健康管理与促进类,10605208,,,https://gaokao.chsi.com.cn/zyk/zybk/detail/a9xcts0y42vx88ot
73387929,520901,眼视光技术,高职（专科）,1060,医药卫生,106052,眼视光类,10605209,2025,本专业培养掌握本专业知识和技术技能，具备职业综合素质和行动能力，面向卫生行业的眼镜验光师、眼镜定配工等职业，能够从事眼科与视功能检查、验光、接触镜验配、双眼视功能评估与处理、眼镜定配、眼镜营销与管理等工作的高技能人才。,https://gaokao.chsi.com.cn/zyk/zybk/detail/73387929
7pbebnf83ssc6eiz,520902,眼视光仪器技术,高职（专科）,1060,医药卫生,106052,眼视光类,10605209,2025,本专业培养掌握本专业知识和技术技能，具备职业综合素质和行动能力，面向卫生行业的眼视光仪器设备管理工程技术人员职业，能够从事眼视光仪器设备选购、安装调试、维护维修、评估测量、使用培训等工作的高技能人才。,https://gaokao.chsi.com.cn/zyk/zybk/detail/7pbebnf83ssc6eiz
5i6lmcgttjhs1klv,520903,视觉训练与康复,高职（专科）,1060,医药卫生,106052,眼视光类,10605209,2025,本专业培养掌握本专业知识和技术技能，具备职业综合素质和行动能力，面向卫生行业的眼基础保健、儿童青少年近视防控、视觉训练和视觉康复矫正等岗位，能够从事视觉健康服务工作的高技能人才。,https://gaokao.chsi.com.cn/zyk/zybk/detail/5i6lmcgttjhs1klv
rc09nie0qra6dugu,530101,财税大数据应用,高职（专科）,1060,财经商贸,106053,财政税务类,10605301,2025,本专业培养掌握本专业知识和技术技能，具备职业综合素质和行动能力，面向企事业单位、财税服务机构和政府机关的财税业务岗位，能够从事财税核算与管理、财税代理与服务、财税数据分析与应用、财税机器人应用与维护等工作的高技能人才。,https://gaokao.chsi.com.cn/zyk/zybk/detail/rc09nie0qra6dugu
73387649,530102,资产评估与管理,高职（专科）,1060,财经商贸,106053,财政税务类,10605301,2025,本专业培养德智体美劳全面发展，掌握扎实的科学文化基础和会计、管理、法律和资产评估等专业知识，具有较强的就业创业能力、可持续发展能力和资产评估等能力，具有工匠精神和信息素养，能够从事资产评估师助理、资产管理等工作的高素质技术技能人才。,https://gaokao.chsi.com.cn/zyk/zybk/detail/73387649
6omwlxre6d321p82,530103,政府采购管理,高职（专科）,1060,财经商贸,106053,财政税务类,10605301,2025,本专业培养德智体美劳全面发展，掌握扎实的科学文化基础和政府采购管理、政府预算、政府采购法律法规、建设工程管理等知识，具备编制政府采购文件、组织招投标采购活动、制订采购合同草案、办理合同订立事项、处理质疑投诉与合同争议等能力，具有工匠精神和信息素养，能够从事招投标代理、基层单位政府采购管理、供应商投标专员、建设工程招投标、采购项目管理等工作的高素质技术技能人才。,https://gaokao.chsi.com.cn/zyk/zybk/detail/6omwlxre6d321p82
v0hg3vyvxno81v3v,530201,金融服务与管理,高职（专科）,1060,财经商贸,106053,金融类,10605302,2025,本专业培养掌握本专业知识和技术技能，具备职业综合素质和行动能力，面向货币金融服务及其他金融业行业的银行服务、证券期货服务、其他金融服务等职业，能够从事一线柜面业务处理、银行信贷业务处理、电话咨询服务、金融数据录入、理财方案设计、厅堂业务引导等工作的高技能人才。,https://gaokao.chsi.com.cn/zyk/zybk/detail/v0hg3vyvxno81v3v
y3o9von6p0wvf5n5,530202,金融科技应用,高职（专科）,1060,财经商贸,106053,金融类,10605302,2025,本专业培养掌握金融科技专业知识和技术技能，具备职业综合素质和行动能力，面向货币金融服务、资本市场服务、保险业等行业，能够从事金融科技客户服务、市场营销、数据分析、风险控制、产品设计工作的高技能人才。,https://gaokao.chsi.com.cn/zyk/zybk/detail/y3o9von6p0wvf5n5
n12c6gjde2tce4md,530203,保险实务,高职（专科）,1060,财经商贸,106053,金融类,10605302,2025,本专业培养掌握保险专业知识和技术技能，具备职业综合素质和行动能力，面向保险行业的保险营销、保险客户服务、保险理赔等岗位（群），能够从事保险产品营销、客户服务、定损理赔、综合业务、理财规划等工作的高技能人才。,https://gaokao.chsi.com.cn/zyk/zybk/detail/n12c6gjde2tce4md
73387665,530204,信用管理,高职（专科）,1060,财经商贸,106053,金融类,10605302,2025,本专业培养德智体美劳全面发展，掌握扎实的科学文化基础和现代金融、经济、信用管理等知识，具备信用信息挖掘与处理、资信调查、信用分析、综合金融服务与产品营销等能力，具有工匠精神和信息素养，能够从事信用风险管理、应收账款管理、银行信贷审核与管理、信用产品营销与服务等信用管理基层岗位等工作的高素质技术技能人才。,https://gaokao.chsi.com.cn/zyk/zybk/detail/73387665
73387657,530205,财富管理,高职（专科）,1060,财经商贸,106053,金融类,10605302,2025,本专业培养掌握财富管理专业知识和技术技能，具备职业综合素质和行动能力，面向货币金融服务、资本市场服务、保险业等行业，能够从事理财方案设计、金融产品营销、投资咨询等工作的高技能人才。,https://gaokao.chsi.com.cn/zyk/zybk/detail/73387657
73387661,530206,证券实务,高职（专科）,1060,财经商贸,106053,金融类,10605302,2025,本专业培养掌握本专业知识和技术技能，具备职业综合素质和行动能力，面向资本市场服务行业的柜员岗、客服岗、营销岗、理财顾问岗、投资顾问岗和结算岗等岗位，能够从事客户服务、证券经纪、期货经纪、理财顾问、金融产品营销、投资咨询等工作的高技能人才。,https://gaokao.chsi.com.cn/zyk/zybk/detail/73387661
73387629,530207,国际金融,高职（专科）,1060,财经商贸,106053,金融类,10605302,2025,本专业培养德智体美劳全面发展，掌握扎实的科学文化基础和国际经济与贸易、国际金融服务与管理、外汇与国际投融资、企业财务会计及相关法律法规等知识，具备综合金融服务、企业国际金融业务操作、企业财务分析和项目投融资运作等能力，具有工匠精神和信息素养，能够从事国际金融业务的临柜操作、客户服务、国际结算、外汇管理、国际投融资管理、理财顾问和金融营销等工作的高素质技术技能人才。,https://gaokao.chsi.com.cn/zyk/zybk/detail/73387629
73387669,530208,农村金融,高职（专科）,1060,财经商贸,106053,金融类,10605302,2025,本专业培养掌握本专业知识和技术技能，具备职业综合素质和行动能力，面向货币金融服务、保险业及其他金融业在县域的银行服务、农业保险服务及其他金融服务等职业，能够从事银行柜面服务、支农支小贷款、农业保险操作、理财咨询与方案设计、金融业务风险审查等工作的高技能人才。,https://gaokao.chsi.com.cn/zyk/zybk/detail/73387669
73387685,530301,大数据与财务管理,高职（专科）,1060,财经商贸,106053,财务会计类,10605303,2025,本专业培养掌握本专业知识和技术技能，具备职业综合素质和行动能力，面向企事业单位、会计与税务中介服务机构、政府机关的财务大数据分析、预算管理、投融资管理、成本管理、税务管理、风险管理、财务机器人应用等岗位，能够从事财务大数据分析、预算管理、投融资管理、成本管理、税务管理、风险管理、财务机器人应用等工作的高技能人才。,https://gaokao.chsi.com.cn/zyk/zybk/detail/73387685
73387693,530302,大数据与会计,高职（专科）,1060,财经商贸,106053,财务会计类,10605303,2025,本专业培养掌握本专业知识和技术技能，具备职业综合素质和行动能力，面向会计、审计及税务服务行业的会计类岗位 （群），能够从事财税审计服务工作的高技能人才。,https://gaokao.chsi.com.cn/zyk/zybk/detail/73387693
imzg9u0yvxkiql84,530303,大数据与审计,高职（专科）,1060,财经商贸,106053,财务会计类,10605303,2025,本专业培养掌握本专业知识和技术技能，具备职业综合素质和行动能力，面向会计、审计及税务服务行业的企业和行政事业单位内部审计、会计师事务所审计助理职业，能够从事经济监督、经济鉴证和经济评价等工作的高技能人才。,https://gaokao.chsi.com.cn/zyk/zybk/detail/imzg9u0yvxkiql84
73387689,530304,会计信息管理,高职（专科）,1060,财经商贸,106053,财务会计类,10605303,2025,本专业培养掌握本专业知识和技术技能，具备职业综合素质和行动能力，面向会计、审计及税务服务行业的会计信息管理岗位 （群），能够从事数据管理与服务等工作的高技能人才。,https://gaokao.chsi.com.cn/zyk/zybk/detail/73387689
m1x19g60vm8cpmnq,530305,业财数据应用与管理,高职（专科）,1060,财经商贸,106053,财务会计类,10605303,,,https://gaokao.chsi.com.cn/zyk/zybk/detail/m1x19g60vm8cpmnq
x6p89y4z02tffvdg,530306,智能财务系统应用与运维,高职（专科）,1060,财经商贸,106053,财务会计类,10605303,,,https://gaokao.chsi.com.cn/zyk/zybk/detail/x6p89y4z02tffvdg
73387713,530401,统计与大数据分析,高职（专科）,1060,财经商贸,106053,统计类,10605304,2025,本专业培养掌握本专业知识和技术技能，具备职业综合素质和行动能力，面向商务服务业、互联网数据服务行业的统计核算、数据分析、数据咨询服务等岗位 （群），能够从事数据预处理、统计数据和资料分析、数据可视化、数据咨询服务、数据库应用与维护等工作的高技能人才。,https://gaokao.chsi.com.cn/zyk/zybk/detail/73387713
kqishyg54x1v5hzd,530402,统计与会计核算,高职（专科）,1060,财经商贸,106053,统计类,10605304,2025,本专业培养德智体美劳全面发展，掌握扎实的科学文化基础和统计理论及工作方法、大数据技术、会计基本原理、企业经济业务核算等知识，具备统计调查分析与数据可视化、会计业务处理等能力，具有工匠精神和信息素养，能够从事数据收集、数据分析及可视化、市场调查、会计核算、税费计算与申报等工作的高素质技术技能人才。,https://gaokao.chsi.com.cn/zyk/zybk/detail/kqishyg54x1v5hzd
4bqdnqpds1fdngzy,530403,市场调查与统计分析,高职（专科）,1060,财经商贸,106053,统计类,10605304,2025,本专业培养掌握本专业知识和技术技能，具备职业综合素质和行动能力，面向咨询与调查行业的市场调查、信息咨询岗位 （群），能够从事调查方案设计、调查问卷设计，资料和数据收集，数据清洗、整理、分析，撰写调查分析报告，提供市场咨询等工作的高技能人才。,https://gaokao.chsi.com.cn/zyk/zybk/detail/4bqdnqpds1fdngzy
73387733,530501,国际经济与贸易,高职（专科）,1060,财经商贸,106053,经济贸易类,10605305,2025,本专业培养掌握本专业知识和技术技能，具备职业综合素质和行动能力，面向批发业和商务服务业的外贸业务员、外贸单证员、外贸跟单员、跨境电商 B2B 运营专员、跨境电商 B2B 销售专员、跨境电商 B2B 营销专员等岗位 （群），能够从事外贸接单、制单、跟单、跨境电商 B2B 业务操作等工作的高技能人才。,https://gaokao.chsi.com.cn/zyk/zybk/detail/73387733
73387741,530502,国际商务,高职（专科）,1060,财经商贸,106053,经济贸易类,10605305,2025,本专业培养掌握本专业知识和技术技能，具备职业综合素质和行动能力，面向批发业、零售业和商务服务业中的国际市场采购专员、国际市场营销推广专员、国际市场销售专员、跨境电商营销专员、国际商务专员等岗位 （群），能够从事国际市场调研与分析、国际市场营销、国际市场销售、国际商务合作、国际商务服务等工作的高技能人才。,https://gaokao.chsi.com.cn/zyk/zybk/detail/73387741
73385956,530503,关务与外贸服务,高职（专科）,1060,财经商贸,106053,经济贸易类,10605305,2025,本专业培养掌握本专业知识和技术技能，具备职业综合素质和行动能力，面向道路运输业、水上运输业、航空运输业、多式联运和运输代理业、装卸搬运和仓储业、邮政业、互联网和相关服务、商务服务业等行业的报关人员、物流服务师职业，能够从事报关单填制与复核、进出口商品归类、进出口税费核算、通关服务、关务咨询、AEO 认证服务等工作的高技能人才。,https://gaokao.chsi.com.cn/zyk/zybk/detail/73385956
320924733,530504,服务外包,高职（专科）,1060,财经商贸,106053,经济贸易类,10605305,2025,本专业培养德智体美劳全面发展，掌握扎实的科学文化基础和外语应用、互联网技术、大数据分析、商务谈判、项目管理、人力资源管理等知识，具备国际服务外包接包、项目管理等能力，具有工匠精神和信息素养，能够从事国际服务外包接包业务、国际服务外包项目运营与管理、国际服务外包项目人力资源管理服务等工作的高素质技术技能人才。,https://gaokao.chsi.com.cn/zyk/zybk/detail/320924733
zoa11f2j9ysmobqw,530505,国际文化贸易,高职（专科）,1060,财经商贸,106053,经济贸易类,10605305,2025,本专业培养德智体美劳全面发展，掌握扎实的科学文化基础和国际文化产品与服务贸易知识，具备针对文化产品的国际营销、文化渠道经营、文化创意策划及媒体关系维护等能力，具有工匠精神和信息素养，能够从事文化产品进出口、文化服务进出口、国际文化产品展会策划与营销等工作的高素质技术技能人才。,https://gaokao.chsi.com.cn/zyk/zybk/detail/zoa11f2j9ysmobqw
73387789,530601,工商企业管理,高职（专科）,1060,财经商贸,106053,工商管理类,10605306,2025,本专业培养掌握本专业知识和技术技能，具备职业综合素质和行动能力，面向批发业、零售业、商务服务业、互联网和相关服务以及制造业等行业的企业经理、管理咨询专业人员、数字化管理师等职业，能够从事企业运营管理、人员管理、数字化管理、管理咨询等工作的高技能人才。,https://gaokao.chsi.com.cn/zyk/zybk/detail/73387789
73387801,530602,连锁经营与管理,高职（专科）,1060,财经商贸,106053,工商管理类,10605306,2025,本专业培养掌握本专业知识和技术技能，具备职业综合素质和行动能力，面向批发业、零售业、住宿业、餐饮业、商务服务业等行业的连锁经营管理师、商品营业员、采购员等职业，能够从事展店管理、门店管理、商品管理、区域督导、电商地推等连锁经营与管理工作的高技能人才。,https://gaokao.chsi.com.cn/zyk/zybk/detail/73387801
73387797,530603,商务管理,高职（专科）,1060,财经商贸,106053,工商管理类,10605306,2025,本专业培养掌握本专业知识和技术技能，具备职业综合素质和行动能力，面向批发业、零售业、商务服务业等行业的商务策划专业人员、经纪与代理专业人员等职业，能够从事企业形象策划、品牌推广、产品促销等商务活动，进行轮廓策划、创意构想、活动实施等商务活动管理和代理工作的高技能人才。,https://gaokao.chsi.com.cn/zyk/zybk/detail/73387797
nkuookil7l0uo5fj,530604,中小企业创业与经营,高职（专科）,1060,财经商贸,106053,工商管理类,10605306,2025,本专业培养掌握本专业知识和技术技能，具备职业综合素质和行动能力，面向批发业、零售业、商务服务业、互联网和相关服务以及制造业等行业的自主创业或合伙创业的电子商务师、连锁经营管理师、企业经理等职业，能够从事线上线下开办新企业、经营管理成长型企业等工作的高技能人才。,https://gaokao.chsi.com.cn/zyk/zybk/detail/nkuookil7l0uo5fj
73387757,530605,市场营销,高职（专科）,1060,财经商贸,106053,工商管理类,10605306,2025,本专业培养掌握本专业知识和技术技能，具备职业综合素质和行动能力，面向批发业、零售业、商务服务业、制造业等行业的市场营销专业人员、客户服务管理员、互联网营销师、品牌专业人员等职业，能够从事市场调研、项目销售、数字营销、品牌策划与推广、智能客户服务等工作的高技能人才。,https://gaokao.chsi.com.cn/zyk/zybk/detail/73387757
yk2d9kckb7yb52q0,530606,数智营销,高职（专科）,1060,财经商贸,106053,工商管理类,10605306,,,https://gaokao.chsi.com.cn/zyk/zybk/detail/yk2d9kckb7yb52q0
73387773,530701,电子商务,高职（专科）,1060,财经商贸,106053,电子商务类,10605307,2025,本专业培养掌握本专业知识和技术技能，具备职业综合素质和行动能力，面向互联网和相关服务、批发业、零售业，能够从事数据化运营、网店运营、社群运营、行业运营、营销活动策划与执行、销售方案执行与优化、客户服务管理、视觉设计、互联网及电商产品开发工作的高技能人才。,https://gaokao.chsi.com.cn/zyk/zybk/detail/73387773
cws6gf7mr4rfenya,530702,跨境电子商务,高职（专科）,1060,财经商贸,106053,电子商务类,10605307,2025,本专业培养掌握本专业知识和技术技能，具备职业综合素质和行动能力，面向制造业，批发业，零售业，互联网和相关服务，商业服务业，交通运输、仓储和邮政业，能够从事跨境电商店铺运营、视觉营销设计、海外推广、跨境电商数据分析、跨境电商客户服务及跨境物流管理等工作的高技能人才。,https://gaokao.chsi.com.cn/zyk/zybk/detail/cws6gf7mr4rfenya
213805437,530703,移动商务,高职（专科）,1060,财经商贸,106053,电子商务类,10605307,2025,本专业培养掌握本专业知识和技术技能，具备职业综合素质和行动能力，面向批发业、零售业、商务服务业、互联网和相关服务行业，能够从事内容运营、产品运营、用户运营、移动界面设计、新媒体营销、供应链管理等工作的高技能人才。,https://gaokao.chsi.com.cn/zyk/zybk/detail/213805437
23bxm4prim4wc58t,530704,网络营销与直播电商,高职（专科）,1060,财经商贸,106053,电子商务类,10605307,2025,本专业培养掌握本专业知识和技术技能，具备职业综合素质和行动能力，面向批发业、零售业、互联网和相关服务、商务服务业，能够从事渠道拓展运营维护、市场策划、产品策划、广告投放、直播策划执行、粉丝引导转化、内容策划推广、新媒体运营、数据分析、客户开发与管理等工作的高技能人才。,https://gaokao.chsi.com.cn/zyk/zybk/detail/23bxm4prim4wc58t
4tw9qu6gngvy8i99,530705,农村电子商务,高职（专科）,1060,财经商贸,106053,电子商务类,10605307,2025,本专业培养掌握本专业知识和技术技能，具备职业综合素质和行动能力，面向批发业、零售业、互联网和相关服务等行业，能够从事农产品电商化开发、网店运营、新媒体运营、营销推广、视觉设计、农产品品牌运营、农产品供应链管理、农村电商项目管理等工作的高技能人才。,https://gaokao.chsi.com.cn/zyk/zybk/detail/4tw9qu6gngvy8i99
d6hhq1yhko4c1eoc,530706,商务数据分析与应用,高职（专科）,1060,财经商贸,106053,电子商务类,10605307,2025,本专业培养掌握本专业知识和技术技能，具备职业综合素质和行动能力，面向批发业、零售业、互联网和相关服务、软件和信息技术服务业、商务服务业，能够从事销售、产品、客户、供应链、市场、运营管理等数据采集、处理、分析及可视化等工作的高技能人才。,https://gaokao.chsi.com.cn/zyk/zybk/detail/d6hhq1yhko4c1eoc
73386976,530801,物流工程技术,高职（专科）,1060,财经商贸,106053,物流类,10605308,2025,本专业培养德智体美劳全面发展，掌握扎实的科学文化基础和物流系统规划设计、物流工程项目运作管理、精益物流管理、智能物流装备运维、环保与安全等知识，具备物流系统辅助设计、物流工程项目运作实施、智能物流装备装调与运维等能力，具有工匠精神和信息素养，能够从事物流系统辅助规划设计、物流工程项目实施与运作管理、精益物流改善方案实施、智能物流装备装调运维等工作的高素质技术技能人才。,https://gaokao.chsi.com.cn/zyk/zybk/detail/73386976
73387805,530802,现代物流管理,高职（专科）,1060,财经商贸,106053,物流类,10605308,2025,本专业培养掌握本专业知识和技术技能，具备职业综合素质和行动能力，面向制造业、交通运输、仓储和邮政业、商务服务业，能够从事智慧仓配、物流运输、物流数据分析、物流系统规划、物流项目运营等工作的高技能人才。,https://gaokao.chsi.com.cn/zyk/zybk/detail/73387805
164255310,530803,航空物流管理,高职（专科）,1060,财经商贸,106053,物流类,10605308,2025,本专业培养掌握本专业知识和技术技能，具备职业综合素质和行动能力，面向交通运输、仓储和邮政业，能够从事航空货物运输、国际货运代理、航空货物仓储、配送服务工作的高技能人才。,https://gaokao.chsi.com.cn/zyk/zybk/detail/164255310
164254807,530804,铁路物流管理,高职（专科）,1060,财经商贸,106053,物流类,10605308,2025,本专业培养掌握本专业知识和技术技能，具备职业综合素质和行动能力，面向铁路运输、装卸搬运和仓储行业，能够从事铁路车站货运服务、仓储管理、配送管理工作的高技能人才。,https://gaokao.chsi.com.cn/zyk/zybk/detail/164254807
320924512,530805,冷链物流技术与管理,高职（专科）,1060,财经商贸,106053,物流类,10605308,2025,本专业培养德智体美劳全面发展，掌握扎实的科学文化基础和冷链仓储与运输、数字信息技术与管理、项目运作与经营等知识，具备冷藏冷冻管理、信息技术应用、项目运营等能力，具有工匠精神和信息素养，能够从事冷库管理、信息控制与系统操作、项目运营、设备运维、质量控制等工作的高素质技术技能人才。,https://gaokao.chsi.com.cn/zyk/zybk/detail/320924512
73385968,530806,港口物流管理,高职（专科）,1060,财经商贸,106053,物流类,10605308,2025,本专业培养掌握本专业知识和技术技能，具备职业综合素质和行动能力，面向水上运输、多式联运和运输代理业，能够从事港口调度操作、物流操作、货运代理、船舶代理、报关、客户服务等工作的高技能人才。,https://gaokao.chsi.com.cn/zyk/zybk/detail/73385968
213805433,530807,工程物流管理,高职（专科）,1060,财经商贸,106053,物流类,10605308,2025,本专业培养德智体美劳全面发展，掌握扎实的科学文化基础和工程物资规格型号、工程识图、工程物资采购、仓储、核算、工程机械选用、安全防护等知识，具备工程物资采购、仓储、工程机械管理及物资设备成本核算等能力，具有工匠精神和信息素养，能够从事工程物资数字化采购、智能运输与仓储、工程机械设备数字化管理、工程物资设备成本管理等工作的高素质技术技能人才。,https://gaokao.chsi.com.cn/zyk/zybk/detail/213805433
73387813,530808,采购与供应管理,高职（专科）,1060,财经商贸,106053,物流类,10605308,2025,本专业培养德智体美劳全面发展，掌握扎实的科学文化基础和战略寻源、供应商管控、成本与绩效管理等知识，具备采购与供应作业执行、业务管理等能力，具有工匠精神和信息素养，能够从事采购品类管理、战略寻源、供应商选择与管理、谈判与合同控制、采购作业执行、采购成本管理、采购绩效评价等工作的高素质技术技能人才。,https://gaokao.chsi.com.cn/zyk/zybk/detail/73387813
73387133,530809,智能物流技术,高职（专科）,1060,财经商贸,106053,物流类,10605308,2025,本专业培养掌握本专业知识和技术技能，具备职业综合素质和行动能力，面向制造、交通运输、仓储和邮政等行业，能够从事安装调试、熟练操作智慧物流软 （硬） 件工作，具备故障排查、检修能力和一般项目管理能力的高技能人才。,https://gaokao.chsi.com.cn/zyk/zybk/detail/73387133
aqbh1uaicooiwpcy,530810,供应链运营,高职（专科）,1060,财经商贸,106053,物流类,10605308,2025,本专业培养掌握本专业知识和技术技能，具备职业综合素质和行动能力，面向交通运输、仓储和邮政业，能够从事市场调研与客户管理、采购与供应商管理、供应链生产与控制、供应链物流管理、供应链计划与运营等工作的高技能人才。,https://gaokao.chsi.com.cn/zyk/zybk/detail/aqbh1uaicooiwpcy
c3798cplvt21jr1z,530811,低空物流技术与运营,高职（专科）,1060,财经商贸,106053,物流类,10605308,,,https://gaokao.chsi.com.cn/zyk/zybk/detail/c3798cplvt21jr1z
73388001,540101,旅游管理,高职（专科）,1060,旅游,106054,旅游类,10605401,2025,本专业培养掌握本专业知识和技术技能，具备职业综合素质和行动能力，面向旅行社及相关服务、游览景区管理、游乐园、休闲观光活动等行业，能够从事旅游咨询、旅游产品策划、旅游数字营销、目的地运营管理等工作的高技能人才。,https://gaokao.chsi.com.cn/zyk/zybk/detail/73388001
73388009,540102,导游,高职（专科）,1060,旅游,106054,旅游类,10605401,2025,本专业培养掌握本专业知识和技术技能，具备职业综合素质和行动能力，面向旅行社行业或其他商业服务业，能够从事旅行服务、导览服务、讲解服务、咨询服务、研学旅行服务等工作的高技能人才。,https://gaokao.chsi.com.cn/zyk/zybk/detail/73388009
73388013,540103,旅行社经营与管理,高职（专科）,1060,旅游,106054,旅游类,10605401,2025,本专业培养掌握本专业知识和技术技能，具备职业综合素质和行动能力，面向旅行社、在线旅游服务商，能够从事旅行社运营、旅游产品开发与营销、旅游服务管理及旅行定制、旅游线路设计、导游接待服务、企业运营管理等工作的高技能人才。,https://gaokao.chsi.com.cn/zyk/zybk/detail/73388013
c64s1pmv3vhxna66,540104,定制旅行管理与服务,高职（专科）,1060,旅游,106054,旅游类,10605401,2025,本专业培养掌握本专业知识和技术技能，具备职业综合素质和行动能力，面向游乐园、休闲观光活动、旅行社及相关服务、互联网生活服务平台行业，能够从事旅行定制、行中管家、客户服务、定制旅行业务运营、互联网营销等工作的高技能人才。,https://gaokao.chsi.com.cn/zyk/zybk/detail/c64s1pmv3vhxna66
g8zzozb2ak8x1rtm,540105,研学旅行管理与服务,高职（专科）,1060,旅游,106054,旅游类,10605401,2025,本专业培养掌握本专业知识和技术技能，具备职业综合素质和行动能力，面向技能培训、教育辅助及其他教育、旅行社及相关服务等行业，能够从事研学旅行管理与服务的高技能人才。,https://gaokao.chsi.com.cn/zyk/zybk/detail/g8zzozb2ak8x1rtm
73388021,540106,酒店管理与数字化运营,高职（专科）,1060,旅游,106054,旅游类,10605401,2025,本专业培养掌握本专业知识和技术技能，具备数字化思维和技术应用能力，具备职业综合素质和行动能力，面向住宿业、餐饮业行业，能够从事酒店、餐饮民宿、邮轮以及其他住宿新业态和高端接待业的服务、数字化运营与管理工作的高技能人才。,https://gaokao.chsi.com.cn/zyk/zybk/detail/73388021
40xnxiuknuox10bb,540107,民宿管理与运营,高职（专科）,1060,旅游,106054,旅游类,10605401,2025,本专业培养掌握本专业知识和技术技能，具备职业综合素质和行动能力，面向住宿业、餐饮业、民宿服务行业，能够从事民宿运营管理、民宿产品设计、民宿接待与服务等工作的高技能人才。,https://gaokao.chsi.com.cn/zyk/zybk/detail/40xnxiuknuox10bb
9fmcqcgcdcgtkai9,540108,葡萄酒文化与营销,高职（专科）,1060,旅游,106054,旅游类,10605401,2025,本专业培养掌握本专业知识和技术技能，具备职业综合素质和行动能力，面向餐饮业、住宿业和商务服务业，能够从事侍酒服务、葡萄酒销售、葡萄酒鉴别、葡萄酒培训、文案策划与撰写、活动策划、客户管理、经营管理等工作的高技能人才。,https://gaokao.chsi.com.cn/zyk/zybk/detail/9fmcqcgcdcgtkai9
mibmcbhu0iur5imr,540109,茶艺与茶文化,高职（专科）,1060,旅游,106054,旅游类,10605401,2025,本专业培养掌握本专业知识和技术技能，具备职业综合素质和行动能力，面向酒、饮料及茶叶批发、零售茶馆服务，能够从事茶艺服务、茶文化传播及茶叶销售等工作的高技能人才。,https://gaokao.chsi.com.cn/zyk/zybk/detail/mibmcbhu0iur5imr
73388017,540110,智慧景区开发与管理,高职（专科）,1060,旅游,106054,旅游类,10605401,2025,本专业培养掌握本专业知识和技术技能，具备职业综合素质和行动能力，面向商务服务业、公共设施管理业、文化艺术业、娱乐业等行业，能够从事旅游资源开发与规划、游客服务、运营与管理、旅游营销、商业管理、行政管理等工作的高技能人才。,https://gaokao.chsi.com.cn/zyk/zybk/detail/73388017
nckmjekulj7ybi96,540111,智慧旅游技术应用,高职（专科）,1060,旅游,106054,旅游类,10605401,2025,本专业培养掌握本专业知识和技术技能，具备职业综合素质和行动能力，面向商务服务业、住宿业、餐饮业、公共设施管理业、娱乐业和文化艺术业，能够从事旅游市场调研、旅游大数据分析、智慧旅游产品设计与应用、旅游新媒体运营、旅游新媒体营销等工作的 “旅游 + 信息与通信技术 （ICT）” 的高技能人才。,https://gaokao.chsi.com.cn/zyk/zybk/detail/nckmjekulj7ybi96
73388025,540112,会展策划与管理,高职（专科）,1060,旅游,106054,旅游类,10605401,2025,本专业培养掌握本专业知识和技术技能，具备职业综合素质和行动能力，面向会议、展览及相关服务、其他商务服务业等职业，能够从事高新技术条件下项目策划、会展营销推广、会展项目运营及技术管理、会展现场服务等工作的高技能人才。,https://gaokao.chsi.com.cn/zyk/zybk/detail/73388025
73388037,540113,休闲服务与管理,高职（专科）,1060,旅游,106054,旅游类,10605401,2025,本专业培养掌握本专业知识和技术技能，具备职业综合素质和行动能力，面向商务服务业和娱乐业的休闲、康养服务与管理职业，能够从事文化娱乐场所、休闲体育场所、康养休闲场所、旅游度假区、营地、休闲度假酒店，以及 “旅游 +” 新业态服务管理、活动策划指导、项目运营管理工作的高技能人才。,https://gaokao.chsi.com.cn/zyk/zybk/detail/73388037
73388045,540201,餐饮智能管理,高职（专科）,1060,旅游,106054,餐饮类,10605402,2025,本专业培养掌握本专业知识和技术技能，具备职业综合素质和行动能力，面向餐饮行业的餐饮生产管理、门店运营管理、餐饮服务与管理等岗位群，能够从事餐饮产品生产与质量管理、餐厅服务与管理、餐饮企业运营管理等工作的高技能人才。,https://gaokao.chsi.com.cn/zyk/zybk/detail/73388045
73388049,540202,烹饪工艺与营养,高职（专科）,1060,旅游,106054,餐饮类,10605402,2025,本专业培养掌握本专业知识和技术技能，具备职业综合素质和行动能力，面向餐饮行业的中式烹调师、中式面点师、营养配餐员等职业，能够从事中式菜点烹饪、营养配餐、宴会设计、厨房管理等工作的高技能人才。,https://gaokao.chsi.com.cn/zyk/zybk/detail/73388049
73388053,540203,中西面点工艺,高职（专科）,1060,旅游,106054,餐饮类,10605402,2025,本专业培养掌握本专业知识和技术技能，具备职业综合素质和行动能力，面向餐饮行业的中式面点师、西式面点师等岗位群，能够从事面点原料采购、配料、加工、中西面点制作、营养配餐、厨房管理等工作的高技能人才。,https://gaokao.chsi.com.cn/zyk/zybk/detail/73388053
73388057,540204,西式烹饪工艺,高职（专科）,1060,旅游,106054,餐饮类,10605402,2025,本专业培养掌握西式烹饪专业知识和技术技能，具备职业综合素质和行动能力，面向餐饮行业的西式烹调师、西式面点师等职业，能够从事西餐烹饪、西餐宴会设计、营养配餐、厨房管理等工作的高技能人才。,https://gaokao.chsi.com.cn/zyk/zybk/detail/73388057
320924641,540205,营养配餐,高职（专科）,1060,旅游,106054,餐饮类,10605402,2025,本专业培养掌握营养配餐专业知识和技术技能，具备职业综合素质和行动能力，面向餐饮行业的营养配餐员等职业，能够从事营养膳食设计、营养餐烹饪和厨房管理工作的高技能人才。,https://gaokao.chsi.com.cn/zyk/zybk/detail/320924641
73388489,550101,艺术设计,高职（专科）,1060,文化艺术,106055,艺术设计类,10605501,2025,本专业培养掌握艺术设计专业知识和技术技能，具备职业综合素质和行动能力，面向专业设计服务行业的工艺美术与创意设计职业，能够从事文创开发、设计策划、界面设计工作的高技能人才。,https://gaokao.chsi.com.cn/zyk/zybk/detail/73388489
147jxo2f8zepawhi,550102,视觉传达设计,高职（专科）,1060,文化艺术,106055,艺术设计类,10605501,2025,本专业培养掌握视觉传达设计专业知识和技术技能，具备职业综合素质和行动能力，面向印刷、广告、出版、文化艺术、专业设计服务、数字内容服务行业的工艺美术与创意设计专业人员、专业化设计服务人员等职业，能够从事视觉传达设计、平面设计、广告策划与设计、包装设计、印前处理与制作、新媒体设计、美术编辑等工作的高技能人才。,https://gaokao.chsi.com.cn/zyk/zybk/detail/147jxo2f8zepawhi
1vbl8mloimbv1088,550103,数字媒体艺术设计,高职（专科）,1060,文化艺术,106055,艺术设计类,10605501,2025,本专业培养掌握数字媒体艺术设计专业知识和技术技能，具备职业综合素质和行动能力，面向数字内容服务行业的数字媒体艺术专业人员职业，能够从事数字媒体平面艺术设计、数字交互设计、数字合成、动画设计制作、虚拟现实内容设计与制作工作的高技能人才。,https://gaokao.chsi.com.cn/zyk/zybk/detail/1vbl8mloimbv1088
vy2198vs1f81afhg,550104,产品艺术设计,高职（专科）,1060,文化艺术,106055,艺术设计类,10605501,2025,本专业培养掌握本专业知识和技术技能，具备职业综合素质和行动能力，面向工业设计服务等行业的工业（产品）设计工程技术人员、专业化设计服务人员等岗位群，能够从事产品设计师、工业设计师、文创产品设计师、家具设计师、玩具设计师、交互设计师、产品动画制作师等工作的高技能人才。,https://gaokao.chsi.com.cn/zyk/zybk/detail/vy2198vs1f81afhg
9r6jtdr9vsl08tr1,550105,服装与服饰设计,高职（专科）,1060,文化艺术,106055,艺术设计类,10605501,2025,本专业培养掌握本专业知识和技术技能，具备职业综合素质和行动能力，面向纺织服装、服饰行业的服装与服饰设计、服装营销、服装生产等类型岗位群，能够从事服装与服饰设计、服装品牌设计与策划服务、服装品牌运营与管理、服装陈列设计、服装营销等工作的高技能人才。,https://gaokao.chsi.com.cn/zyk/zybk/detail/9r6jtdr9vsl08tr1
73386544,550106,环境艺术设计,高职（专科）,1060,文化艺术,106055,艺术设计类,10605501,2025,本专业培养掌握本专业知识和技术技能，具备职业综合素质和行动能力，面向专业设计服务行业的环境艺术设计岗位群，能够从事环境设计创意、环境设计绘图、环境设计材料与施工管理等工作的高技能人才。,https://gaokao.chsi.com.cn/zyk/zybk/detail/73386544
73388553,550107,书画艺术,高职（专科）,1060,文化艺术,106055,艺术设计类,10605501,2025,本专业培养掌握本专业知识和技术技能，具备职业综合素质和行动能力，面向文化艺术行业的艺术品创作与经营、幼儿美术教育、美术咨询和辅导等岗位群，能够从事书画制作、艺术品创作与经营、书画艺术教育教学、美术咨询与辅导等工作的高技能人才。,https://gaokao.chsi.com.cn/zyk/zybk/detail/73388553
05308mbx8yd28gpk,550108,公共艺术设计,高职（专科）,1060,文化艺术,106055,艺术设计类,10605501,2025,本专业培养掌握本专业知识和技术技能，具备职业综合素质和行动能力，面向文化艺术行业的公共艺术设计、工艺美术设计职业，能够从事公共空间艺术景观、设施、装置设计工作的高技能人才。,https://gaokao.chsi.com.cn/zyk/zybk/detail/05308mbx8yd28gpk
164253447,550109,游戏艺术设计,高职（专科）,1060,文化艺术,106055,艺术设计类,10605501,2025,本专业培养掌握本专业知识和技术技能，具备职业综合素质和行动能力，面向游戏内容服务、互联网游戏服务等行业，能够从事游戏美术设计、数字建模、游戏动画设计与制作、游戏特效等工作的高技能人才。,https://gaokao.chsi.com.cn/zyk/zybk/detail/164253447
b4s4khtrsjenvrnl,550110,展示艺术设计,高职（专科）,1060,文化艺术,106055,艺术设计类,10605501,2025,本专业培养掌握本专业知识和技术技能，具备职业综合素质和行动能力，面向会议、展览及相关服务、博物馆、群体文化活动、建筑装饰和装修等行业，能够从事会展设计、会展策划、卖场设计、展馆设计等工作的高技能人才。,https://gaokao.chsi.com.cn/zyk/zybk/detail/b4s4khtrsjenvrnl
l0x8xyc78hik1y7v,550111,美容美体艺术,高职（专科）,1060,文化艺术,106055,艺术设计类,10605501,2025,本专业培养掌握本专业知识和技术技能，具备职业综合素质和行动能力，面向居民服务、文化艺术行业的美容师、保健师、化妆师等职业，能够从事美容护肤、美体塑形、养生保健、化妆造型等技术服务及相关营销、培训、管理等工作的高技能人才。,https://gaokao.chsi.com.cn/zyk/zybk/detail/l0x8xyc78hik1y7v
rlmmuus6b03kbk3r,550112,工艺美术品设计,高职（专科）,1060,文化艺术,106055,艺术设计类,10605501,2025,本专业培养掌握本专业知识和技术技能，具备职业综合素质和行动能力，面向工艺美术及礼仪用品制造业行业的工艺美术、室内装饰设计等职业，能够从事工艺美术品设计与制作、工艺礼品开发、陈设设计等工作的高技能人才。,https://gaokao.chsi.com.cn/zyk/zybk/detail/rlmmuus6b03kbk3r
73388533,550113,广告艺术设计,高职（专科）,1060,文化艺术,106055,艺术设计类,10605501,2025,本专业培养掌握本专业知识和技术技能，具备职业综合素质和行动能力，面向广告行业的专业化设计服务人员的广告设计、广告策划、广告制作、广告摄影 （像） 职业，能够从事品牌识别系统设计、平面广告设计、广告策划与创意、数字广告设计、视频广告设计等工作的高技能人才。,https://gaokao.chsi.com.cn/zyk/zybk/detail/73388533
164253443,550114,室内艺术设计,高职（专科）,1060,文化艺术,106055,艺术设计类,10605501,2025,本专业培养掌握本专业知识和技术技能，具备职业综合素质和行动能力，面向建筑装饰和装修、专业设计服务行业的环境设计人员、室内装饰设计师、花艺环境设计师、色彩搭配师等职业，能够从事室内装饰设计、室内软装设计、施工图深化设计、施工监理等工作的高技能人才。,https://gaokao.chsi.com.cn/zyk/zybk/detail/164253443
pj1q9eeyc8qiixk2,550115,家具艺术设计,高职（专科）,1060,文化艺术,106055,艺术设计类,10605501,2025,本专业培养掌握本专业知识和技术技能，具备职业综合素质和行动能力，面向家具制造、工业设计服务行业的家具设计师职业，能够从事家具设计、家具工艺设计、家具绘图等工作的高技能人才。,https://gaokao.chsi.com.cn/zyk/zybk/detail/pj1q9eeyc8qiixk2
73388569,550116,动漫设计,高职（专科）,1060,文化艺术,106055,艺术设计类,10605501,2025,本专业培养掌握本专业知识和技术技能，具备职业综合素质和行动能力，面向动漫、游戏数字内容服务，专业设计服务等行业的动画设计人员、动画制作员等职业，能够从事动画制作、原画设计、动画分镜设计、角色与场景设计、三维模型制作、灯光渲染、特效设计制作、漫画设计、动漫衍生产品设计等工作的高技能人才。,https://gaokao.chsi.com.cn/zyk/zybk/detail/73388569
73388505,550117,人物形象设计,高职（专科）,1060,文化艺术,106055,艺术设计类,10605501,2025,本专业培养掌握本专业知识和技术技能，具备职业综合素质和行动能力，面向居民服务、文化艺术行业的化妆造型、服饰搭配、发型设计、形象设计、形象传播、皮肤管理等岗位群，能够从事形象设计、妆发设计、服饰搭配、色彩搭配、形象造型、形象展示及传播、皮肤管理等工作的高技能人才。,https://gaokao.chsi.com.cn/zyk/zybk/detail/73388505
213770680,550118,摄影与摄像艺术,高职（专科）,1060,文化艺术,106055,艺术设计类,10605501,2025,本专业培养掌握摄影与摄像艺术专业知识和技术技能，具备职业综合素质和行动能力，面向影视节目制作行业，能够从事摄影、摄像、后期及特效、影像美工、图像精修、影视广告制作等工作的高技能人才。,https://gaokao.chsi.com.cn/zyk/zybk/detail/213770680
uvlmjkd4w3v66wus,550119,雕刻艺术设计,高职（专科）,1060,文化艺术,106055,艺术设计类,10605501,2025,本专业培养掌握雕刻艺术设计专业知识和技术技能，具备职业综合素质和行动能力，面向专业设计服务、雕塑工艺品制造行业，能够从事雕刻艺术品设计与制作、装饰雕刻设计、数字雕刻设计等工作的高技能人才。,https://gaokao.chsi.com.cn/zyk/zybk/detail/uvlmjkd4w3v66wus
73388565,550120,皮具艺术设计,高职（专科）,1060,文化艺术,106055,艺术设计类,10605501,2025,本专业培养掌握皮具艺术设计专业知识和技术技能，具备职业综合素质和行动能力，面向皮革、毛皮、羽毛及其制品和制鞋，纺织服装、服饰行业的箱包、鞋类、皮装、饰品等设计领域，能够从事皮具款式设计、造型结构设计、3D 建模设计、色彩搭配设计、材料应用设计等工作的高技能人才。,https://gaokao.chsi.com.cn/zyk/zybk/detail/73388565
4gpue22yrl4hbmbj,550121,包装艺术设计,高职（专科）,1060,文化艺术,106055,艺术设计类,10605501,2025,本专业培养掌握包装艺术设计专业知识和技术技能，具备职业综合素质和行动能力，面向包装装潢及其他印刷行业，能够从事包装设计、视觉传达设计工作的高技能人才。,https://gaokao.chsi.com.cn/zyk/zybk/detail/4gpue22yrl4hbmbj
73388545,550122,陶瓷设计与工艺,高职（专科）,1060,文化艺术,106055,艺术设计类,10605501,2025,本专业培养德智体美劳全面发展，掌握扎实的科学文化基础和陶瓷设计法则、设计原理、工艺制作流程等知识，具备纹样设计、陶瓷彩绘装饰、陶瓷造型设计与制作等能力，具有工匠精神和信息素养，能够从事日用陶瓷设计与制作、艺术陶瓷设计制作、陶瓷雕塑设计制作、陶瓷纹样设计与制作、陶瓷产品设计与制作等工作的高素质技术技能人才。,https://gaokao.chsi.com.cn/zyk/zybk/detail/73388545
73386412,550123,首饰设计与工艺,高职（专科）,1060,文化艺术,106055,艺术设计类,10605501,2025,本专业培养掌握首饰设计与工艺专业知识和技术技能，具备职业综合素质和行动能力，面向珠宝首饰及有关物品制造行业，能够从事首饰 3D 制图、首饰绘图、首饰设计、首饰加工工作的高技能人才。,https://gaokao.chsi.com.cn/zyk/zybk/detail/73386412
437287004,550124,玉器设计与工艺,高职（专科）,1060,文化艺术,106055,艺术设计类,10605501,2025,本专业培养掌握玉器设计与工艺专业知识和技术技能，具备职业综合素质和行动能力，面向工艺美术及礼仪用品制造行业，能够从事玉器工艺雕刻、玉器设计、工艺美术品设计与制作、文玩修复、工艺礼品设计、旅游品设计等工作的高技能人才。,https://gaokao.chsi.com.cn/zyk/zybk/detail/437287004
z9def2fss0e1u65c,550125,刺绣设计与工艺,高职（专科）,1060,文化艺术,106055,艺术设计类,10605501,2025,本专业培养掌握刺绣设计与工艺专业知识和技术技能，具备职业综合素质和行动能力，面向抽纱刺绣工艺品制造行业，能够从事绣稿设计员、刺绣工艺助理、电脑刺绣制版助理等工作的高技能人才。,https://gaokao.chsi.com.cn/zyk/zybk/detail/z9def2fss0e1u65c
qewh3f2v0y5atft3,550126,雕塑设计,高职（专科）,1060,文化艺术,106055,艺术设计类,10605501,2025,本专业培养掌握雕塑设计专业知识和技术技能，具备职业综合素质和行动能力，面向雕塑工艺品制造、文艺创作与表演行业，能够从事雕塑设计制作、数字雕塑、雕塑翻制、工艺品雕刻相关工作的高技能人才。,https://gaokao.chsi.com.cn/zyk/zybk/detail/qewh3f2v0y5atft3
213768907,550127,服装陈列与展示设计,高职（专科）,1060,文化艺术,106055,艺术设计类,10605501,2025,本专业培养掌握服装陈列与展示设计专业知识和技术技能，具备职业综合素质和行动能力，面向纺织服装、服饰行业，能够从事服装陈列与展示策划、卖场设计、橱窗设计、展具设计、陈列管理等工作的高技能人才。,https://gaokao.chsi.com.cn/zyk/zybk/detail/213768907
s4nayq26w1ovm9wi,550128,数字时尚设计,高职（专科）,1060,文化艺术,106055,艺术设计类,10605501,,,https://gaokao.chsi.com.cn/zyk/zybk/detail/s4nayq26w1ovm9wi
y5k2xrwd3tlis6ac,550129,玩具设计与制作,高职（专科）,1060,文化艺术,106055,艺术设计类,10605501,,,https://gaokao.chsi.com.cn/zyk/zybk/detail/y5k2xrwd3tlis6ac
t7m4aet0b0jw7is4,550130,眼镜造型设计与工艺,高职（专科）,1060,文化艺术,106055,艺术设计类,10605501,,,https://gaokao.chsi.com.cn/zyk/zybk/detail/t7m4aet0b0jw7is4
rji6boerdk39ho4j,550131,数字非遗设计与制作,高职（专科）,1060,文化艺术,106055,艺术设计类,10605501,,,https://gaokao.chsi.com.cn/zyk/zybk/detail/rji6boerdk39ho4j
9ygkezroorq2ptsw,550201,音乐表演,高职（专科）,1060,文化艺术,106055,表演艺术类,10605502,2025,本专业培养掌握音乐表演专业知识和技术技能，具备职业综合素质和行动能力，面向文化艺术和教育行业，能够从事声乐或器乐表演、群众音乐艺术活动服务与指导和音乐辅导培训等工作的高技能人才。,https://gaokao.chsi.com.cn/zyk/zybk/detail/9ygkezroorq2ptsw
73388601,550202,舞蹈表演,高职（专科）,1060,文化艺术,106055,表演艺术类,10605502,2025,本专业培养掌握舞蹈表演专业知识和技术技能，具备职业综合素质和行动能力，面向文化艺术和教育行业，能够从事舞蹈表演、舞蹈培训、文艺活动组织与策划等工作的高技能人才。,https://gaokao.chsi.com.cn/zyk/zybk/detail/73388601
73388613,550203,戏曲表演,高职（专科）,1060,文化艺术,106055,表演艺术类,10605502,2025,本专业培养德智体美劳全面发展，掌握扎实的科学文化基础和戏曲发展史、戏曲理论、乐理、文艺活动策划等知识，具备戏曲表演基本功、戏曲人物形象塑造、戏曲唱腔和身段指导等能力，具有精益求精、守正创新的精神和信息素养，能够从事戏曲表演、群众文化活动服务与指导、艺术辅导等工作的高素质技术技能人才。,https://gaokao.chsi.com.cn/zyk/zybk/detail/73388613
73388593,550204,表演艺术,高职（专科）,1060,文化艺术,106055,表演艺术类,10605502,2025,本专业培养掌握表演艺术专业知识和技术技能，具备职业综合素质和行动能力，面向文化艺术行业，能够从事电影电视表演、戏剧戏曲和音乐舞蹈等综艺表演、社会文化活动服务与指导、综艺节目主持等工作的高技能人才。,https://gaokao.chsi.com.cn/zyk/zybk/detail/73388593
73388609,550205,戏剧影视表演,高职（专科）,1060,文化艺术,106055,表演艺术类,10605502,2025,本专业培养掌握戏剧影视表演专业知识和技术技能，具备职业综合素质和行动能力，面向文化艺术行业，能够从事戏剧表演、影视表演、旅游演艺、文艺活动策划与主持、社会文化活动服务与指导等工作的高技能人才。,https://gaokao.chsi.com.cn/zyk/zybk/detail/73388609
164253475,550206,歌舞表演,高职（专科）,1060,文化艺术,106055,表演艺术类,10605502,2025,本专业培养掌握歌舞表演专业知识和技术技能，具备职业综合素质和行动能力，面向文化艺术和教育行业，能够从事歌舞表演、舞蹈编导、文艺活动组织与策划和艺术培训辅导等工作的高技能人才。,https://gaokao.chsi.com.cn/zyk/zybk/detail/164253475
yguhvh1uargrx3c5,550207,曲艺表演,高职（专科）,1060,文化艺术,106055,表演艺术类,10605502,2025,本专业培养德智体美劳全面发展，掌握扎实的科学文化基础和曲艺表演技法、曲艺创编理论、曲艺培训辅导等知识，具备曲艺舞台表演、曲艺作品创编、文化活动服务与艺术培训辅导等能力，具有精益求精、守正创新的精神和信息素养，能够从事曲艺表演、作品创编、群众文化活动服务与指导、曲艺教育培训等工作的高素质技术技能人才。,https://gaokao.chsi.com.cn/zyk/zybk/detail/yguhvh1uargrx3c5
213770684,550208,音乐剧表演,高职（专科）,1060,文化艺术,106055,表演艺术类,10605502,2025,本专业培养德智体美劳全面发展，掌握扎实的科学文化基础和音乐剧基本理论、音乐剧角色塑造、演唱与舞蹈等知识，具备音乐剧表演、声乐演唱与舞蹈表演、文艺活动策划与艺术辅导等能力，具有精益求精、守正创新的精神和信息素养，能够从事音乐剧表演、歌舞表演、音乐剧编排与策划、艺术辅导与培训、群众文化活动服务与指导等工作的高素质技术技能人才。,https://gaokao.chsi.com.cn/zyk/zybk/detail/213770684
320924830,550209,国际标准舞,高职（专科）,1060,文化艺术,106055,表演艺术类,10605502,2025,本专业培养掌握国际标准舞专业知识和技术技能，具备职业综合素质和行动能力，面向文化艺术和教育行业，能够从事摩登舞、拉丁舞等国际标准舞表演、社会文化活动服务、艺术辅导与培训等工作的高技能人才。,https://gaokao.chsi.com.cn/zyk/zybk/detail/320924830
320924472,550210,现代流行音乐,高职（专科）,1060,文化艺术,106055,表演艺术类,10605502,2025,本专业培养掌握本专业知识和技术技能，具备职业综合素质和行动能力，面向文化艺术和教育行业的流行音乐表演、流行音乐编配与录音、艺术教育培训及社会文化活动服务与指导等岗位（群），能够从事流行声乐演唱、流行器乐演奏、流行音乐编配、录音制作、音乐艺术培训和社会文化活动服务与指导等工作的高技能人才。,https://gaokao.chsi.com.cn/zyk/zybk/detail/320924472
krke3sar19drx1jd,550211,戏曲音乐,高职（专科）,1060,文化艺术,106055,表演艺术类,10605502,2025,本专业培养掌握本专业知识和技术技能，具备职业综合素质和行动能力，面向文化艺术和教育行业的戏曲音乐演（伴）奏、社会文化活动服务与指导、艺术教育培训等岗位（群），能够从事戏曲音乐演（伴）奏、戏曲传承、社会文化活动服务、文化艺术教学与培训等工作的高技能人才。,https://gaokao.chsi.com.cn/zyk/zybk/detail/krke3sar19drx1jd
w9pa14kvn4a08de0,550212,音乐制作,高职（专科）,1060,文化艺术,106055,表演艺术类,10605502,2025,本专业培养掌握本专业知识和技术技能，具备职业综合素质和行动能力，面向文化艺术、广播、电视、电影和录音制作及新媒体等行业的音乐录制和编辑、音效音响设计、音乐编创等技术领域，能够从事音乐录制、音乐编辑、音响设计和音效处理、音乐编创、音乐监制等工作的高技能人才。,https://gaokao.chsi.com.cn/zyk/zybk/detail/w9pa14kvn4a08de0
164253471,550213,钢琴伴奏,高职（专科）,1060,文化艺术,106055,表演艺术类,10605502,2025,本专业培养德智体美劳全面发展，掌握扎实的科学文化基础和音乐基本理论、钢琴演奏技术技巧和钢琴伴奏协作方法等知识，具备较好的伴奏协作、音乐创造与音乐鉴赏等能力，具有精益求精、守正创新的精神和信息素养，能够从事钢琴伴奏、艺术指导、文化艺术培训等工作的高素质技术技能人才。,https://gaokao.chsi.com.cn/zyk/zybk/detail/164253471
73388625,550214,钢琴调律,高职（专科）,1060,文化艺术,106055,表演艺术类,10605502,2025,本专业培养掌握本专业知识和技术技能，具备职业综合素质和行动能力，面向文教、工美、体育和娱乐用品制造业的钢琴调律、钢琴装配和调修等岗位（群），能够从事钢琴调律与修整、装配与修复、智能钢琴安装与调修等工作的高技能人才。,https://gaokao.chsi.com.cn/zyk/zybk/detail/73388625
klk5qgxz0q7ctxlu,550215,舞蹈编导,高职（专科）,1060,文化艺术,106055,表演艺术类,10605502,2025,本专业培养德智体美劳全面发展，掌握扎实的科学文化基础和舞蹈表演基础理论、舞蹈编创、文艺活动策划等知识，具备较好的舞蹈编导技能、基本的舞蹈表演与指导培训等能力，具有精益求精、守正创新的精神和信息素养，能够从事舞蹈编导、文艺活动策划与组织、艺术辅导与社会培训、群众文化服务等工作的高素质技术技能人才。,https://gaokao.chsi.com.cn/zyk/zybk/detail/klk5qgxz0q7ctxlu
yijm7kovuiysqpr1,550216,音乐传播,高职（专科）,1060,文化艺术,106055,表演艺术类,10605502,2025,本专业培养德智体美劳全面发展，掌握扎实的科学文化基础和基本乐理、音乐传播、音乐表演等知识，具备演出场馆管理、演艺活动策划和执行、新媒体内容制作等能力，具有工匠精神和信息素养，能够从事音乐活动策划、演出经纪、舞台管理、新媒体运营、音视频剪辑等工作的高素质技术技能人才。,https://gaokao.chsi.com.cn/zyk/zybk/detail/yijm7kovuiysqpr1
wgs8551lxno4ni3z,550217,时尚表演与传播,高职（专科）,1060,文化艺术,106055,表演艺术类,10605502,2025,本专业培养掌握本专业知识和技术技能，具备职业综合素质和行动能力，面向文化艺术、商务服务行业的时尚表演、时尚主播、自媒体销售、时尚编导、模特经纪等岗位（群），能够从事模特表演、自媒体营销、时尚主播与编导、模特培训、模特经纪管理等工作的高技能人才。,https://gaokao.chsi.com.cn/zyk/zybk/detail/wgs8551lxno4ni3z
73388557,550218,舞台艺术设计与制作,高职（专科）,1060,文化艺术,106055,表演艺术类,10605502,2025,本专业培养掌握舞台艺术设计与制作专业知识和技术技能，具备职业综合素质和行动能力，面向文化艺术行业的舞台美术设计与制作、灯光设计、人物造型设计、数字影像制作等岗位（群），能够从事舞台美术设计、置景道具制作、灯光设计与艺术效果处理、舞台和影视人物的造型设计、舞台数字媒体制作、演出监制等工作的高技能人才。,https://gaokao.chsi.com.cn/zyk/zybk/detail/73388557
73388721,550219,作曲技术,高职（专科）,1060,文化艺术,106055,表演艺术类,10605502,2025,本专业培养德智体美劳全面发展，掌握扎实的科学文化基础和作曲理论、音乐制作、电子音乐编辑等知识，具备音乐创作、音视频编辑和录音与混音等能力，具有工匠精神和信息素养，能够从事音乐创作、录音制作、电子音乐编辑、制谱、文化艺术活动指导等工作的高素质技术技能人才。,https://gaokao.chsi.com.cn/zyk/zybk/detail/73388721
ssmklqfycz7bx81t,550220,现代魔术设计与表演,高职（专科）,1060,文化艺术,106055,表演艺术类,10605502,2025,本专业培养掌握现代魔术设计与表演及社会文化活动策划指导等方面的专业知识和技术技能，具备职业综合素质和行动能力，面向文化艺术行业的新兴演艺产业的魔术表演、魔术道具设计与制作、社会文化活动服务与指导等岗位（群），能够从事魔术节目表演、魔术场景布置、道具开发制作、社会文化活动服务等工作的高技能人才。,https://gaokao.chsi.com.cn/zyk/zybk/detail/ssmklqfycz7bx81t
pix6si7vvltldv2v,550221,现代杂技表演艺术,高职（专科）,1060,文化艺术,106055,表演艺术类,10605502,,,https://gaokao.chsi.com.cn/zyk/zybk/detail/pix6si7vvltldv2v
3r1w9xlguw0ye9y3,550301,民族表演艺术,高职（专科）,1060,文化艺术,106055,民族文化艺术类,10605503,2025,本专业培养德智体美劳全面发展，掌握扎实的科学文化基础和中华优秀传统文化、民族音乐、民族舞蹈、民族艺术基本理论、民族艺术表演等知识，具备文艺创作与表演、群众文体活动组织、文化艺术培训等能力，具有工匠精神和信息素养，能够从事民族乐器演奏、民族舞蹈表演、音乐表演、歌唱表演、文化活动组织与策划、民族民间艺术传承等工作的高素质技术技能人才。,https://gaokao.chsi.com.cn/zyk/zybk/detail/3r1w9xlguw0ye9y3
vgqke2l6jxbmw2zu,550302,民族美术,高职（专科）,1060,文化艺术,106055,民族文化艺术类,10605503,2025,本专业培养德智体美劳全面发展，掌握扎实的科学文化基础和中华优秀传统文化、艺术设计方法等知识，具备民族审美、文创品开发和艺术表达等能力，具有工匠精神和信息素养，能够从事民族绘画、工艺美术品设计、美术衍生品制作、民族美术艺术品修复、文旅会展服务等工作的高素质技术技能人才。,https://gaokao.chsi.com.cn/zyk/zybk/detail/vgqke2l6jxbmw2zu
qo04l8zryyvmj4zz,550303,民族服装与饰品,高职（专科）,1060,文化艺术,106055,民族文化艺术类,10605503,2025,本专业培养掌握民族服装与饰品专业知识和技术技能，具备职业综合素质和行动能力，面向纺织服装、服饰行业的服装设计人员、服装制版师、家用纺织品设计师、民间工艺品制作工岗位（群），能够从事民族服装与饰品设计、民族服装与饰品结构制图、民族服装与饰品工艺制作、民族服装与饰品产品研发、民族服饰文化传播等工作的高技能人才。,https://gaokao.chsi.com.cn/zyk/zybk/detail/qo04l8zryyvmj4zz
srmoxmixbugygsot,550304,民族传统技艺,高职（专科）,1060,文化艺术,106055,民族文化艺术类,10605503,2025,本专业培养德智体美劳全面发展，掌握扎实的科学文化基础和厚实的中华优秀传统文化、民族传统文化习俗、民族传统技艺和艺术设计基础理论等知识，具备民族传统技艺制作、设计造型和计算机辅助应用等能力，具有工匠精神和信息素养，能够从事民族传统特色产业或文创企业（部门）、民族地区文博机构的设计、制作、技术服务，传承、创新民族传统技艺等工作的高素质技术技能人才。,https://gaokao.chsi.com.cn/zyk/zybk/detail/srmoxmixbugygsot
73388293,550305,中国少数民族语言文化,高职（专科）,1060,文化艺术,106055,民族文化艺术类,10605503,2025,本专业培养德智体美劳全面发展，掌握扎实的科学文化基础和中华优秀传统文化、双语翻译、写作、新媒体技术等知识，具备熟练的听、说、读、写、译和文字处理等能力，具有工匠精神和信息素养，能够从事少数民族语言文化的管理、教育、翻译、新闻报道、民族文化产业建设等工作的高素质技术技能人才。,https://gaokao.chsi.com.cn/zyk/zybk/detail/73388293
213808564,550401,文化创意与策划,高职（专科）,1060,文化艺术,106055,文化服务类,10605504,2025,本专业培养德智体美劳全面发展，掌握扎实的科学文化基础和创意策划、新媒体运营、基础设计与视频制作等知识，具备创意统筹、运营推广、文创产品开发等能力，具有工匠精神和信息素养，能够从事文化活动策划与组织、新媒体运营、文创产品设计与创意策划、短视频创意指导与创作等工作的高素质技术技能人才。,https://gaokao.chsi.com.cn/zyk/zybk/detail/213808564
73388253,550402,文化产业经营与管理,高职（专科）,1060,文化艺术,106055,文化服务类,10605504,2025,本专业培养掌握文化产业经营与管理专业知识和技术技能，具备职业综合素质和行动能力，面向文化艺术业、娱乐业、互联网和相关服务行业的文化经纪人、全媒体运营师以及其他文化和教育服务人员等职业，能够从事文化经纪、文化活动策划、文化产品营销、全媒体运营等工作的高技能人才。,https://gaokao.chsi.com.cn/zyk/zybk/detail/73388253
vdy11bkk39okkowv,550403,公共文化服务与管理,高职（专科）,1060,文化艺术,106055,文化服务类,10605504,2025,本专业培养德智体美劳全面发展，掌握扎实的科学文化基础和公共文化服务、文化活动管理基础理论、文化政策法规等知识，具备组织群众文化活动所需的艺术技能和策划、管理等能力，具有工匠精神和信息素养，能够从事群众文化活动策划与组织、文化艺术辅导与培训、群众文艺创作与编导、公共文化设施运营与管理、民族民间文化艺术开发与利用等工作的高素质技术技能人才。,https://gaokao.chsi.com.cn/zyk/zybk/detail/vdy11bkk39okkowv
1j4w7yzapir5f0ff,550404,文物修复与保护,高职（专科）,1060,文化艺术,106055,文化服务类,10605504,2025,本专业培养德智体美劳全面发展，掌握扎实的科学文化基础和文物时代特征、材质特点和制作工艺等知识，具备对文物本体进行修复保护等能力，具有工匠精神和信息素养，能够从事文物修复与保护等工作的高素质技术技能人才。,https://gaokao.chsi.com.cn/zyk/zybk/detail/1j4w7yzapir5f0ff
o4oexushfrvfg1gs,550405,文物考古技术,高职（专科）,1060,文化艺术,106055,文化服务类,10605504,2025,本专业培养德智体美劳全面发展，掌握扎实的科学文化基础和文物考古、文物保护等专业等知识，具备田野考古和现场文物保护等能力，具有工匠精神和信息素养，能够从事考古调查、勘探、发掘、考古资料整理及出土、出水文物现场保护等工作的高素质技术技能人才。,https://gaokao.chsi.com.cn/zyk/zybk/detail/o4oexushfrvfg1gs
qslfi6gikfsc5j0r,550406,文物展示利用技术,高职（专科）,1060,文化艺术,106055,文化服务类,10605504,2025,本专业培养德智体美劳全面发展，掌握扎实的科学文化基础和文博专业知识，具备文物藏品管理、文物展示利用等专业能力，具有工匠精神和信息素养，能够从事文物管理、展陈设计、信息化管理、宣传教育、文创开发等工作的高素质技术技能人才。,https://gaokao.chsi.com.cn/zyk/zybk/detail/qslfi6gikfsc5j0r
73388257,550407,图书档案管理,高职（专科）,1060,文化艺术,106055,文化服务类,10605504,2025,本专业培养德智体美劳全面发展，掌握扎实的科学文化基础和图书档案的编目、检索、编研、保管修复、数字化技术与方法等知识，具备图书档案整理、编研利用、修复、缩微复制、数字化加工等能力，具有工匠精神和信息素养，能够从事图书档案管理、文献保护修复、图书档案数字化加工等工作的高素质技术技能人才。,https://gaokao.chsi.com.cn/zyk/zybk/detail/73388257
c3cak8kro9hhcfk4,550408,石窟寺保护技术,高职（专科）,1060,文化艺术,106055,文化服务类,10605504,2025,本专业培养掌握本专业知识和技术技能，具备职业综合素质和行动能力，面向文物及非物质文化遗产保护行业的考古及文物保护专业人员、考古及文物保护作业人员岗位 （群），能够从事石窟寺、摩崖石刻、壁画彩塑等文物的勘察、监测、保护、修复、数字化采集与展示利用、日常保养等工作的高技能人才。,https://gaokao.chsi.com.cn/zyk/zybk/detail/c3cak8kro9hhcfk4
cdstm52u9yiivfat,550409,文物数字技术,高职（专科）,1060,文化艺术,106055,文化服务类,10605504,,,https://gaokao.chsi.com.cn/zyk/zybk/detail/cdstm52u9yiivfat
8g85rah5kjcbb8v6,560101,数字图文信息处理技术,高职（专科）,1060,新闻传播,106056,新闻出版类,10605601,2025,本专业培养德智体美劳全面发展，掌握扎实的科学文化基础和数字图文采集与处理、出版物装帧设计、数字出版物设计和制作、出版物印刷复制等知识，具备数字图文采集与处理软件和设备操作、出版物版式设计与编排、数字出版物编辑加工等能力，具有工匠精神和信息素养，能够从事出版物整体装帧设计、版面编排、数字出版物编辑加工和数字化转换等工作的高素质技术技能人才。,https://gaokao.chsi.com.cn/zyk/zybk/detail/8g85rah5kjcbb8v6
73388701,560102,网络新闻与传播,高职（专科）,1060,新闻传播,106056,新闻出版类,10605601,2025,本专业培养德智体美劳全面发展，掌握扎实的科学文化基础和系统的网络新闻与传播专业等知识，具备新闻采写、网络信息编辑、网络媒体运营等能力，具有良好的职业道德、工匠精神和信息素养，能够从事融媒体新闻采编、文案编辑、音视频编辑、互动策划和网络媒体产品运营等工作的高素质技术技能人才。,https://gaokao.chsi.com.cn/zyk/zybk/detail/73388701
l09daysq9jm6xnmj,560103,出版策划与编辑,高职（专科）,1060,新闻传播,106056,新闻出版类,10605601,2025,本专业培养德智体美劳全面发展，掌握扎实的科学文化基础和编辑校对、排版设计、新媒体编辑和相关出版活动策划文案写作等知识，具备出版物编校加工、排版设计软件操作、新媒体编辑和相关出版活动策划等能力，具有工匠精神和信息素养，能够从事编校加工、排版设计、新媒体编辑，以及相关出版活动策划等工作的高素质技术技能人才。,https://gaokao.chsi.com.cn/zyk/zybk/detail/l09daysq9jm6xnmj
73387585,560104,出版商务,高职（专科）,1060,新闻传播,106056,新闻出版类,10605601,2025,本专业培养德智体美劳全面发展，掌握扎实的科学文化基础和出版商务基本理论等知识，具备出版物市场调研分析、出版物市场营销、全媒体推广运营等能力，具有工匠精神和信息素养，能够从事出版物营销策划与推广、文化产品营销活动策划、新媒体营销策划、新媒体运营、电子商务等工作的高素质技术技能人才。,https://gaokao.chsi.com.cn/zyk/zybk/detail/73387585
213768923,560105,数字出版,高职（专科）,1060,新闻传播,106056,新闻出版类,10605601,2025,本专业培养掌握本专业知识和技术技能，具备职业综合素质和行动能力，面向新闻出版、软件和信息技术服务行业的数字内容加工处理、网络编辑、数字出版物策划与制作、数字媒体界面设计、数字出版物营销、数字内容运营服务技术等领域，能够从事数字内容加工处理、网络编辑、数字出版物策划与制作、数字出版物营销、新媒体运营服务工作的高技能人才。,https://gaokao.chsi.com.cn/zyk/zybk/detail/213768923
213805417,560106,数字媒体设备应用与管理,高职（专科）,1060,新闻传播,106056,新闻出版类,10605601,2025,本专业培养德智体美劳全面发展，掌握扎实的科学文化基础和数字印刷设备工作原理、数字印刷、销售等知识，具备数字媒体设备操作、应用、维护与营销等能力，具有工匠精神和信息素养，能够从事数字媒体设备操作、安装调试、运行维护、销售及技术服务等工作的高素质技术技能人才。,https://gaokao.chsi.com.cn/zyk/zybk/detail/213805417
73388665,560201,播音与主持,高职（专科）,1060,新闻传播,106056,广播影视类,10605602,2025,本专业培养掌握本专业知识和技术技能，具备职业综合素质和行动能力，面向广播、电视、电影和影视录音制作业，文化艺术业等行业的播音员、节目主持人、记者等职业，能够从事播音、配音、节目主持、采访报道、活动主持、网络与新媒体传播、电商直播及语言艺术培训等工作的高技能人才。,https://gaokao.chsi.com.cn/zyk/zybk/detail/73388665
qpewun12bafllkmv,560202,广播影视节目制作,高职（专科）,1060,新闻传播,106056,广播影视类,10605602,2025,本专业培养掌握本专业知识和技术技能，具备职业综合素质和行动能力，面向广播、电视、电影和录音制作业的剪辑师、电影电视摄像师、电视导播等岗位 （群），能够从事影视剪辑、影视节目包装、影视摄像、新媒体内容生产的高技能人才。,https://gaokao.chsi.com.cn/zyk/zybk/detail/qpewun12bafllkmv
73388641,560203,数字广播电视技术,高职（专科）,1060,新闻传播,106056,广播影视类,10605602,2025,本专业培养掌握本专业知识和技术技能，具备职业综合素质和行动能力，面向广播电视和卫星传输服务行业的广播视听设备工程技术人员、广播电视制播工程技术人员、广播电视传输覆盖工程技术人员等岗位 （群），能够从事广播电视播控技术支持与维护、传输与接收技术支持与维护、融媒体技术支持工作的高技能人才。,https://gaokao.chsi.com.cn/zyk/zybk/detail/73388641
213808608,560204,影视编导,高职（专科）,1060,新闻传播,106056,广播影视类,10605602,2025,本专业培养掌握本专业知识和技术技能，具备职业综合素质和行动能力，面向广播、电视、电影和录音制作业，文化艺术业等行业，能够从事影视剧本创作、影视导演、视听节目创意与策划、视听节目创作、视频剪辑编导等工作的高技能人才。,https://gaokao.chsi.com.cn/zyk/zybk/detail/213808608
73388669,560205,新闻采编与制作,高职（专科）,1060,新闻传播,106056,广播影视类,10605602,2025,本专业培养掌握本专业知识和技术技能，具备职业综合素质和行动能力，面向新闻和出版业，广播、电视、电影和录音制作业等行业，能够从事采访、写作、编辑、摄像、宣传和策划等工作的高技能人才。,https://gaokao.chsi.com.cn/zyk/zybk/detail/73388669
73388657,560206,影视动画,高职（专科）,1060,新闻传播,106056,广播影视类,10605602,2025,本专业培养掌握本专业知识和技术技能，具备职业综合素质和行动能力，面向软件和信息服务业，广播、电视、电影和录音制作业等行业，能够从事影视动画设计、动画制作、插画设计、影视后期制作、影视特效等工作的高技能人才。,https://gaokao.chsi.com.cn/zyk/zybk/detail/73388657
73388677,560207,影视制片管理,高职（专科）,1060,新闻传播,106056,广播影视类,10605602,2025,本专业培养德智体美劳全面发展，掌握扎实的科学文化基础和电影院线经营管理、影视剧制片管理发行等知识，具备影视项目管理、影展组织实施、影视作品发行策划与营销等能力，具有工匠精神和信息素养，能够从事院线营运与管理、影视项目规划与管理、影展项目调研策划运营、影视片发行策划营销等工作的高素质技术技能人才。,https://gaokao.chsi.com.cn/zyk/zybk/detail/73388677
73388653,560208,影视多媒体技术,高职（专科）,1060,新闻传播,106056,广播影视类,10605602,2025,本专业培养掌握本专业知识和技术技能，具备职业综合素质和行动能力，面向广播、电视、电影和录音制作业，文化艺术业等行业，能够从事新媒体视频制作、影视特效与合成、影视包装、视频剪辑等工作的高技能人才。,https://gaokao.chsi.com.cn/zyk/zybk/detail/73388653
73388697,560209,影视照明技术与艺术,高职（专科）,1060,新闻传播,106056,广播影视类,10605602,2025,本专业培养德智体美劳全面发展，掌握扎实的科学文化基础和美术色彩构成及立体构成、影视及舞台光线效果设计、布光、摄影摄像等知识，具备影视及舞台灯光效果设计与呈现等能力，具有工匠精神和信息素养，能够从事演艺灯光及特效设备销售与维护、演出灯光系统搭建、影视及舞台灯光效果设计与效果呈现等工作的高素质技术技能人才。,https://gaokao.chsi.com.cn/zyk/zybk/detail/73388697
73388649,560210,音像技术,高职（专科）,1060,新闻传播,106056,广播影视类,10605602,2025,本专业培养德智体美劳全面发展，掌握扎实的科学文化基础和电工电子、声光等知识，具备舞台音响、灯光、机械的系统应用，舞台系统工程设计，网络音视频系统集成应用等能力，具有工匠精神和信息素养，能够从事舞台音响调音、灯光设计、机械操控、网络音视频系统集成及舞台系统工程集成安装、调试、维护等工作的高素质技术技能人才。,https://gaokao.chsi.com.cn/zyk/zybk/detail/73388649
73388725,560211,录音技术与艺术,高职（专科）,1060,新闻传播,106056,广播影视类,10605602,2025,本专业培养掌握本专业知识和技术技能，具备职业综合素质和行动能力，面向广播、电视、电影和录音制作行业，能够从事录音、混音、影视声音制作、音响调音、音频系统技术等工作的高技能人才。,https://gaokao.chsi.com.cn/zyk/zybk/detail/73388725
73388645,560212,摄影摄像技术,高职（专科）,1060,新闻传播,106056,广播影视类,10605602,2025,本专业培养掌握摄影摄像技术专业知识和技术技能，具备职业综合素质和行动能力，面向新闻和出版业、广播、电视、电影和录音制作业、文化艺术业等行业，能够从事摄影师、摄像师、摄影记者等工作的高技能人才。,https://gaokao.chsi.com.cn/zyk/zybk/detail/73388645
2nbv2asfel8d6ya8,560213,融媒体技术与运营,高职（专科）,1060,新闻传播,106056,广播影视类,10605602,2025,本专业培养掌握融媒体技术与运营专业知识和技术技能，具备职业综合素质和行动能力，面向互联网和其他服务行业，能够从事融媒体采编、融媒体运营、互联网信息审核等工作的高技能人才。,https://gaokao.chsi.com.cn/zyk/zybk/detail/2nbv2asfel8d6ya8
9vdcv0f9bdjdbd3b,560214,网络直播与运营,高职（专科）,1060,新闻传播,106056,广播影视类,10605602,2025,本专业培养掌握网络直播与运营专业知识和技术技能，具备职业综合素质和行动能力，面向互联网和相关服务、广播、电视、电影和录音制作业、文化艺术业等行业，能够从事网络直播运营、网络直播编导、全媒体运营、网络主播等工作的高技能人才。,https://gaokao.chsi.com.cn/zyk/zybk/detail/9vdcv0f9bdjdbd3b
im5icxnswvesp8tr,560215,传播与策划,高职（专科）,1060,新闻传播,106056,广播影视类,10605602,2025,本专业培养德智体美劳全面发展，掌握扎实的科学文化基础和信息传播、全媒体内容策划与运作等知识，具备受众市场数据收集与整理、全媒体内容创意策划与编辑加工、媒体渠道运营与维护等能力，具有工匠精神和信息素养，能够从事视听内容的创意策划、编辑加工、传播运营等工作的高素质技术技能人才。,https://gaokao.chsi.com.cn/zyk/zybk/detail/im5icxnswvesp8tr
n4z3m8ba20xw4ul1,560216,全媒体广告策划与营销,高职（专科）,1060,新闻传播,106056,广播影视类,10605602,2025,本专业培养掌握全媒体广告策划与营销专业知识和技术技能，具备职业综合素质和行动能力，面向广告业的广告设计师、全媒体运营师等职业，能够从事广告策划、图片及音视频制作、新媒体编辑、数据采集与分析、全媒体运营与推广等工作的高技能人才。,https://gaokao.chsi.com.cn/zyk/zybk/detail/n4z3m8ba20xw4ul1
lkvsb4l3dnlchrak,560217,数字影像档案技术,高职（专科）,1060,新闻传播,106056,广播影视类,10605602,,,https://gaokao.chsi.com.cn/zyk/zybk/detail/lkvsb4l3dnlchrak
213770644,570101,早期教育,高职（专科）,1060,教育与体育,106057,教育类,10605701,2025,本专业培养掌握早期教育专业知识和技术技能，具备职业综合素质和行动能力，面向学前教育领域的婴幼儿发展引导员、保育师职业，能够从事婴幼儿照护服务、早期教育机构保教、早期教育咨询指导等工作的高素质教育工作者。,https://gaokao.chsi.com.cn/zyk/zybk/detail/213770644
73388373,570102,学前教育,高职（专科）,1060,教育与体育,106057,教育类,10605701,2025,本专业培养掌握本专业知识和技术技能，具备职业综合素质和行动能力，面向教育行业的幼儿园教师职业，能够从事学前教育等工作的高素质教育工作者。,https://gaokao.chsi.com.cn/zyk/zybk/detail/73388373
213808572,570103,小学教育,高职（专科）,1060,教育与体育,106057,教育类,10605701,2025,本专业培养掌握本专业知识和技术技能，具备职业综合素质和行动能力，面向教育行业的小学教师岗位 （群），能够从事小学教师等工作的高素质教育工作者。,https://gaokao.chsi.com.cn/zyk/zybk/detail/213808572
73388321,570104,小学语文教育,高职（专科）,1060,教育与体育,106057,教育类,10605701,2025,本专业培养掌握本专业知识和技术技能，具备职业综合素质和行动能力，面向教育行业的小学教育教师、小学语文教师职业，能够从事小学语文教育教学等工作的高素质教育工作者。,https://gaokao.chsi.com.cn/zyk/zybk/detail/73388321
73388325,570105,小学数学教育,高职（专科）,1060,教育与体育,106057,教育类,10605701,2025,本专业培养掌握本专业知识和技术技能，具备职业综合素质和行动能力，面向教育行业的小学教育教师、小学数学教师职业，能够从事小学数学教育教学等工作的高素质教育工作者。,https://gaokao.chsi.com.cn/zyk/zybk/detail/73388325
73388329,570106,小学英语教育,高职（专科）,1060,教育与体育,106057,教育类,10605701,2025,本专业培养掌握本专业知识和技术技能，具备职业综合素质和行动能力，面向初等教育行业的小学英语教师岗位 （群），能够从事小学英语教师等工作的高素质教育工作者。,https://gaokao.chsi.com.cn/zyk/zybk/detail/73388329
ysjbs5pmgwyfvzrq,570107,小学科学教育,高职（专科）,1060,教育与体育,106057,教育类,10605701,2025,本专业培养掌握本专业知识和技术技能，具备职业综合素质和行动能力，面向教育行业的小学教育教师、小学科学教师、科技辅导员职业，能够从事小学科学教育教学等工作的高素质教育工作者。,https://gaokao.chsi.com.cn/zyk/zybk/detail/ysjbs5pmgwyfvzrq
73388353,570108,音乐教育,高职（专科）,1060,教育与体育,106057,教育类,10605701,2025,本专业培养掌握扎实的科学文化基础和思想政治理论、教育教学基础理论、音乐艺术学科知识，具备职业综合素质和行动能力，面向教育行业的小学教育教师、小学音乐教师职业，能够从事小学音乐教育教学等工作的高素质教育工作者。,https://gaokao.chsi.com.cn/zyk/zybk/detail/73388353
73388357,570109,美术教育,高职（专科）,1060,教育与体育,106057,教育类,10605701,2025,本专业培养掌握本专业知识和技术技能，具备职业综合素质和行动能力，面向教育行业的小学教育教师、小学美术教师职业，能够从事小学美术教育等工作的高素质教育工作者。,https://gaokao.chsi.com.cn/zyk/zybk/detail/73388357
73388361,570110,体育教育,高职（专科）,1060,教育与体育,106057,教育类,10605701,2025,本专业培养掌握本专业知识和技术技能，具备职业综合素质和行动能力，面向教育行业的小学教育教师、小学体育教师职业，能够从事小学体育教育教学工作和社会体育教育指导等工作的高素质教育工作者。,https://gaokao.chsi.com.cn/zyk/zybk/detail/73388361
73388365,570111,小学道德与法治教育,高职（专科）,1060,教育与体育,106057,教育类,10605701,2025,本专业培养掌握扎实的科学文化基础和思想政治理论、教育教学基础理论、道德、法治相关学科知识，具备职业综合素质和行动能力，面向教育行业的小学教育教师、小学道德与法治教育教师岗位 （群），能够从事小学道德与法治教学和德育等工作的高素质教育工作者。,https://gaokao.chsi.com.cn/zyk/zybk/detail/73388365
73388417,570112,舞蹈教育,高职（专科）,1060,教育与体育,106057,教育类,10605701,2025,本专业培养掌握本专业知识和技术技能，具备职业综合素质和行动能力，面向教育行业的小学教育教师、小学舞蹈教师、社会艺术机构舞蹈教师职业或岗位 （群），能够从事小学、社会艺术机构舞蹈教师职业群等工作的高素质教育工作者。,https://gaokao.chsi.com.cn/zyk/zybk/detail/73388417
73388429,570113,艺术教育,高职（专科）,1060,教育与体育,106057,教育类,10605701,2025,本专业培养掌握本专业知识和技术技能，具备职业综合素质和行动能力，面向教育行业的艺术教育、小学艺术教育教师岗位 （群），能够从事小学艺术教育等工作的高素质教育工作者。,https://gaokao.chsi.com.cn/zyk/zybk/detail/73388429
73388381,570114,特殊教育,高职（专科）,1060,教育与体育,106057,教育类,10605701,2025,本专业培养掌握本专业知识和技术技能，具备职业综合素质和行动能力，面向教育行业的特殊教育教师岗位 （群），能够从事特殊儿童教育教学、特殊儿童早期康复、融合教育等工作的高素质教育工作者。,https://gaokao.chsi.com.cn/zyk/zybk/detail/73388381
73388377,570115,现代教育技术,高职（专科）,1060,教育与体育,106057,教育类,10605701,2025,本专业培养掌握本专业知识和技术技能，具备职业综合素质和行动能力，面向教育行业的小学信息技术教师、在线学习指导教师等岗位 （群），能够从事小学信息技术教育教学和在线学习服务指导等工作的高素质教育工作者。,https://gaokao.chsi.com.cn/zyk/zybk/detail/73388377
kyhnypvt5sg0oscn,570116,心理健康教育,高职（专科）,1060,教育与体育,106057,教育类,10605701,2025,本专业培养德智体美劳全面发展，掌握扎实的科学文化基础和思想政治理论、教育教学基础理论、心理学知识等，具备良好的人文素养、科学素养和创新意识，较强的课程设计与实施、班级建设与管理、数字化教育技术应用、终身学习等能力，具有工匠精神和信息素养，能够从事小学、幼儿园心理健康教育教学等工作的高素质教育工作者。,https://gaokao.chsi.com.cn/zyk/zybk/detail/kyhnypvt5sg0oscn
73388225,570201,商务英语,高职（专科）,1060,教育与体育,106057,语言类,10605702,2025,本专业培养掌握本专业知识和技术技能，具备职业综合素质和行动能力，面向商务服务业、批发业和零售业等行业的翻译人员、商务专业人员、销售人员和电子商务服务人员等职业，能够从事商务翻译、外贸业务、跨境电商运营、涉外商务服务等工作的高技能人才。,https://gaokao.chsi.com.cn/zyk/zybk/detail/73388225
73388201,570202,应用英语,高职（专科）,1060,教育与体育,106057,语言类,10605702,2025,本专业培养掌握专业知识和技术技能，具备职业综合素质和行动能力，面向商务服务业等行业的翻译人员、行政事务处理人员等职业，能够从事英语翻译、涉外文秘、涉外企业服务、外事服务等工作的高技能人才。,https://gaokao.chsi.com.cn/zyk/zybk/detail/73388201
73388229,570203,旅游英语,高职（专科）,1060,教育与体育,106057,语言类,10605702,2025,本专业培养掌握专业知识和技术技能，具备职业综合素质和行动能力，面向商务服务业等行业的商务旅游翻译、涉外酒店服务、出入境业务服务等岗位（群），能够从事中英文导游、出境领队、涉外酒店服务和出入境服务等工作的高技能人才。,https://gaokao.chsi.com.cn/zyk/zybk/detail/73388229
73388221,570204,应用韩语,高职（专科）,1060,教育与体育,106057,语言类,10605702,2025,本专业培养掌握专业知识和技术技能，具备职业综合素质和行动能力，面向商务服务业、批发业和零售业等行业的商务专业人员、翻译人员、电子商务服务人员等职业，能够从事韩语相关的国际贸易、跨境电商、商务翻译、涉外旅游等工作的高技能人才。,https://gaokao.chsi.com.cn/zyk/zybk/detail/73388221
73388233,570205,商务日语,高职（专科）,1060,教育与体育,106057,语言类,10605702,2025,本专业培养掌握专业知识和技术技能，具备职业综合素质和行动能力，面向商务服务业、批发业、零售业等行业的翻译人员、商务专业人员、销售人员、电子商务服务人员、商务咨询服务人员等职业，能够从事商务日语翻译、对日进出口业务、对日跨境电子商务运营、涉日商务事务处理等工作的高技能人才。,https://gaokao.chsi.com.cn/zyk/zybk/detail/73388233
73388205,570206,应用日语,高职（专科）,1060,教育与体育,106057,语言类,10605702,2025,本专业培养掌握专业知识和技术技能，具备职业综合素质和行动能力，面向商务服务业、批发业与零售业等行业的翻译人员、商务专业人员、销售人员、电子商务服务人员、商务咨询服务人员等职业，能够从事日语翻译、涉日企业服务等工作的高技能人才。,https://gaokao.chsi.com.cn/zyk/zybk/detail/73388205
73388237,570207,旅游日语,高职（专科）,1060,教育与体育,106057,语言类,10605702,2025,本专业培养掌握本专业知识和技术技能，具备职业综合素质和行动能力，面向商务服务业等行业的旅游及公共游览场所服务人员、住宿服务人员等职业，能够从事日语导游、旅行社计调、旅游咨询、酒店服务等工作的高技能人才。,https://gaokao.chsi.com.cn/zyk/zybk/detail/73388237
3gqpfkj6mcka3o3p,570208,应用外语,高职（专科）,1060,教育与体育,106057,语言类,10605702,2025,本专业培养德智体美劳全面发展，掌握扎实的科学文化基础和较为扎实的外语语言基础、基本的翻译技巧和翻译方法、跨境电商和商务沟通等知识，具备良好的外语综合运用能力、跨境电商运营能力、翻译能力、涉外沟通等能力，具有精益求精的职业精神和信息素养，能够从事应用外语相关的跨境电商运营、外文译后编辑、涉外商务沟通与服务等工作的高素质技术技能人才。,https://gaokao.chsi.com.cn/zyk/zybk/detail/3gqpfkj6mcka3o3p
73388197,570209,中文,高职（专科）,1060,教育与体育,106057,语言类,10605702,2025,本专业培养德智体美劳全面发展，掌握扎实的科学文化基础和中国语言文学、文化等知识，具备良好的阅读、鉴赏、写作和口语表达等能力，具有良好的职业精神和信息素养，能够从事国家通用语言文字教学与推广、文案写作与编辑、文化活动策划、宣传与管理等工作的高素质技术技能人才。,https://gaokao.chsi.com.cn/zyk/zybk/detail/73388197
73388209,570210,应用俄语,高职（专科）,1060,教育与体育,106057,语言类,10605702,2025,本专业培养掌握本专业知识和技术技能，具备职业综合素质和行动能力，面向商务服务业、批发业和零售业等行业的翻译人员、商务专业人员、销售人员、电子商务服务人员、旅游及公共游览场所服务人员等职业，能够从事涉俄商务翻译、国际贸易、跨境电商、客户服务、旅游服务等工作的高技能人才。,https://gaokao.chsi.com.cn/zyk/zybk/detail/73388209
73388217,570211,应用法语,高职（专科）,1060,教育与体育,106057,语言类,10605702,2025,本专业培养掌握本专业知识和技术技能，具备职业综合素质和行动能力，面向商务服务业、批发业和零售业等行业的翻译人员、商务专业人员、销售人员、电子商务服务人员、旅游及公共游览场所服务人员等职业，能够从事商务翻译、国际贸易、跨境电商销售与客服、涉外旅游服务等工作的高技能人才。,https://gaokao.chsi.com.cn/zyk/zybk/detail/73388217
73388261,570212,应用西班牙语,高职（专科）,1060,教育与体育,106057,语言类,10605702,2025,本专业培养掌握本专业知识和技术技能，具备职业综合素质和行动能力，面向商务服务业、批发业和零售业等行业的翻译人员、销售人员、商务专业人员、电子商务服务人员、旅游及公共游览场所服务人员等职业，能够从事商务翻译、国际贸易、跨境电商运营、客户服务、涉外旅游服务等工作的高技能人才。,https://gaokao.chsi.com.cn/zyk/zybk/detail/73388261
73388213,570213,应用德语,高职（专科）,1060,教育与体育,106057,语言类,10605702,2025,本专业培养掌握本专业知识和技术技能，具备职业综合素质和行动能力，面向商务服务业、批发业和零售业等行业的翻译人员、销售人员、电子商务服务人员、商务专业人员、旅游及公共游览场所服务人员等职业，能够从事商务翻译、跨境电商、客户服务、旅游服务等工作的高技能人才。,https://gaokao.chsi.com.cn/zyk/zybk/detail/73388213
73388277,570214,应用泰语,高职（专科）,1060,教育与体育,106057,语言类,10605702,2025,本专业培养掌握本专业知识和技术技能，具备职业综合素质和行动能力，面向商务服务业、批发业和零售业等行业的翻译人员、商务专业人员、旅游及公共游览场所服务人员等职业，能够从事泰语翻译、涉泰商贸服务、跨境电商运营、涉泰旅游服务等工作的高技能人才。,https://gaokao.chsi.com.cn/zyk/zybk/detail/73388277
73388273,570215,应用越南语,高职（专科）,1060,教育与体育,106057,语言类,10605702,2025,本专业培养掌握本专业知识和技术技能，具备职业综合素质和行动能力，面向商务服务业等行业的翻译人员、商务专业人员、商务咨询服务人员、旅游及公共游览场所服务人员等职业，能够从事越南语翻译、涉越旅游服务和跨境电子商务等工作的高技能人才。,https://gaokao.chsi.com.cn/zyk/zybk/detail/73388273
73388265,570216,应用阿拉伯语,高职（专科）,1060,教育与体育,106057,语言类,10605702,2025,本专业培养德智体美劳全面发展，掌握扎实的科学文化基础和较为扎实的阿拉伯语语言基础、基本的翻译技巧和翻译方法、国际商贸业务等知识，具备良好的阿拉伯语语言表达、陪同口译及资料翻译、涉外业务处理等能力，具有精益求精的职业精神和信息素养，能够从事阿拉伯语相关的国际贸易、跨境电商运营、跨境电商客服、涉外商务服务、陪同翻译等工作的高素质技术技能人才。,https://gaokao.chsi.com.cn/zyk/zybk/detail/73388265
73388457,570301,社会体育,高职（专科）,1060,教育与体育,106057,体育类,10605703,2025,本专业培养掌握本专业知识和技术技能，具备职业综合素质和行动能力，面向商务服务业、体育、娱乐业、体育社会团体行业的社会体育指导员、社会体育活动组织管理人员、国民体质监测服务人员等岗位（群），能够从事全民健身体育项目指导与培训、社会体育活动的组织管理、国民体质监测服务等工作的高技能人才。,https://gaokao.chsi.com.cn/zyk/zybk/detail/73388457
b3lr4pscqpgt5zqy,570302,休闲体育,高职（专科）,1060,教育与体育,106057,体育类,10605703,2025,本专业培养掌握本专业知识和技术技能，具备职业综合素质和行动能力，面向体育行业的健身和娱乐场所服务人员，其他健康、体育和休闲服务人员岗位（群），能够从事休闲体育运动项目指导、活动与赛事的组织管理、休闲体育旅游的策划推广工作的高技能人才。,https://gaokao.chsi.com.cn/zyk/zybk/detail/b3lr4pscqpgt5zqy
73388453,570303,运动训练,高职（专科）,1060,教育与体育,106057,体育类,10605703,2025,本专业培养掌握本专业知识和技术技能，具备职业综合素质和行动能力，面向体育和教育行业的教练员、裁判员等职业，能够从事训练指导、竞赛指导、体育竞赛组织与裁判等工作的高技能人才。,https://gaokao.chsi.com.cn/zyk/zybk/detail/73388453
164253395,570304,民族传统体育,高职（专科）,1060,教育与体育,106057,体育类,10605703,2025,本专业培养掌握本专业知识和技术技能，具备职业综合素质和行动能力，面向体育、娱乐业、体育社会团体行业的体育专业人员、健身和娱乐场所服务人员等职业，能够从事民族传统体育运动项目指导、教学与培训、活动与赛事组织管理、表演创编等工作的高技能人才。,https://gaokao.chsi.com.cn/zyk/zybk/detail/164253395
gzaqh9zocz9awe8m,570305,运动防护,高职（专科）,1060,教育与体育,106057,体育类,10605703,2025,本专业培养德智体美劳全面发展，掌握扎实的科学文化基础和运动人体科学、运动防护、康复治疗等知识，具备运动损伤和疾病的预防、评估、急救、治疗、康复等能力，具有工匠精神和信息素养，能够从事运动损伤和疾病预防、运动损伤和疾病的现场急救、运动损伤和疾病的康复指导，以及运动防护宣传和管理等工作的高素质技术技能人才。,https://gaokao.chsi.com.cn/zyk/zybk/detail/gzaqh9zocz9awe8m
73388461,570306,体育保健与康复,高职（专科）,1060,教育与体育,106057,体育类,10605703,2025,本专业培养德智体美劳全面发展，掌握扎实的科学文化基础和运动人体科学、运动医学、康复评定与治疗等知识，具备运动康复治疗、传统保健康复等能力，能够从事运动损伤康复治疗、运动保健等工作的高素质技术技能人才。,https://gaokao.chsi.com.cn/zyk/zybk/detail/73388461
437286940,570307,健身指导与管理,高职（专科）,1060,教育与体育,106057,体育类,10605703,2025,本专业培养掌握本专业知识和技术技能，具备职业综合素质和行动能力，面向体育行业的体育专业人员、体育健身和娱乐场所服务人员等职业，能够从事运动功能筛查与教学、体态评估与纠正、运动营养咨询与指导、健身教学与训练、健身咨询与指导、健身客户服务与管理等工作的高技能人才。,https://gaokao.chsi.com.cn/zyk/zybk/detail/437286940
g5ovnhscd2bzckxg,570308,运动健康指导,高职（专科）,1060,教育与体育,106057,体育类,10605703,2025,本专业培养掌握本专业知识和技术技能，具备职业综合素质和行动能力，面向体育行业的保健服务人员、体育健身和娱乐场所服务人员、健康咨询服务人员职业，能够从事运动健康指导、运动测试与功能评估、健康管理、出具运动处方等工作的高技能人才。,https://gaokao.chsi.com.cn/zyk/zybk/detail/g5ovnhscd2bzckxg
nbuyh14ofuhos1zi,570309,运动数据分析,高职（专科）,1060,教育与体育,106057,体育类,10605703,2025,本专业培养掌握本专业知识和技术技能，具备职业综合素质和行动能力，面向体育行业的运动数据分析、健康咨询服务等岗位 （群），能够从事运动数据采集与分析、体育竞赛数据分析等工作的高技能人才。,https://gaokao.chsi.com.cn/zyk/zybk/detail/nbuyh14ofuhos1zi
e896smfzpawp5jzu,570310,体能训练,高职（专科）,1060,教育与体育,106057,体育类,10605703,2025,本专业培养掌握本专业知识和技术技能，具备职业综合素质和行动能力，面向体育行业的体育专业人员，健身和娱乐场所服务人员，其他文化、体育和娱乐服务人员职业，能够从事儿童青少年体能训练、体育俱乐部体能训练、运动队体能训练指导工作的高技能人才。,https://gaokao.chsi.com.cn/zyk/zybk/detail/e896smfzpawp5jzu
stizacgu4sjm4ouh,570311,体育运营与管理,高职（专科）,1060,教育与体育,106057,体育类,10605703,2025,本专业培养掌握体育运营与管理专业知识和技术技能，具备职业综合素质和行动能力，面向体育服务领域，能够从事体育各类机构管理与服务、体育赛事执行、体育经纪、体育市场营销等工作的高技能人才。,https://gaokao.chsi.com.cn/zyk/zybk/detail/stizacgu4sjm4ouh
uuwz73uod0gqsv69,570312,电子竞技运动与管理,高职（专科）,1060,教育与体育,106057,体育类,10605703,2025,本专业培养掌握电子竞技专业知识和技术技能，具备职业综合素质和行动能力，面向体育行业，能够从事电子竞技活动策划与执行、内容加工与推广等工作的高技能人才。,https://gaokao.chsi.com.cn/zyk/zybk/detail/uuwz73uod0gqsv69
enyxnsuvupaav99g,570313,高尔夫球运动与管理,高职（专科）,1060,教育与体育,106057,体育类,10605703,2025,本专业培养德智体美劳全面发展，掌握扎实的科学文化基础和高尔夫球等知识，具备高尔夫球运动与管理等能力，能够从事高尔夫球运动指导、高尔夫球服务与管理等工作的高素质技术技能人才。,https://gaokao.chsi.com.cn/zyk/zybk/detail/enyxnsuvupaav99g
7izzufzr6a182c7o,570314,冰雪运动与管理,高职（专科）,1060,教育与体育,106057,体育类,10605703,2025,本专业培养掌握冰雪运动与管理专业知识和技术技能，具备职业综合素质和行动能力，面向体育行业，能够从事大众滑雪指导、启蒙滑冰教练、滑雪救援、冰场巡冰、冰雪场馆运营维护、冰雪赛事保障、客服体验服务等工作的高技能人才。,https://gaokao.chsi.com.cn/zyk/zybk/detail/7izzufzr6a182c7o
ujab5d14urqpn9iw,570315,冰雪设施运维与管理,高职（专科）,1060,教育与体育,106057,体育类,10605703,2025,本专业培养德智体美劳全面发展，掌握扎实的科学文化基础和机械基础、电气控制、冰雪运动及冰雪体育赛事等知识，具备冰雪设施操作使用、冰雪设施安全管理、冰雪场地运营管理等能力，具有工匠精神和信息素养，能够从事造压雪、索道、浇冰、制冰等设备操作维护及冰雪场地和器材的布置、调试等工作的高素质技术技能人才。,https://gaokao.chsi.com.cn/zyk/zybk/detail/ujab5d14urqpn9iw
320924444,570316,体育艺术表演,高职（专科）,1060,教育与体育,106057,体育类,10605703,2025,本专业培养掌握体育艺术表演专业知识和技术技能，具备职业综合素质和行动能力，面向体育、娱乐行业，能够从事体育艺术表演项目的指导、教学与培训、活动策划组织、表演创编等工作的高技能人才。,https://gaokao.chsi.com.cn/zyk/zybk/detail/320924444
iabipjzob4wi9ar0,570317,足球运动与管理,高职（专科）,1060,教育与体育,106057,体育类,10605703,,,https://gaokao.chsi.com.cn/zyk/zybk/detail/iabipjzob4wi9ar0
73388749,580101,治安管理,高职（专科）,1060,公安与司法,106058,公安管理类,10605801,2025,培养掌握治安管理专业基础理论、基本知识和基本技能，具有较强的群众工作能力以及处理治安案件能力的高等应用型人才。主要课程有：治安管理学、法学、侦查学、刑事技术、户口管理、出入境管理、交通管理、计算机应用、散打、驾驶、文书写作等。,https://gaokao.chsi.com.cn/zyk/zybk/detail/73388749
73388753,580102,道路交通管理,高职（专科）,1060,公安与司法,106058,公安管理类,10605801,2025,本专业培养熟练掌握有关法律法规和现代道路管理科学基础理论、基本技能，从事道路交通指挥、交通事故处理、公安交通和车辆管理工作的较高层次应用型专门人才。主要课程有政治理论、英语、计算机、公安学基本理论、道路交通法规、民事法律、交通心理学、道路交通管理、交通工程、车辆管理、事故摄影、治安管理等。就业方向：公安机关交通指挥、秩序管理和事故处理等的工作岗位。,https://gaokao.chsi.com.cn/zyk/zybk/detail/73388753
320924588,580103,特警,高职（专科）,1060,公安与司法,106058,公安管理类,10605801,,,https://gaokao.chsi.com.cn/zyk/zybk/detail/320924588
73388777,580104,警务指挥与战术,高职（专科）,1060,公安与司法,106058,公安管理类,10605801,2025,"培养目标：培养熟悉我国公安工作的方针政策和相关的法律法规，掌握警察战术、警察战斗指挥、警察缉捕等方面的基本知识和技能，能从事公安执法、战斗指挥与参谋工作的高级技术应用性专门人才。
      专业核心能力：具有警察执法战斗与协助指挥、战术应用的能力。
      专业主干课程与主要实践环节：警察战术学、警察战斗指挥学、武器警械器材与保障、警察识图与应用、警察缉捕战术、巡逻盘查与清查战术、交通工具查控术、警察协同战术、报警与警察指挥自动化、警察战术谋略、基层公安机关实习、社会调查等，以及各校的主要特色课程和实践环节。
      就业面向：公安机关与部门。",https://gaokao.chsi.com.cn/zyk/zybk/detail/73388777
73388789,580201,刑事科学技术,高职（专科）,1060,公安与司法,106058,公安技术类,10605802,,,https://gaokao.chsi.com.cn/zyk/zybk/detail/73388789
73388765,580202,网络安全与执法,高职（专科）,1060,公安与司法,106058,公安技术类,10605802,2025,本专业培养知识、能力、素质协调发展，能适应公共信息网络安全监察工作需要的复合型、高等应用型人才。主要开设网络信息监察概论、C语言程序及应用、数据库原理及应用、JAVA语言程序设计、计算机犯罪案件侦查与取证技术、入侵检测与防火墙技术、信息安全技术基础、公安管理、治安管理、刑事侦查、刑事技术、警用铁路技术、擒敌、射击、驾驶训练等课程。,https://gaokao.chsi.com.cn/zyk/zybk/detail/73388765
164255729,580203,警犬技术,高职（专科）,1060,公安与司法,106058,公安技术类,10605802,,,https://gaokao.chsi.com.cn/zyk/zybk/detail/164255729
73388737,580301,刑事侦查,高职（专科）,1060,公安与司法,106058,侦查类,10605803,2025,"培养目标：培养从事刑事侦查和刑事执法等方面工作的实用型人才。
课程设置：本专业开设政治理论、外语、计算机、形式逻辑、大学语文等公共基础课；开设刑法、刑事诉讼法、行政法、犯罪心理学、射击、擒拿格斗、查缉战术、治安管理学、公安应用写作、刑事情报等专业基础课；开设现场勘查、侦查措施与策略、案件侦查、刑事技术、侦查讯问等课程。
",https://gaokao.chsi.com.cn/zyk/zybk/detail/73388737
73388745,580302,政治安全保卫,高职（专科）,1060,公安与司法,106058,侦查类,10605803,,,https://gaokao.chsi.com.cn/zyk/zybk/detail/73388745
73388741,580303,经济犯罪侦查,高职（专科）,1060,公安与司法,106058,侦查类,10605803,2025,本专业培养知识、能力、素质协调发展，能适应在一线公安机关从事经济犯罪侦查工作的高等应用型人才。主要开设经济犯罪案件侦查措施与策略、金融犯罪案件侦查、涉税经济犯罪案件侦查、走私犯罪案件侦查、公司犯罪案件侦查、市场犯罪案件侦查、知识产权犯罪案件侦查、犯罪心理学、刑事侦查、警用铁路技术、刑法、刑诉法、经济法、铁路站车查缉战术、擒敌、射击、驾驶训练等课程。,https://gaokao.chsi.com.cn/zyk/zybk/detail/73388741
73388773,580304,禁毒,高职（专科）,1060,公安与司法,106058,侦查类,10605803,,,https://gaokao.chsi.com.cn/zyk/zybk/detail/73388773
73388817,580401,法律事务,高职（专科）,1060,公安与司法,106058,法律实务类,10605804,2025,本专业培养掌握法律事务专业知识和技术技能，具备职业综合素质和行动能力，面向法律服务行业和国家行政机构，能够从事基层法律服务助理、中小企业法务等工作的高技能人才。,https://gaokao.chsi.com.cn/zyk/zybk/detail/73388817
73388809,580402,法律文秘,高职（专科）,1060,公安与司法,106058,法律实务类,10605804,2025,本专业培养掌握本专业知识和技术技能，具备职业综合素质和行动能力，面向人民法院、人民检察院等司法机关的审判辅助人员和法律服务机构的行政事务处理人员岗位 （群），能够从事法律实务部门书记员、秘书、速录师等工作的高技能人才。,https://gaokao.chsi.com.cn/zyk/zybk/detail/73388809
73388825,580403,检察事务,高职（专科）,1060,公安与司法,106058,法律实务类,10605804,2025,本专业培养德智体美劳全面发展，掌握扎实的科学文化基础和法律基础、检察业务等知识，具备制作与校对检察机关法律文书、整卷归档、检察业务速记速录等能力，具有强烈的社会责任感、忠诚奉献担当精神、法治意识和信息素养，能够从事检察辅助文员、检察服务事务办理等工作的高素质技术技能人才。,https://gaokao.chsi.com.cn/zyk/zybk/detail/73388825
73388829,580501,刑事执行,高职（专科）,1060,公安与司法,106058,法律执行类,10605805,2025,本专业培养德智体美劳全面发展，掌握扎实的科学文化基础和刑事法律基础知识、监狱基础理论和刑罚执行基础等知识，具备执行刑罚、管理罪犯等能力，具有强烈的社会责任感、忠诚奉献担当精神、法治意识和信息素养，能够从事刑罚执行和罪犯管理等工作的高素质技术技能人才。,https://gaokao.chsi.com.cn/zyk/zybk/detail/73388829
73388833,580502,民事执行,高职（专科）,1060,公安与司法,106058,法律执行类,10605805,2025,本专业培养德智体美劳全面发展，掌握扎实的科学文化基础和民事执行法律原理及实务操作等知识，具备一定的执行事务处理技能和沟通协调能力，具有强烈社会责任感、忠诚奉献担当精神、法治意识和信息素养，能够从事民事执行辅助工作的高素质技术技能人才。,https://gaokao.chsi.com.cn/zyk/zybk/detail/73388833
73388837,580503,行政执行,高职（专科）,1060,公安与司法,106058,法律执行类,10605805,2025,本专业培养德智体美劳全面发展，掌握扎实的科学文化基础和强制隔离戒毒基础理论等知识，具备司法行政戒毒机构执法与管理能力，具有强烈社会责任感、忠诚奉献担当精神、法治意识和信息素养，能够从事强制隔离戒毒工作的高素质技术技能人才。,https://gaokao.chsi.com.cn/zyk/zybk/detail/73388837
73388813,580504,司法警务,高职（专科）,1060,公安与司法,106058,法律执行类,10605805,2025,本专业培养德智体美劳全面发展，掌握扎实的科学文化基础和司法警务理论等知识，具备审判秩序维护、执行现场秩序维护等能力，具有强烈社会责任感、忠诚奉献担当精神、法治意识和信息素养，能够从事司法审判警务保障、法院执行警务保障辅助工作的高素质技术技能人才。,https://gaokao.chsi.com.cn/zyk/zybk/detail/73388813
73388849,580505,社区矫正,高职（专科）,1060,公安与司法,106058,法律执行类,10605805,2025,本专业培养掌握本专业知识和技术技能，具备职业综合素质和行动能力，面向司法行政机关社区矫正机构工作人员和社会工作者、社区矫正监管执法工作和社区矫正社会工作等岗位 （群），能够从事社区矫正监管执法、教育帮扶等工作的高技能人才。,https://gaokao.chsi.com.cn/zyk/zybk/detail/73388849
5o3qmvoosxo3jsnb,580506,专门矫治教育,高职（专科）,1060,公安与司法,106058,法律执行类,10605805,,,https://gaokao.chsi.com.cn/zyk/zybk/detail/5o3qmvoosxo3jsnb
73388857,580601,刑事侦查技术,高职（专科）,1060,公安与司法,106058,司法技术类,10605806,2025,本专业培养德智体美劳全面发展，掌握扎实的科学文化基础和狱内案件侦查、狱内犯罪预防等知识，具备狱情分析研判、狱内案件侦破、突发事件处置等能力，具有强烈社会责任感、忠诚奉献担当精神、法治意识和信息素养，能够从事狱内侦查、监狱特警等工作的高素质技术技能人才。,https://gaokao.chsi.com.cn/zyk/zybk/detail/73388857
73388869,580602,司法信息技术,高职（专科）,1060,公安与司法,106058,司法技术类,10605806,2025,本专业培养德智体美劳全面发展，掌握扎实的科学文化基础和网络运行维护技术、综合信息管理系统运行维护技术和安全防范技术基础理论等知识，具备网络运维、信息管理系统运维和安防系统运维等能力，具有强烈社会责任感、忠诚奉献担当精神、法治意识和信息素养，能够从事安防系统和信息系统运行维护等工作的高素质技术技能人才。,https://gaokao.chsi.com.cn/zyk/zybk/detail/73388869
73388861,580603,司法鉴定技术,高职（专科）,1060,公安与司法,106058,司法技术类,10605806,2025,本专业培养掌握本专业知识和技术技能，具备职业综合素质和行动能力，面向法律服务行业司法鉴定机构的文书鉴定和痕迹鉴定等助理岗位群，能够从事文书鉴定、痕迹鉴定等领域检验鉴定辅助工作的高技能人才。,https://gaokao.chsi.com.cn/zyk/zybk/detail/73388861
73388873,580604,司法信息安全,高职（专科）,1060,公安与司法,106058,司法技术类,10605806,2025,本专业培养德智体美劳全面发展，掌握扎实的科学文化基础和监所业务、信息技术、信息安全等知识，具备新一代信息系统运维和安全保障等能力，具有强烈社会责任感、忠诚奉献担当精神、法治意识和信息素养，能够从事监所网络安全和信息化工作的高素质技术技能人才。,https://gaokao.chsi.com.cn/zyk/zybk/detail/73388873
73388881,580605,罪犯心理测量与矫正技术,高职（专科）,1060,公安与司法,106058,司法技术类,10605806,2025,本专业培养德智体美劳全面发展，掌握扎实的科学文化基础和罪犯心理测量与矫正基本理论等知识，具备罪犯心理测量、罪犯心理健康教育与辅导、罪犯心理咨询等能力，具有强烈社会责任感、忠诚奉献担当精神、法治意识和信息素养，能够从事罪犯心理矫正、监狱执法等工作的高素质技术技能人才。,https://gaokao.chsi.com.cn/zyk/zybk/detail/73388881
73388889,580606,戒毒矫治技术,高职（专科）,1060,公安与司法,106058,司法技术类,10605806,2025,本专业培养德智体美劳全面发展，掌握扎实的科学文化基础和戒毒矫治基础理论等知识，具备强制隔离戒毒矫治技术能力，具有强烈社会责任感、忠诚奉献担当精神、法治意识和信息素养，能够从事生理脱毒、教育适应、康复巩固、回归指导等工作的高素质技术技能人才。,https://gaokao.chsi.com.cn/zyk/zybk/detail/73388889
73388865,580701,安全防范技术,高职（专科）,1060,公安与司法,106058,安全防范类,10605807,2025,本专业培养掌握本专业知识和技术技能，具备职业综合素质和行动能力，面向工程技术与设计服务行业的安全工程技术人员等职业，能够从事安防系统方案设计、设备安装与系统调试、系统运维等工作的高技能人才。,https://gaokao.chsi.com.cn/zyk/zybk/detail/73388865
x74av5sg4hy7tbw5,580702,安全保卫管理,高职（专科）,1060,公安与司法,106058,安全防范类,10605807,2025,本专业培养掌握本专业知识和技术技能，具备职业综合素质和行动能力，面向安全保护服务行业的安全保护服务人员、保卫和警务辅助人员等职业，能够从事安保项目管理和警务辅助等工作的高技能人才。,https://gaokao.chsi.com.cn/zyk/zybk/detail/x74av5sg4hy7tbw5
x0ko6i0dwylko95i,580703,智能安防运营管理,高职（专科）,1060,公安与司法,106058,安全防范类,10605807,2025,本专业培养掌握智能安防运营管理专业知识和技术技能，具备职业综合素质和行动能力，面向安全保护服务行业的安全保护服务人员等职业，能够从事报警信息接收、信息研判与处置、监测智能安防系统运行状态、提供系统优化建议等工作的高技能人才。,https://gaokao.chsi.com.cn/zyk/zybk/detail/x0ko6i0dwylko95i
73388065,590101,社会工作,高职（专科）,1060,公共管理与服务,106059,公共事业类,10605901,2025,本专业培养掌握社会工作专业知识和技术技能，具备职业综合素质和行动能力，面向社会工作行业的社会工作者、社会组织专业人员、社区工作者等职业，能够从事社会工作专业服务策划与实施、社会工作服务项目执行、社会工作志愿服务管理、服务资源识别与链接、政策执行与宣传等工作的高技能人才。,https://gaokao.chsi.com.cn/zyk/zybk/detail/73388065
aa8f1gu5x1h361wf,590102,党务工作,高职（专科）,1060,公共管理与服务,106059,公共事业类,10605901,2025,本专业培养掌握党务工作专业知识和技术技能，具备职业综合素质和行动能力，面向中国共产党机关、群众团体、社会团体和其他成员组织的行政业务办理人员职业，能够从事宣传、组织、纪检、党群等方面工作的高技能人才。,https://gaokao.chsi.com.cn/zyk/zybk/detail/aa8f1gu5x1h361wf
73388073,590103,青少年工作与管理,高职（专科）,1060,公共管理与服务,106059,公共事业类,10605901,2025,本专业培养德智体美劳全面发展，掌握扎实的科学文化基础和思想政治教育理论、共青团与少先队工作、社区服务、青少年社会工作、现代教育技术等知识，具备青少年思想政治教育、团队工作、社区服务、青少年活动策划与组织、青少年拓展等能力，具有人文精神和信息素养，能够从事基层共青团与少先队组织、基层社区的青少年事务、社区服务与社区治理等工作的高素质技术技能人才。,https://gaokao.chsi.com.cn/zyk/zybk/detail/73388073
73388069,590104,社区管理与服务,高职（专科）,1060,公共管理与服务,106059,公共事业类,10605901,2025,本专业培养掌握社区管理与服务专业知识和技术技能，具备职业综合素质和行动能力，面向基层群众自治组织行业的社区工作者和城市管理网格员等职业，能够从事政策咨询与动员、公共事务办理与跟进、社区活动策划与实施、社区社会组织指导与扶持等工作的高技能人才。,https://gaokao.chsi.com.cn/zyk/zybk/detail/73388069
73388081,590105,公共关系,高职（专科）,1060,公共管理与服务,106059,公共事业类,10605901,2025,本专业培养德智体美劳全面发展，掌握扎实的科学文化基础和商业经济、经济管理、传播、公共关系等知识，具备公众关系维护、公关活动策划与执行、品牌形象管理、公关传播、舆情监测与管理、危机公关等能力，具有工匠精神和信息素养，能够从事公共关系管理等工作的高素质技术技能人才。,https://gaokao.chsi.com.cn/zyk/zybk/detail/73388081
tmkgizviemox1pvf,590106,公益慈善事业管理,高职（专科）,1060,公共管理与服务,106059,公共事业类,10605901,2025,本专业培养德智体美劳全面发展，掌握扎实的科学文化基础和公益慈善行业基本知识，具备设计和管理公益慈善项目，进行品牌传播、慈善募捐的能力，具有精益求精、守正创新的精神和信息素养，能够从事公益慈善项目策划、执行与评估、公益传播、资源开发与筹款、慈善救助、社团会员服务与管理等工作的高素质技术技能人才。,https://gaokao.chsi.com.cn/zyk/zybk/detail/tmkgizviemox1pvf
tw0zkaxpbrl716ic,590107,政务服务,高职（专科）,1060,公共管理与服务,106059,公共事业类,10605901,,,https://gaokao.chsi.com.cn/zyk/zybk/detail/tw0zkaxpbrl716ic
73388109,590201,民政服务与管理,高职（专科）,1060,公共管理与服务,106059,公共管理类,10605902,2025,本专业培养德智体美劳全面发展，掌握扎实的科学文化基础和民政政策法规与标准、民政历史和文化、民政和社会事务服务与管理、彩票活动管理等知识，具备民政执法、社会福利、社会救助、社会事务管理和彩票市场管理、民政数字化信息化等能力，具有工匠精神和信息素养，能够从事民政和社会事务服务与管理、彩票营销与管理等工作的高素质技术技能人才。,https://gaokao.chsi.com.cn/zyk/zybk/detail/73388109
73388117,590202,人力资源管理,高职（专科）,1060,公共管理与服务,106059,公共管理类,10605902,2025,本专业培养掌握人力资源管理专业知识和技术技能，具备职业综合素质和行动能力，面向人力资源服务行业的人力资源管理专业人员、人力资源服务专业人员、企业人力资源管理师职业，能够从事组织内招聘管理、培训管理、员工关系管理、薪酬考核管理、人力共享服务中心及第三方人力资源服务等工作的高技能人才。,https://gaokao.chsi.com.cn/zyk/zybk/detail/73388117
73388121,590203,劳动与社会保障,高职（专科）,1060,公共管理与服务,106059,公共管理类,10605902,2025,本专业培养德智体美劳全面发展，掌握扎实的科学文化基础和劳动保障法律法规与规章、社会保险、医疗保险、劳动关系等知识，具备社会保险办理、劳动争议预防与处理、劳动执法监督检查等能力，具有工匠精神和信息素养，能够从事社会保险业务经办、医疗保险待遇审核支付、劳动关系协调、劳动保障监察、社保业务代理等工作的高素质技术技能人才。,https://gaokao.chsi.com.cn/zyk/zybk/detail/73388121
320924673,590204,网络舆情监测,高职（专科）,1060,公共管理与服务,106059,公共管理类,10605902,2025,本专业培养德智体美劳全面发展，掌握扎实的科学文化基础和前沿的网络信息传播、国家信息安全、新闻宣传相关的法律法规、网络信息检索与采集等知识，具备信息检索、数据处理、舆情分析及研判处置等能力，具有工匠精神和信息素养，能够从事网络信息监测、舆情引导、危机公关、新媒体运营等工作的高素质技术技能人才。,https://gaokao.chsi.com.cn/zyk/zybk/detail/320924673
73388105,590205,公共事务管理,高职（专科）,1060,公共管理与服务,106059,公共管理类,10605902,2025,本专业培养德智体美劳全面发展，掌握扎实的科学文化基础和公共管理与服务、档案管理、公共关系等知识，具备行政事务处理和协助执法等能力，具有公共服务精神和信息素养，能够从事基层社会服务、办公事务处理和行政执法等工作的高素质技术技能人才。,https://gaokao.chsi.com.cn/zyk/zybk/detail/73388105
73388113,590206,行政管理,高职（专科）,1060,公共管理与服务,106059,公共管理类,10605902,2025,本专业培养德智体美劳全面发展，掌握扎实的科学文化基础和政治理论、法律常识、行政管理等知识，具有沟通协调、日常行政事务处理、行政文书拟写、会议筹备与组织等能力，具有工匠精神和信息素养，能够从事行政事务管理、现代办公管理、会议管理、档案管理、人力资源基础管理等工作的高素质技术技能人才。,https://gaokao.chsi.com.cn/zyk/zybk/detail/73388113
73388145,590207,质量管理与认证,高职（专科）,1060,公共管理与服务,106059,公共管理类,10605902,2025,本专业培养德智体美劳全面发展，掌握扎实的科学文化基础和质量管理、生产管理、认证等知识，具备质量检验、过程控制、计量器具维护、管理咨询等能力，具有工匠精神和信息素养，能够从事质量管理、生产管理、计量管理、体系管理等工作的高素质技术技能人才。,https://gaokao.chsi.com.cn/zyk/zybk/detail/73388145
213808539,590208,知识产权管理,高职（专科）,1060,公共管理与服务,106059,公共管理类,10605902,2025,本专业培养德智体美劳全面发展，掌握扎实的科学文化基础和知识产权管理、知识产权保护、知识产权管理标准化等知识，具备知识产权事务管理、流程管理、信息检索和分析等能力，具有工匠精神和信息素养，能够从事企业知识产权事务管理、知识产权保护事务管理、专利信息分析、知识产权管理标准化认证及咨询服务、科技项目管理、知识产权托管服务等工作的高素质技术技能人才。,https://gaokao.chsi.com.cn/zyk/zybk/detail/213808539
0kskvlhpuk31x70u,590209,职业指导与服务,高职（专科）,1060,公共管理与服务,106059,公共管理类,10605902,2025,本专业培养掌握本专业知识和技术技能，具备职业综合素质和行动能力，面向人力资源服务行业的职业指导师、职业信息分析专业人员、职业培训师等职业，能够从事职业信息收集与分析、职业素质测评、职业指导与咨询、人事代理、高级人才寻访、职业介绍、劳动政策咨询、职业培训及职业生涯规划等工作。,https://gaokao.chsi.com.cn/zyk/zybk/detail/0kskvlhpuk31x70u
cj2z1uu7uxyeq9tc,590210,标准化技术,高职（专科）,1060,公共管理与服务,106059,公共管理类,10605902,2025,本专业培养掌握本专业知识和技术技能，具备职业综合素质和行动能力，面向标准化服务行业的标准化工程技术人员职业，标准化工程师、标准化专员等岗位（群）或标准编审、标准应用和标准监督等技术领域，能够从事标准制定、实施和监督管理等工作。,https://gaokao.chsi.com.cn/zyk/zybk/detail/cj2z1uu7uxyeq9tc
2xzy08y6dxrwgilk,590211,检验检测技术与管理,高职（专科）,1060,公共管理与服务,106059,公共管理类,10605902,,,https://gaokao.chsi.com.cn/zyk/zybk/detail/2xzy08y6dxrwgilk
q8dccv4y35dd9w5v,590212,储备物资储藏与管理,高职（专科）,1060,公共管理与服务,106059,公共管理类,10605902,,,https://gaokao.chsi.com.cn/zyk/zybk/detail/q8dccv4y35dd9w5v
4ns4kx2e1i3w4jgv,590213,劳动关系管理与服务,高职（专科）,1060,公共管理与服务,106059,公共管理类,10605902,,,https://gaokao.chsi.com.cn/zyk/zybk/detail/4ns4kx2e1i3w4jgv
l13jhbt9703hlf3q,590301,现代家政服务与管理,高职（专科）,1060,公共管理与服务,106059,公共服务类,10605903,2025,本专业培养掌握本专业知识和技术技能，具备职业综合素质和行动能力，面向居民服务业，能够从事整理收纳师、家务服务员、婴幼儿发展引导员、养老护理员、保育师、职业培训师等工作的高技能人才。,https://gaokao.chsi.com.cn/zyk/zybk/detail/l13jhbt9703hlf3q
73388161,590302,智慧健康养老服务与管理,高职（专科）,1060,公共管理与服务,106059,公共服务类,10605903,2025,本专业培养掌握本专业知识和技术技能，具备职业综合素质和行动能力，面向老年人、残疾人养护服务行业，能够从事老年照护、老年评估、失智老年人照护、养老机构运营管理、养老服务规划与咨询工作的高技能人才。,https://gaokao.chsi.com.cn/zyk/zybk/detail/73388161
73388165,590303,社区康复,高职（专科）,1060,公共管理与服务,106059,公共服务类,10605903,2025,本专业培养德智体美劳全面发展，掌握扎实的科学文化基础和社区康复理论基础及相关法律法规等知识，具备失智老年人和孤残儿童能力评估、康复训练、生活照护、保健调理、保健按摩等能力，具有奉献爱心精神和信息素养，能够从事社区康复指导、生活照料与护理、社区保健调理、社区保健按摩等工作的高素质技术技能人才。,https://gaokao.chsi.com.cn/zyk/zybk/detail/73388165
213808535,590304,婚庆服务与管理,高职（专科）,1060,公共管理与服务,106059,公共服务类,10605903,2025,本专业培养掌握本专业知识和技术技能，具备职业综合素质和行动能力，面向婚姻服务行业，能够从事婚礼策划、婚庆营销、婚礼设计、婚礼主持等工作的高技能人才。,https://gaokao.chsi.com.cn/zyk/zybk/detail/213808535
73388181,590305,现代殡葬技术与管理,高职（专科）,1060,公共管理与服务,106059,公共服务类,10605903,2025,本专业培养德智体美劳全面发展，掌握扎实的科学文化基础和殡仪服务、遗体防腐整容及相关法律法规等知识，具备殡葬仪式策划、殡葬场景布设、遗体表面防腐、遗体器官重塑等能力，具有工匠精神和信息素养，能够从事遗体接运、殡葬服务接待洽谈、殡葬用品销售、遗体防腐、遗体整容、殡葬仪式策划与主持、临终关怀与哀伤抚慰、殡葬档案管理等工作的高素质技术技能人才。,https://gaokao.chsi.com.cn/zyk/zybk/detail/73388181
3x5di3sa87mu234h,590306,殡葬设备维护技术,高职（专科）,1060,公共管理与服务,106059,公共服务类,10605903,2025,本专业培养掌握本专业知识和技术技能，具备职业综合素质和行动能力，面向殡葬服务行业，能够从事应用殡葬设备进行遗体保存、火化、殡仪、安葬、祭祀等殡葬服务，殡葬设备保养、维护、维修，殡葬设备制造、安装、调试、销售等工作的高技能人才。,https://gaokao.chsi.com.cn/zyk/zybk/detail/3x5di3sa87mu234h
kla5mumu52jvbb88,590307,陵园服务与管理,高职（专科）,1060,公共管理与服务,106059,公共服务类,10605903,2025,本专业培养德智体美劳全面发展，掌握扎实的科学文化基础和殡葬文化、陵园服务、葬祭礼仪、绘图软件、陵园植物及相关法律法规等知识，具备业务接待、方案策划、葬祭仪式组织实施、墓碑设计、墓区设计、陵园植物养护等能力，具有工匠精神和信息素养，能够从事公墓（陵园）接洽引导、安葬服务、祭祀服务、骨灰寄存、墓区产品开发设计、墓园维护管理等工作的高素质技术技能人才。,https://gaokao.chsi.com.cn/zyk/zybk/detail/kla5mumu52jvbb88
ts8ntsmcydgwwnhb,590401,现代文秘,高职（专科）,1060,公共管理与服务,106059,文秘类,10605904,2025,本专业培养掌握本专业知识和技术技能，具备职业综合素质和行动能力，面向办公服务、其他组织管理服务等行业，能够从事文员、秘书、行政助理等工作的高技能人才。,https://gaokao.chsi.com.cn/zyk/zybk/detail/ts8ntsmcydgwwnhb
